id,title_a,title_b,label,similarity_level
1,Ứng dụng Trí tuệ nhân tạo trong phân loại ảnh y tế,Xây dựng ứng dụng di động dựa trên Internet of Things (IoT) cho nhà thông minh,0,NONE
2,Ứng dụng Trí tuệ nhân tạo trong phân loại ảnh y tế,Phân tích và tối ưu hóa hiệu suất của mạng máy tính,0,NONE
3,Ứng dụng Trí tuệ nhân tạo trong phân loại ảnh y tế,Phát triển ứng dụng di động đa nền tảng sử dụng Flutter,0,NONE
4,Ứng dụng Trí tuệ nhân tạo trong phân loại ảnh y tế,Nghiên cứu về lưu trữ dữ liệu đám mây và tích hợp chúng vào ứng dụng,0,NONE
5,Ứng dụng Trí tuệ nhân tạo trong phân loại ảnh y tế,Kiểm thử và đánh giá bảo mật ứng dụng web,0,NONE
6,Ứng dụng Trí tuệ nhân tạo trong phân loại ảnh y tế,Phát triển hệ thống hỗ trợ quyết định dựa trên dữ liệu lớn (Big Data),0,NONE
7,Ứng dụng Trí tuệ nhân tạo trong phân loại ảnh y tế,Phân tích các phương pháp mã hóa dữ liệu trong ứng dụng di động,0,NONE
8,Ứng dụng Trí tuệ nhân tạo trong phân loại ảnh y tế,Tối ưu hóa thuật toán tìm kiếm trong cơ sở dữ liệu,0,NONE
9,Ứng dụng Trí tuệ nhân tạo trong phân loại ảnh y tế,Triển khai mô hình Machine Learning trong việc dự đoán doanh số bán hàng,0,NONE
10,Ứng dụng Trí tuệ nhân tạo trong phân loại ảnh y tế,Phân tích và phát triển ứng dụng chatbot trên nền tảng trí tuệ nhân tạo,1,LOW
11,Ứng dụng Trí tuệ nhân tạo trong phân loại ảnh y tế,Xây dựng hệ thống quản lý dự án trực tuyến,0,NONE
12,Ứng dụng Trí tuệ nhân tạo trong phân loại ảnh y tế,Đánh giá hiệu năng của các kiến trúc máy tính đám mây,0,NONE
13,Ứng dụng Trí tuệ nhân tạo trong phân loại ảnh y tế,Tích hợp công nghệ Blockchain trong ứng dụng giao dịch tài chính,0,NONE
14,Ứng dụng Trí tuệ nhân tạo trong phân loại ảnh y tế,Phân tích và đánh giá các nguy cơ an ninh trong ứng dụng di động,0,NONE
15,Ứng dụng Trí tuệ nhân tạo trong phân loại ảnh y tế,Xây dựng ứng dụng e-commerce với tích hợp thanh toán trực tuyến,0,NONE
16,Ứng dụng Trí tuệ nhân tạo trong phân loại ảnh y tế,Phát triển ứng dụng trợ lý ảo cho việc lập kế hoạch cá nhân,0,NONE
17,Ứng dụng Trí tuệ nhân tạo trong phân loại ảnh y tế,Xây dựng hệ thống quản lý nhân sự và lương bằng CNTT,0,NONE
18,Ứng dụng Trí tuệ nhân tạo trong phân loại ảnh y tế,Nghiên cứu và phát triển giải pháp an ninh mạng,0,NONE
19,Ứng dụng Trí tuệ nhân tạo trong phân loại ảnh y tế,Tối ưu hóa cơ sở dữ liệu NoSQL cho ứng dụng web,0,NONE
20,Ứng dụng Trí tuệ nhân tạo trong phân loại ảnh y tế,Phân tích và cải thiện hiệu suất của ứng dụng trên nền tảng di động,0,NONE
21,Ứng dụng Trí tuệ nhân tạo trong phân loại ảnh y tế,Xây dựng ứng dụng học ngoại ngữ trực tuyến,0,NONE
22,Ứng dụng Trí tuệ nhân tạo trong phân loại ảnh y tế,Phân tích và phát triển hệ thống nhận dạng khuôn mặt,0,NONE
23,Ứng dụng Trí tuệ nhân tạo trong phân loại ảnh y tế,Xây dựng hệ thống quản lý khách hàng (CRM) đa nền tảng,0,NONE
24,Ứng dụng Trí tuệ nhân tạo trong phân loại ảnh y tế,Nghiên cứu và triển khai công nghệ 5G,0,NONE
25,Ứng dụng Trí tuệ nhân tạo trong phân loại ảnh y tế,Xây dựng hệ thống thông tin địa lý (GIS) cho bản đồ trực tuyến,0,NONE
26,Ứng dụng Trí tuệ nhân tạo trong phân loại ảnh y tế,Phân tích và tối ưu hóa cấu trúc dữ liệu của ứng dụng,0,NONE
27,Ứng dụng Trí tuệ nhân tạo trong phân loại ảnh y tế,Phát triển ứng dụng hỗ trợ việc học trực tuyến,0,NONE
28,Ứng dụng Trí tuệ nhân tạo trong phân loại ảnh y tế,Nghiên cứu và triển khai công nghệ truyền dẫn âm thanh/viễn thông,0,NONE
29,Ứng dụng Trí tuệ nhân tạo trong phân loại ảnh y tế,Xây dựng ứng dụng hỗ trợ việc tạo và quản lý lịch trình,0,NONE
30,Ứng dụng Trí tuệ nhân tạo trong phân loại ảnh y tế,Nghiên cứu và triển khai hệ thống giám sát môi trường sử dụng Công nghệ Internet of Things (IoT),0,NONE
31,Ứng dụng Trí tuệ nhân tạo trong phân loại ảnh y tế,Phát triển ứng dụng di động cho việc quản lý công việc cá nhân,0,NONE
32,Ứng dụng Trí tuệ nhân tạo trong phân loại ảnh y tế,Nghiên cứu và triển khai công nghệ trí tuệ nhân tạo trong ứng dụng y tế,2,MEDIUM
33,Ứng dụng Trí tuệ nhân tạo trong phân loại ảnh y tế,Xây dựng hệ thống quản lý tài liệu trực tuyến,0,NONE
34,Ứng dụng Trí tuệ nhân tạo trong phân loại ảnh y tế,Phân tích và phát triển hệ thống gợi ý sản phẩm cho các trang thương mại điện tử,0,NONE
35,Ứng dụng Trí tuệ nhân tạo trong phân loại ảnh y tế,Triển khai hệ thống giám sát mạng máy tính,0,NONE
36,Ứng dụng Trí tuệ nhân tạo trong phân loại ảnh y tế,Xây dựng ứng dụng trò chơi trên nền tảng di động,0,NONE
37,Ứng dụng Trí tuệ nhân tạo trong phân loại ảnh y tế,Nghiên cứu và triển khai công nghệ Blockchain trong lĩnh vực tài chính,0,NONE
38,Ứng dụng Trí tuệ nhân tạo trong phân loại ảnh y tế,Tối ưu hóa và cải thiện hiệu suất cơ sở dữ liệu SQL,0,NONE
39,Ứng dụng Trí tuệ nhân tạo trong phân loại ảnh y tế,Phát triển ứng dụng quản lý học tập trực tuyến,0,NONE
40,Ứng dụng Trí tuệ nhân tạo trong phân loại ảnh y tế,Nghiên cứu về bảo mật và đánh giá rủi ro của ứng dụng web,0,NONE
41,Ứng dụng Trí tuệ nhân tạo trong phân loại ảnh y tế,Phát triển hệ thống dự đoán thời tiết thông qua dữ liệu lớn,0,NONE
42,Ứng dụng Trí tuệ nhân tạo trong phân loại ảnh y tế,Xây dựng hệ thống điều khiển các thiết bị thông qua ứng dụng di động,0,NONE
43,Ứng dụng Trí tuệ nhân tạo trong phân loại ảnh y tế,Phân tích và phát triển hệ thống chấm công nhân viên tự động,0,NONE
44,Ứng dụng Trí tuệ nhân tạo trong phân loại ảnh y tế,Tối ưu hóa và phân tích độ phức tạp của thuật toán,0,NONE
45,Ứng dụng Trí tuệ nhân tạo trong phân loại ảnh y tế,Nghiên cứu và triển khai ứng dụng trợ lý ảo dựa trên trí tuệ nhân tạo,1,LOW
46,Ứng dụng Trí tuệ nhân tạo trong phân loại ảnh y tế,Xây dựng hệ thống quản lý nhà hàng và đặt hàng trực tuyến,0,NONE
47,Ứng dụng Trí tuệ nhân tạo trong phân loại ảnh y tế,Phát triển ứng dụng giao tiếp qua giọng nói,0,NONE
48,Ứng dụng Trí tuệ nhân tạo trong phân loại ảnh y tế,Nghiên cứu về công nghệ ảo hóa và triển khai máy ảo,0,NONE
49,Ứng dụng Trí tuệ nhân tạo trong phân loại ảnh y tế,Phát triển ứng dụng di động cho việc quản lý tài chính cá nhân,0,NONE
50,Ứng dụng Trí tuệ nhân tạo trong phân loại ảnh y tế,Tối ưu hóa và nâng cấp cơ sở dữ liệu NoSQL,0,NONE
51,Ứng dụng Trí tuệ nhân tạo trong phân loại ảnh y tế,Nghiên cứu và triển khai công nghệ mạng 5G,0,NONE
52,Ứng dụng Trí tuệ nhân tạo trong phân loại ảnh y tế,Xây dựng hệ thống đánh giá hiệu suất nhân viên dựa trên dữ liệu,0,NONE
53,Ứng dụng Trí tuệ nhân tạo trong phân loại ảnh y tế,Phát triển ứng dụng di động giúp người dùng tìm kiếm địa điểm du lịch,0,NONE
54,Ứng dụng Trí tuệ nhân tạo trong phân loại ảnh y tế,Nghiên cứu về công nghệ truyền thông âm thanh và hình ảnh,0,NONE
55,Ứng dụng Trí tuệ nhân tạo trong phân loại ảnh y tế,Xây dựng hệ thống quản lý sự kiện trực tuyến,0,NONE
56,Ứng dụng Trí tuệ nhân tạo trong phân loại ảnh y tế,Phát triển ứng dụng di động dành cho việc học ngoại ngữ,0,NONE
57,Ứng dụng Trí tuệ nhân tạo trong phân loại ảnh y tế,Tối ưu hóa và phân tích thuật toán Machine Learning,0,NONE
58,Ứng dụng Trí tuệ nhân tạo trong phân loại ảnh y tế,Nghiên cứu về công nghệ Internet of Things (IoT) trong việc quản lý năng lượng,0,NONE
59,Ứng dụng Trí tuệ nhân tạo trong phân loại ảnh y tế,Phát triển hệ thống giao dịch và thanh toán trực tuyến,0,NONE
60,Ứng dụng Trí tuệ nhân tạo trong phân loại ảnh y tế,Nghiên cứu và triển khai công nghệ trích xuất thông tin từ văn bản tự động,0,NONE
61,Ứng dụng Trí tuệ nhân tạo trong phân loại ảnh y tế,Xây dựng hệ thống quản lý kho hàng trực tuyến,0,NONE
62,Ứng dụng Trí tuệ nhân tạo trong phân loại ảnh y tế,Phát triển ứng dụng di động cho việc chăm sóc sức khỏe,0,NONE
63,Ứng dụng Trí tuệ nhân tạo trong phân loại ảnh y tế,Nghiên cứu và triển khai công nghệ trích xuất dữ liệu từ hình ảnh và video,0,NONE
64,Ứng dụng Trí tuệ nhân tạo trong phân loại ảnh y tế,Tối ưu hóa và nâng cao hiệu suất hệ thống điều khiển tự động,0,NONE
65,Ứng dụng Trí tuệ nhân tạo trong phân loại ảnh y tế,Xây dựng hệ thống quản lý dự án trực tuyến,0,NONE
66,Ứng dụng Trí tuệ nhân tạo trong phân loại ảnh y tế,Phát triển ứng dụng di động cho việc quản lý thời gian làm việc,0,NONE
67,Ứng dụng Trí tuệ nhân tạo trong phân loại ảnh y tế,Nghiên cứu về công nghệ trích xuất dữ liệu từ âm thanh và giọng nói,0,NONE
68,Ứng dụng Trí tuệ nhân tạo trong phân loại ảnh y tế,Tối ưu hóa và phân tích thuật toán tìm kiếm trực tuyến,0,NONE
69,Ứng dụng Trí tuệ nhân tạo trong phân loại ảnh y tế,Xây dựng hệ thống quản lý điểm danh và chấm công trực tuyến,0,NONE
70,Ứng dụng Trí tuệ nhân tạo trong phân loại ảnh y tế,Phát triển ứng dụng di động cho việc tìm kiếm nhà ở,0,NONE
71,Ứng dụng Trí tuệ nhân tạo trong phân loại ảnh y tế,Nghiên cứu và triển khai công nghệ xử lý ngôn ngữ tự nhiên,0,NONE
72,Ứng dụng Trí tuệ nhân tạo trong phân loại ảnh y tế,Tối ưu hóa và cải thiện hiệu suất hệ thống điều khiển đồng thời,0,NONE
73,Ứng dụng Trí tuệ nhân tạo trong phân loại ảnh y tế,Xây dựng hệ thống quản lý đào tạo và đánh giá nhân viên,1,LOW
74,Ứng dụng Trí tuệ nhân tạo trong phân loại ảnh y tế,Phát triển ứng dụng di động cho việc quản lý chi tiêu,0,NONE
75,Ứng dụng Trí tuệ nhân tạo trong phân loại ảnh y tế,Nghiên cứu và triển khai công nghệ trí tuệ nhân tạo trong ứng dụng thương mại điện tử,1,LOW
76,Ứng dụng Trí tuệ nhân tạo trong phân loại ảnh y tế,Tối ưu hóa và phân tích thuật toán Machine Learning sử dụng dữ liệu lớn,0,NONE
77,Ứng dụng Trí tuệ nhân tạo trong phân loại ảnh y tế,Xây dựng hệ thống quản lý chất lượng dịch vụ trực tuyến,0,NONE
78,Ứng dụng Trí tuệ nhân tạo trong phân loại ảnh y tế,Phát triển ứng dụng di động cho việc quản lý việc mua sắm,0,NONE
79,Ứng dụng Trí tuệ nhân tạo trong phân loại ảnh y tế,Nghiên cứu và triển khai công nghệ trích xuất dữ liệu từ các tài liệu văn bản,0,NONE
80,Ứng dụng Trí tuệ nhân tạo trong phân loại ảnh y tế,Tối ưu hóa và cải thiện hiệu suất hệ thống điều khiển thiết bị IoT,0,NONE
81,Ứng dụng Trí tuệ nhân tạo trong phân loại ảnh y tế,Xây dựng hệ thống quản lý tài nguyên con người trực tuyến,0,NONE
82,Ứng dụng Trí tuệ nhân tạo trong phân loại ảnh y tế,Phát triển ứng dụng di động cho việc quản lý công việc nhóm,0,NONE
83,Ứng dụng Trí tuệ nhân tạo trong phân loại ảnh y tế,Nghiên cứu và triển khai công nghệ dự đoán và phân loại dữ liệu,1,LOW
84,Ứng dụng Trí tuệ nhân tạo trong phân loại ảnh y tế,Tối ưu hóa và phân tích thuật toán tối ưu trong quản lý dự án,0,NONE
85,Ứng dụng Trí tuệ nhân tạo trong phân loại ảnh y tế,Xây dựng hệ thống quản lý vận hành nhà máy trực tuyến,0,NONE
86,Ứng dụng Trí tuệ nhân tạo trong phân loại ảnh y tế,Phát triển ứng dụng di động cho việc học và rèn luyện kỹ năng,0,NONE
87,Ứng dụng Trí tuệ nhân tạo trong phân loại ảnh y tế,Nghiên cứu và triển khai công nghệ trí tuệ nhân tạo trong lĩnh vực giáo dục,1,LOW
88,Ứng dụng Trí tuệ nhân tạo trong phân loại ảnh y tế,Tối ưu hóa và cải thiện hiệu suất hệ thống quản lý lưu trữ dữ liệu,0,NONE
89,Ứng dụng Trí tuệ nhân tạo trong phân loại ảnh y tế,Xây dựng hệ thống quản lý dự án phân tán và đa nền tảng,0,NONE
90,Ứng dụng Trí tuệ nhân tạo trong phân loại ảnh y tế,Phát triển ứng dụng di động cho việc quản lý việc du lịch,0,NONE
91,Ứng dụng Trí tuệ nhân tạo trong phân loại ảnh y tế,Nghiên cứu và triển khai công nghệ trí tuệ nhân tạo trong việc dự đoán thị trường tài chính,1,LOW
92,Ứng dụng Trí tuệ nhân tạo trong phân loại ảnh y tế,Tối ưu hóa và phân tích thuật toán trong lĩnh vực trích xuất thông tin từ ảnh và video,0,NONE
93,Ứng dụng Trí tuệ nhân tạo trong phân loại ảnh y tế,Xây dựng hệ thống quản lý tài nguyên nhân sự trực tuyến,0,NONE
94,Ứng dụng Trí tuệ nhân tạo trong phân loại ảnh y tế,Phát triển ứng dụng di động cho việc quản lý sức khỏe và thể dục,0,NONE
95,Ứng dụng Trí tuệ nhân tạo trong phân loại ảnh y tế,Nghiên cứu và triển khai công nghệ dự đoán và phân tích dữ liệu lớn,0,NONE
96,Ứng dụng Trí tuệ nhân tạo trong phân loại ảnh y tế,Tối ưu hóa và cải thiện hiệu suất hệ thống truyền thông đa phương tiện,0,NONE
97,Ứng dụng Trí tuệ nhân tạo trong phân loại ảnh y tế,Xây dựng hệ thống quản lý hoạt động bán lẻ trực tuyến,0,NONE
98,Ứng dụng Trí tuệ nhân tạo trong phân loại ảnh y tế,Phát triển ứng dụng di động cho việc quản lý tài sản cá nhân,0,NONE
99,Ứng dụng Trí tuệ nhân tạo trong phân loại ảnh y tế,Nghiên cứu và triển khai công nghệ trí tuệ nhân tạo trong việc tối ưu hóa quá trình sản xuất,1,LOW
100,Ứng dụng Trí tuệ nhân tạo trong phân loại ảnh y tế,Tối ưu hóa và phân tích thuật toán Machine Learning trong việc dự đoán xu hướng thị trường,0,NONE
101,Ứng dụng Trí tuệ nhân tạo trong phân loại ảnh y tế,Xây dựng hệ thống quản lý học tập và đào tạo trực tuyến,0,NONE
102,Ứng dụng Trí tuệ nhân tạo trong phân loại ảnh y tế,Phát triển ứng dụng di động cho việc quản lý lịch trình cá nhân,0,NONE
103,Ứng dụng Trí tuệ nhân tạo trong phân loại ảnh y tế,Nghiên cứu và triển khai công nghệ xử lý ngôn ngữ tự nhiên trong ứng dụng di động,0,NONE
104,Ứng dụng Trí tuệ nhân tạo trong phân loại ảnh y tế,Tối ưu hóa và cải thiện hiệu suất hệ thống điều khiển tự động bằng Machine Learning,0,NONE
105,Ứng dụng Trí tuệ nhân tạo trong phân loại ảnh y tế,Xây dựng hệ thống quản lý dự án trực tuyến dành cho ngành xây dựng,0,NONE
106,Ứng dụng Trí tuệ nhân tạo trong phân loại ảnh y tế,Phát triển ứng dụng di động cho việc quản lý việc thực hiện dự án,0,NONE
107,Ứng dụng Trí tuệ nhân tạo trong phân loại ảnh y tế,Nghiên cứu và triển khai công nghệ trích xuất thông tin từ các tài liệu kỹ thuật,0,NONE
108,Ứng dụng Trí tuệ nhân tạo trong phân loại ảnh y tế,Tối ưu hóa và phân tích thuật toán tìm kiếm thông tin trong dữ liệu lớn,0,NONE
109,Ứng dụng Trí tuệ nhân tạo trong phân loại ảnh y tế,Xây dựng hệ thống quản lý dự án phân tán và đa ngôn ngữ,0,NONE
110,Ứng dụng Trí tuệ nhân tạo trong phân loại ảnh y tế,Phát triển ứng dụng di động cho việc quản lý công việc trong doanh nghiệp,0,NONE
111,Ứng dụng Trí tuệ nhân tạo trong phân loại ảnh y tế,Nghiên cứu và triển khai công nghệ trí tuệ nhân tạo trong việc tự động hóa quy trình sản xuất,1,LOW
112,Ứng dụng Trí tuệ nhân tạo trong phân loại ảnh y tế,Tối ưu hóa và cải thiện hiệu suất hệ thống truyền thông âm thanh/viễn thông,0,NONE
113,Ứng dụng Trí tuệ nhân tạo trong phân loại ảnh y tế,Xây dựng hệ thống quản lý đối tác và khách hàng trực tuyến,0,NONE
114,Ứng dụng Trí tuệ nhân tạo trong phân loại ảnh y tế,Phát triển ứng dụng di động cho việc quản lý tài chính cá nhân và đầu tư,0,NONE
115,Ứng dụng Trí tuệ nhân tạo trong phân loại ảnh y tế,Nghiên cứu và triển khai công nghệ dự đoán và phân loại trong việc quản lý dữ liệu,1,LOW
116,Ứng dụng Trí tuệ nhân tạo trong phân loại ảnh y tế,Tối ưu hóa và phân tích thuật toán Machine Learning trong việc dự đoán xu hướng người dùng,0,NONE
117,Ứng dụng Trí tuệ nhân tạo trong phân loại ảnh y tế,Xây dựng hệ thống quản lý nhà trường và đào tạo trực tuyến,0,NONE
118,Ứng dụng Trí tuệ nhân tạo trong phân loại ảnh y tế,Phát triển ứng dụng di động cho việc quản lý việc giải trí và giải trí,0,NONE
119,Ứng dụng Trí tuệ nhân tạo trong phân loại ảnh y tế,Nghiên cứu và triển khai công nghệ trích xuất dữ liệu từ các tài liệu văn bản kỹ thuật,0,NONE
120,Ứng dụng Trí tuệ nhân tạo trong phân loại ảnh y tế,Tối ưu hóa và cải thiện hiệu suất hệ thống truyền thông dữ liệu lớn,0,NONE
121,Ứng dụng Trí tuệ nhân tạo trong phân loại ảnh y tế,Xây dựng hệ thống quản lý dự án phân tán và đa nền tảng dành cho doanh nghiệp,0,NONE
122,Ứng dụng Trí tuệ nhân tạo trong phân loại ảnh y tế,Phát triển ứng dụng di động cho việc quản lý việc kinh doanh và doanh nghiệp,0,NONE
123,Ứng dụng Trí tuệ nhân tạo trong phân loại ảnh y tế,Nghiên cứu và triển khai công nghệ trí tuệ nhân tạo trong việc cải thiện quá trình sản xuất,1,LOW
124,Ứng dụng Trí tuệ nhân tạo trong phân loại ảnh y tế,Tối ưu hóa và phân tích thuật toán tìm kiếm thông tin trong ứng dụng di động,0,NONE
125,Ứng dụng Trí tuệ nhân tạo trong phân loại ảnh y tế,Xây dựng hệ thống quản lý dự án phân tán và đa nền tảng dành cho ngành quảng cáo và marketing,0,NONE
126,Ứng dụng Trí tuệ nhân tạo trong phân loại ảnh y tế,Phát triển ứng dụng di động cho việc quản lý việc kinh doanh và bán hàng,0,NONE
127,Ứng dụng Trí tuệ nhân tạo trong phân loại ảnh y tế,Nghiên cứu và triển khai công nghệ xử lý ngôn ngữ tự nhiên trong ứng dụng web,0,NONE
128,Ứng dụng Trí tuệ nhân tạo trong phân loại ảnh y tế,Tối ưu hóa và cải thiện hiệu suất hệ thống điều khiển tự động trong môi trường công nghiệp,0,NONE
129,Ứng dụng Trí tuệ nhân tạo trong phân loại ảnh y tế,Xây dựng hệ thống quản lý tài chính và thu chi cá nhân trực tuyến,0,NONE
130,Ứng dụng Trí tuệ nhân tạo trong phân loại ảnh y tế,Phát triển ứng dụng di động cho việc quản lý việc học tập và nghiên cứu,0,NONE
131,Ứng dụng Trí tuệ nhân tạo trong phân loại ảnh y tế,Nghiên cứu và triển khai công nghệ trí tuệ nhân tạo trong việc tối ưu hóa dự đoán thị trường tài chính,1,LOW
132,Ứng dụng Trí tuệ nhân tạo trong phân loại ảnh y tế,Tối ưu hóa và phân tích thuật toán Machine Learning trong việc dự đoán xu hướng kỹ thuật số,0,NONE
133,Ứng dụng Trí tuệ nhân tạo trong phân loại ảnh y tế,Xây dựng hệ thống quản lý sản xuất và lịch trình sản xuất trực tuyến,0,NONE
134,Ứng dụng Trí tuệ nhân tạo trong phân loại ảnh y tế,Phát triển ứng dụng di động cho việc quản lý việc học và đào tạo,0,NONE
135,Ứng dụng Trí tuệ nhân tạo trong phân loại ảnh y tế,Nghiên cứu và triển khai công nghệ trích xuất thông tin từ ảnh và video kỹ thuật số,0,NONE
136,Ứng dụng Trí tuệ nhân tạo trong phân loại ảnh y tế,Tối ưu hóa và cải thiện hiệu suất hệ thống truyền thông trực tuyến,0,NONE
137,Ứng dụng Trí tuệ nhân tạo trong phân loại ảnh y tế,Xây dựng hệ thống quản lý nhà trường và đào tạo dành cho sinh viên,0,NONE
138,Ứng dụng Trí tuệ nhân tạo trong phân loại ảnh y tế,Phát triển ứng dụng di động cho việc quản lý công việc trong lĩnh vực giáo dục,0,NONE
139,Ứng dụng Trí tuệ nhân tạo trong phân loại ảnh y tế,Nghiên cứu và triển khai công nghệ dự đoán và phân loại dữ liệu lớn,1,LOW
140,Ứng dụng Trí tuệ nhân tạo trong phân loại ảnh y tế,Tối ưu hóa và phân tích thuật toán Machine Learning trong việc dự đoán xu hướng người dùng,0,NONE
141,Ứng dụng Trí tuệ nhân tạo trong phân loại ảnh y tế,Xây dựng hệ thống quản lý học tập và đào tạo dành cho doanh nghiệp,0,NONE
142,Ứng dụng Trí tuệ nhân tạo trong phân loại ảnh y tế,Phát triển ứng dụng di động cho việc quản lý sự kiện và tổ chức,0,NONE
143,Ứng dụng Trí tuệ nhân tạo trong phân loại ảnh y tế,Nghiên cứu và triển khai công nghệ trích xuất dữ liệu từ các tài liệu kỹ thuật,0,NONE
144,Ứng dụng Trí tuệ nhân tạo trong phân loại ảnh y tế,Tối ưu hóa và cải thiện hiệu suất hệ thống truyền thông mạng máy tính,0,NONE
145,Ứng dụng Trí tuệ nhân tạo trong phân loại ảnh y tế,Xây dựng hệ thống quản lý dự án phân tán và đa nền tảng cho các dự án nghiên cứu khoa học,0,NONE
146,Ứng dụng Trí tuệ nhân tạo trong phân loại ảnh y tế,Phát triển ứng dụng di động cho việc quản lý việc tham gia các hoạt động xã hội và tình nguyện,0,NONE
147,Ứng dụng Trí tuệ nhân tạo trong phân loại ảnh y tế,Nghiên cứu và triển khai công nghệ trí tuệ nhân tạo trong việc tự động hóa quy trình sản xuất,1,LOW
148,Ứng dụng Trí tuệ nhân tạo trong phân loại ảnh y tế,Tối ưu hóa và phân tích thuật toán tìm kiếm thông tin trong ứng dụng web,0,NONE
149,Ứng dụng Trí tuệ nhân tạo trong phân loại ảnh y tế,Xây dựng hệ thống quản lý đối tác và khách hàng trực tuyến dành cho ngành dịch vụ,0,NONE
150,Ứng dụng Trí tuệ nhân tạo trong phân loại ảnh y tế,Phát triển ứng dụng di động cho việc quản lý công việc trong doanh nghiệp,0,NONE
151,Ứng dụng Trí tuệ nhân tạo trong phân loại ảnh y tế,Nghiên cứu và triển khai công nghệ trích xuất dữ liệu từ các tài liệu văn bản kỹ thuật,0,NONE
152,Ứng dụng Trí tuệ nhân tạo trong phân loại ảnh y tế,Tối ưu hóa và cải thiện hiệu suất hệ thống truyền thông dữ liệu lớn,0,NONE
153,Ứng dụng Trí tuệ nhân tạo trong phân loại ảnh y tế,Xây dựng hệ thống quản lý dự án phân tán và đa nền tảng dành cho ngành giáo dục,0,NONE
154,Ứng dụng Trí tuệ nhân tạo trong phân loại ảnh y tế,Phát triển ứng dụng di động cho việc kinh doanh và doanh nghiệp,0,NONE
155,Ứng dụng Trí tuệ nhân tạo trong phân loại ảnh y tế,Nghiên cứu và triển khai công nghệ xử lý ngôn ngữ tự nhiên trong ứng dụng di động,0,NONE
156,Ứng dụng Trí tuệ nhân tạo trong phân loại ảnh y tế,Tối ưu hóa và cải thiện hiệu suất hệ thống điều khiển tự động trong môi trường công nghiệp,0,NONE
157,Ứng dụng Trí tuệ nhân tạo trong phân loại ảnh y tế,Xây dựng hệ thống quản lý tài chính và thu chi cá nhân trực tuyến,0,NONE
158,Ứng dụng Trí tuệ nhân tạo trong phân loại ảnh y tế,Phát triển ứng dụng di động cho việc học tập và nghiên cứu,0,NONE
159,Ứng dụng Trí tuệ nhân tạo trong phân loại ảnh y tế,Nghiên cứu và triển khai công nghệ trí tuệ nhân tạo trong việc cải thiện quá trình sản xuất,1,LOW
160,Ứng dụng Trí tuệ nhân tạo trong phân loại ảnh y tế,Tối ưu hóa và phân tích thuật toán tìm kiếm thông tin trong ứng dụng di động,0,NONE
161,Ứng dụng Trí tuệ nhân tạo trong phân loại ảnh y tế,Xây dựng hệ thống quản lý dự án phân tán và đa nền tảng dành cho ngành quảng cáo và marketing,0,NONE
162,Ứng dụng Trí tuệ nhân tạo trong phân loại ảnh y tế,Phát triển ứng dụng di động cho việc kinh doanh và bán hàng,0,NONE
163,Ứng dụng Trí tuệ nhân tạo trong phân loại ảnh y tế,Nghiên cứu và triển khai công nghệ trích xuất thông tin từ ảnh và video kỹ thuật số,0,NONE
164,Ứng dụng Trí tuệ nhân tạo trong phân loại ảnh y tế,Tối ưu hóa và cải thiện hiệu suất hệ thống truyền thông trực tuyến,0,NONE
165,Ứng dụng Trí tuệ nhân tạo trong phân loại ảnh y tế,Xây dựng hệ thống quản lý nhà trường và đào tạo dành cho sinh viên,0,NONE
166,Ứng dụng Trí tuệ nhân tạo trong phân loại ảnh y tế,Phát triển ứng dụng di động cho việc quản lý công việc trong lĩnh vực giáo dục,0,NONE
167,Ứng dụng Trí tuệ nhân tạo trong phân loại ảnh y tế,Nghiên cứu và triển khai công nghệ dự đoán và phân loại dữ liệu lớn,1,LOW
168,Ứng dụng Trí tuệ nhân tạo trong phân loại ảnh y tế,Tối ưu hóa và phân tích thuật toán Machine Learning trong việc dự đoán xu hướng người dùng,0,NONE
169,Ứng dụng Trí tuệ nhân tạo trong phân loại ảnh y tế,Xây dựng hệ thống quản lý học tập và đào tạo dành cho doanh nghiệp,0,NONE
170,Ứng dụng Trí tuệ nhân tạo trong phân loại ảnh y tế,Phát triển ứng dụng di động cho việc quản lý sự kiện và tổ chức,0,NONE
171,Ứng dụng Trí tuệ nhân tạo trong phân loại ảnh y tế,Nghiên cứu và triển khai công nghệ trích xuất dữ liệu từ các tài liệu kỹ thuật,0,NONE
172,Ứng dụng Trí tuệ nhân tạo trong phân loại ảnh y tế,Tối ưu hóa và cải thiện hiệu suất hệ thống truyền thông mạng máy tính,0,NONE
173,Ứng dụng Trí tuệ nhân tạo trong phân loại ảnh y tế,Xây dựng hệ thống quản lý dự án phân tán và đa nền tảng cho các dự án nghiên cứu khoa học,0,NONE
174,Ứng dụng Trí tuệ nhân tạo trong phân loại ảnh y tế,Phát triển ứng dụng di động cho việc quản lý việc tham gia các hoạt động xã hội và tình nguyện,0,NONE
175,Ứng dụng Trí tuệ nhân tạo trong phân loại ảnh y tế,Nghiên cứu và triển khai công nghệ trí tuệ nhân tạo trong việc tự động hóa quy trình sản xuất,1,LOW
176,Ứng dụng Trí tuệ nhân tạo trong phân loại ảnh y tế,Tối ưu hóa và phân tích thuật toán tìm kiếm thông tin trong ứng dụng web,0,NONE
177,Ứng dụng Trí tuệ nhân tạo trong phân loại ảnh y tế,Xây dựng hệ thống quản lý đối tác và khách hàng trực tuyến dành cho ngành dịch vụ,0,NONE
178,Ứng dụng Trí tuệ nhân tạo trong phân loại ảnh y tế,Phát triển ứng dụng di động cho việc quản lý công việc trong doanh nghiệp,0,NONE
179,Ứng dụng Trí tuệ nhân tạo trong phân loại ảnh y tế,Nghiên cứu và triển khai công nghệ trích xuất dữ liệu từ các tài liệu văn bản kỹ thuật,0,NONE
180,Ứng dụng Trí tuệ nhân tạo trong phân loại ảnh y tế,Tối ưu hóa và cải thiện hiệu suất hệ thống truyền thông dữ liệu lớn,0,NONE
181,Ứng dụng Trí tuệ nhân tạo trong phân loại ảnh y tế,Xây dựng hệ thống quản lý dự án phân tán và đa nền tảng dành cho ngành giáo dục,0,NONE
182,Ứng dụng Trí tuệ nhân tạo trong phân loại ảnh y tế,Phát triển ứng dụng di động cho việc quản lý việc kinh doanh và doanh nghiệp,0,NONE
183,Ứng dụng Trí tuệ nhân tạo trong phân loại ảnh y tế,Nghiên cứu và triển khai công nghệ xử lý ngôn ngữ tự nhiên trong ứng dụng di động,0,NONE
184,Ứng dụng Trí tuệ nhân tạo trong phân loại ảnh y tế,Tối ưu hóa và cải thiện hiệu suất hệ thống điều khiển tự động trong môi trường công nghiệp,0,NONE
185,Ứng dụng Trí tuệ nhân tạo trong phân loại ảnh y tế,Xây dựng hệ thống quản lý tài chính và thu chi cá nhân trực tuyến,0,NONE
186,Ứng dụng Trí tuệ nhân tạo trong phân loại ảnh y tế,Phát triển ứng dụng di động cho việc quản lý việc học tập và nghiên cứu,0,NONE
187,Ứng dụng Trí tuệ nhân tạo trong phân loại ảnh y tế,Nghiên cứu và triển khai công nghệ trí tuệ nhân tạo trong việc cải thiện quá trình sản xuất,1,LOW
188,Ứng dụng Trí tuệ nhân tạo trong phân loại ảnh y tế,Tối ưu hóa và phân tích thuật toán tìm kiếm thông tin trong ứng dụng di động,0,NONE
189,Ứng dụng Trí tuệ nhân tạo trong phân loại ảnh y tế,Xây dựng hệ thống quản lý dự án phân tán và đa nền tảng dành cho ngành quảng cáo và marketing,0,NONE
190,Ứng dụng Trí tuệ nhân tạo trong phân loại ảnh y tế,Phát triển ứng dụng di động cho việc quản lý việc kinh doanh và bán hàng,0,NONE
191,Ứng dụng Trí tuệ nhân tạo trong phân loại ảnh y tế,Nghiên cứu và triển khai công nghệ trích xuất thông tin từ ảnh và video kỹ thuật số,0,NONE
192,Ứng dụng Trí tuệ nhân tạo trong phân loại ảnh y tế,Tối ưu hóa và cải thiện hiệu suất hệ thống truyền thông trực tuyến,0,NONE
193,Ứng dụng Trí tuệ nhân tạo trong phân loại ảnh y tế,Xây dựng hệ thống quản lý nhà trường và đào tạo dành cho sinh viên,0,NONE
194,Ứng dụng Trí tuệ nhân tạo trong phân loại ảnh y tế,Phát triển ứng dụng di động cho việc quản lý công việc trong lĩnh vực giáo dục,0,NONE
195,Ứng dụng Trí tuệ nhân tạo trong phân loại ảnh y tế,Nghiên cứu và triển khai công nghệ dự đoán và phân loại dữ liệu lớn,1,LOW
196,Ứng dụng Trí tuệ nhân tạo trong phân loại ảnh y tế,Tối ưu hóa và phân tích thuật toán Machine Learning trong việc dự đoán xu hướng người dùng,0,NONE
197,Ứng dụng Trí tuệ nhân tạo trong phân loại ảnh y tế,Xây dựng hệ thống quản lý học tập và đào tạo dành cho doanh nghiệp,0,NONE
198,Ứng dụng Trí tuệ nhân tạo trong phân loại ảnh y tế,Phát triển ứng dụng di động cho việc quản lý sự kiện và tổ chức,0,NONE
199,Ứng dụng Trí tuệ nhân tạo trong phân loại ảnh y tế,Nghiên cứu và triển khai công nghệ trích xuất dữ liệu từ các tài liệu kỹ thuật,0,NONE
200,Xây dựng ứng dụng di động dựa trên Internet of Things (IoT) cho nhà thông minh,Phân tích và tối ưu hóa hiệu suất của mạng máy tính,0,NONE
201,Xây dựng ứng dụng di động dựa trên Internet of Things (IoT) cho nhà thông minh,Phát triển ứng dụng di động đa nền tảng sử dụng Flutter,0,NONE
202,Xây dựng ứng dụng di động dựa trên Internet of Things (IoT) cho nhà thông minh,Nghiên cứu về lưu trữ dữ liệu đám mây và tích hợp chúng vào ứng dụng,0,NONE
203,Xây dựng ứng dụng di động dựa trên Internet of Things (IoT) cho nhà thông minh,Kiểm thử và đánh giá bảo mật ứng dụng web,0,NONE
204,Xây dựng ứng dụng di động dựa trên Internet of Things (IoT) cho nhà thông minh,Phát triển hệ thống hỗ trợ quyết định dựa trên dữ liệu lớn (Big Data),0,NONE
205,Xây dựng ứng dụng di động dựa trên Internet of Things (IoT) cho nhà thông minh,Phân tích các phương pháp mã hóa dữ liệu trong ứng dụng di động,0,NONE
206,Xây dựng ứng dụng di động dựa trên Internet of Things (IoT) cho nhà thông minh,Tối ưu hóa thuật toán tìm kiếm trong cơ sở dữ liệu,0,NONE
207,Xây dựng ứng dụng di động dựa trên Internet of Things (IoT) cho nhà thông minh,Triển khai mô hình Machine Learning trong việc dự đoán doanh số bán hàng,0,NONE
208,Xây dựng ứng dụng di động dựa trên Internet of Things (IoT) cho nhà thông minh,Phân tích và phát triển ứng dụng chatbot trên nền tảng trí tuệ nhân tạo,0,NONE
209,Xây dựng ứng dụng di động dựa trên Internet of Things (IoT) cho nhà thông minh,Xây dựng hệ thống quản lý dự án trực tuyến,0,NONE
210,Xây dựng ứng dụng di động dựa trên Internet of Things (IoT) cho nhà thông minh,Đánh giá hiệu năng của các kiến trúc máy tính đám mây,0,NONE
211,Xây dựng ứng dụng di động dựa trên Internet of Things (IoT) cho nhà thông minh,Tích hợp công nghệ Blockchain trong ứng dụng giao dịch tài chính,0,NONE
212,Xây dựng ứng dụng di động dựa trên Internet of Things (IoT) cho nhà thông minh,Phân tích và đánh giá các nguy cơ an ninh trong ứng dụng di động,0,NONE
213,Xây dựng ứng dụng di động dựa trên Internet of Things (IoT) cho nhà thông minh,Xây dựng ứng dụng e-commerce với tích hợp thanh toán trực tuyến,0,NONE
214,Xây dựng ứng dụng di động dựa trên Internet of Things (IoT) cho nhà thông minh,Phát triển ứng dụng trợ lý ảo cho việc lập kế hoạch cá nhân,0,NONE
215,Xây dựng ứng dụng di động dựa trên Internet of Things (IoT) cho nhà thông minh,Xây dựng hệ thống quản lý nhân sự và lương bằng CNTT,0,NONE
216,Xây dựng ứng dụng di động dựa trên Internet of Things (IoT) cho nhà thông minh,Nghiên cứu và phát triển giải pháp an ninh mạng,0,NONE
217,Xây dựng ứng dụng di động dựa trên Internet of Things (IoT) cho nhà thông minh,Tối ưu hóa cơ sở dữ liệu NoSQL cho ứng dụng web,0,NONE
218,Xây dựng ứng dụng di động dựa trên Internet of Things (IoT) cho nhà thông minh,Phân tích và cải thiện hiệu suất của ứng dụng trên nền tảng di động,0,NONE
219,Xây dựng ứng dụng di động dựa trên Internet of Things (IoT) cho nhà thông minh,Xây dựng ứng dụng học ngoại ngữ trực tuyến,0,NONE
220,Xây dựng ứng dụng di động dựa trên Internet of Things (IoT) cho nhà thông minh,Phân tích và phát triển hệ thống nhận dạng khuôn mặt,0,NONE
221,Xây dựng ứng dụng di động dựa trên Internet of Things (IoT) cho nhà thông minh,Xây dựng hệ thống quản lý khách hàng (CRM) đa nền tảng,0,NONE
222,Xây dựng ứng dụng di động dựa trên Internet of Things (IoT) cho nhà thông minh,Nghiên cứu và triển khai công nghệ 5G,0,NONE
223,Xây dựng ứng dụng di động dựa trên Internet of Things (IoT) cho nhà thông minh,Xây dựng hệ thống thông tin địa lý (GIS) cho bản đồ trực tuyến,0,NONE
224,Xây dựng ứng dụng di động dựa trên Internet of Things (IoT) cho nhà thông minh,Phân tích và tối ưu hóa cấu trúc dữ liệu của ứng dụng,0,NONE
225,Xây dựng ứng dụng di động dựa trên Internet of Things (IoT) cho nhà thông minh,Phát triển ứng dụng hỗ trợ việc học trực tuyến,0,NONE
226,Xây dựng ứng dụng di động dựa trên Internet of Things (IoT) cho nhà thông minh,Nghiên cứu và triển khai công nghệ truyền dẫn âm thanh/viễn thông,0,NONE
227,Xây dựng ứng dụng di động dựa trên Internet of Things (IoT) cho nhà thông minh,Xây dựng ứng dụng hỗ trợ việc tạo và quản lý lịch trình,0,NONE
228,Xây dựng ứng dụng di động dựa trên Internet of Things (IoT) cho nhà thông minh,Nghiên cứu và triển khai hệ thống giám sát môi trường sử dụng Công nghệ Internet of Things (IoT),2,MEDIUM
229,Xây dựng ứng dụng di động dựa trên Internet of Things (IoT) cho nhà thông minh,Phát triển ứng dụng di động cho việc quản lý công việc cá nhân,0,NONE
230,Xây dựng ứng dụng di động dựa trên Internet of Things (IoT) cho nhà thông minh,Nghiên cứu và triển khai công nghệ trí tuệ nhân tạo trong ứng dụng y tế,0,NONE
231,Xây dựng ứng dụng di động dựa trên Internet of Things (IoT) cho nhà thông minh,Xây dựng hệ thống quản lý tài liệu trực tuyến,0,NONE
232,Xây dựng ứng dụng di động dựa trên Internet of Things (IoT) cho nhà thông minh,Phân tích và phát triển hệ thống gợi ý sản phẩm cho các trang thương mại điện tử,0,NONE
233,Xây dựng ứng dụng di động dựa trên Internet of Things (IoT) cho nhà thông minh,Triển khai hệ thống giám sát mạng máy tính,0,NONE
234,Xây dựng ứng dụng di động dựa trên Internet of Things (IoT) cho nhà thông minh,Xây dựng ứng dụng trò chơi trên nền tảng di động,0,NONE
235,Xây dựng ứng dụng di động dựa trên Internet of Things (IoT) cho nhà thông minh,Nghiên cứu và triển khai công nghệ Blockchain trong lĩnh vực tài chính,0,NONE
236,Xây dựng ứng dụng di động dựa trên Internet of Things (IoT) cho nhà thông minh,Tối ưu hóa và cải thiện hiệu suất cơ sở dữ liệu SQL,0,NONE
237,Xây dựng ứng dụng di động dựa trên Internet of Things (IoT) cho nhà thông minh,Phát triển ứng dụng quản lý học tập trực tuyến,0,NONE
238,Xây dựng ứng dụng di động dựa trên Internet of Things (IoT) cho nhà thông minh,Nghiên cứu về bảo mật và đánh giá rủi ro của ứng dụng web,0,NONE
239,Xây dựng ứng dụng di động dựa trên Internet of Things (IoT) cho nhà thông minh,Phát triển hệ thống dự đoán thời tiết thông qua dữ liệu lớn,0,NONE
240,Xây dựng ứng dụng di động dựa trên Internet of Things (IoT) cho nhà thông minh,Xây dựng hệ thống điều khiển các thiết bị thông qua ứng dụng di động,0,NONE
241,Xây dựng ứng dụng di động dựa trên Internet of Things (IoT) cho nhà thông minh,Phân tích và phát triển hệ thống chấm công nhân viên tự động,0,NONE
242,Xây dựng ứng dụng di động dựa trên Internet of Things (IoT) cho nhà thông minh,Tối ưu hóa và phân tích độ phức tạp của thuật toán,0,NONE
243,Xây dựng ứng dụng di động dựa trên Internet of Things (IoT) cho nhà thông minh,Nghiên cứu và triển khai ứng dụng trợ lý ảo dựa trên trí tuệ nhân tạo,0,NONE
244,Xây dựng ứng dụng di động dựa trên Internet of Things (IoT) cho nhà thông minh,Xây dựng hệ thống quản lý nhà hàng và đặt hàng trực tuyến,0,NONE
245,Xây dựng ứng dụng di động dựa trên Internet of Things (IoT) cho nhà thông minh,Phát triển ứng dụng giao tiếp qua giọng nói,0,NONE
246,Xây dựng ứng dụng di động dựa trên Internet of Things (IoT) cho nhà thông minh,Nghiên cứu về công nghệ ảo hóa và triển khai máy ảo,0,NONE
247,Xây dựng ứng dụng di động dựa trên Internet of Things (IoT) cho nhà thông minh,Phát triển ứng dụng di động cho việc quản lý tài chính cá nhân,0,NONE
248,Xây dựng ứng dụng di động dựa trên Internet of Things (IoT) cho nhà thông minh,Tối ưu hóa và nâng cấp cơ sở dữ liệu NoSQL,0,NONE
249,Xây dựng ứng dụng di động dựa trên Internet of Things (IoT) cho nhà thông minh,Nghiên cứu và triển khai công nghệ mạng 5G,0,NONE
250,Xây dựng ứng dụng di động dựa trên Internet of Things (IoT) cho nhà thông minh,Xây dựng hệ thống đánh giá hiệu suất nhân viên dựa trên dữ liệu,0,NONE
251,Xây dựng ứng dụng di động dựa trên Internet of Things (IoT) cho nhà thông minh,Phát triển ứng dụng di động giúp người dùng tìm kiếm địa điểm du lịch,0,NONE
252,Xây dựng ứng dụng di động dựa trên Internet of Things (IoT) cho nhà thông minh,Nghiên cứu về công nghệ truyền thông âm thanh và hình ảnh,0,NONE
253,Xây dựng ứng dụng di động dựa trên Internet of Things (IoT) cho nhà thông minh,Xây dựng hệ thống quản lý sự kiện trực tuyến,0,NONE
254,Xây dựng ứng dụng di động dựa trên Internet of Things (IoT) cho nhà thông minh,Phát triển ứng dụng di động dành cho việc học ngoại ngữ,0,NONE
255,Xây dựng ứng dụng di động dựa trên Internet of Things (IoT) cho nhà thông minh,Tối ưu hóa và phân tích thuật toán Machine Learning,0,NONE
256,Xây dựng ứng dụng di động dựa trên Internet of Things (IoT) cho nhà thông minh,Nghiên cứu về công nghệ Internet of Things (IoT) trong việc quản lý năng lượng,2,MEDIUM
257,Xây dựng ứng dụng di động dựa trên Internet of Things (IoT) cho nhà thông minh,Phát triển hệ thống giao dịch và thanh toán trực tuyến,0,NONE
258,Xây dựng ứng dụng di động dựa trên Internet of Things (IoT) cho nhà thông minh,Nghiên cứu và triển khai công nghệ trích xuất thông tin từ văn bản tự động,0,NONE
259,Xây dựng ứng dụng di động dựa trên Internet of Things (IoT) cho nhà thông minh,Xây dựng hệ thống quản lý kho hàng trực tuyến,0,NONE
260,Xây dựng ứng dụng di động dựa trên Internet of Things (IoT) cho nhà thông minh,Phát triển ứng dụng di động cho việc chăm sóc sức khỏe,0,NONE
261,Xây dựng ứng dụng di động dựa trên Internet of Things (IoT) cho nhà thông minh,Nghiên cứu và triển khai công nghệ trích xuất dữ liệu từ hình ảnh và video,0,NONE
262,Xây dựng ứng dụng di động dựa trên Internet of Things (IoT) cho nhà thông minh,Tối ưu hóa và nâng cao hiệu suất hệ thống điều khiển tự động,0,NONE
263,Xây dựng ứng dụng di động dựa trên Internet of Things (IoT) cho nhà thông minh,Xây dựng hệ thống quản lý dự án trực tuyến,0,NONE
264,Xây dựng ứng dụng di động dựa trên Internet of Things (IoT) cho nhà thông minh,Phát triển ứng dụng di động cho việc quản lý thời gian làm việc,0,NONE
265,Xây dựng ứng dụng di động dựa trên Internet of Things (IoT) cho nhà thông minh,Nghiên cứu về công nghệ trích xuất dữ liệu từ âm thanh và giọng nói,0,NONE
266,Xây dựng ứng dụng di động dựa trên Internet of Things (IoT) cho nhà thông minh,Tối ưu hóa và phân tích thuật toán tìm kiếm trực tuyến,0,NONE
267,Xây dựng ứng dụng di động dựa trên Internet of Things (IoT) cho nhà thông minh,Xây dựng hệ thống quản lý điểm danh và chấm công trực tuyến,0,NONE
268,Xây dựng ứng dụng di động dựa trên Internet of Things (IoT) cho nhà thông minh,Phát triển ứng dụng di động cho việc tìm kiếm nhà ở,0,NONE
269,Xây dựng ứng dụng di động dựa trên Internet of Things (IoT) cho nhà thông minh,Nghiên cứu và triển khai công nghệ xử lý ngôn ngữ tự nhiên,0,NONE
270,Xây dựng ứng dụng di động dựa trên Internet of Things (IoT) cho nhà thông minh,Tối ưu hóa và cải thiện hiệu suất hệ thống điều khiển đồng thời,0,NONE
271,Xây dựng ứng dụng di động dựa trên Internet of Things (IoT) cho nhà thông minh,Xây dựng hệ thống quản lý đào tạo và đánh giá nhân viên,0,NONE
272,Xây dựng ứng dụng di động dựa trên Internet of Things (IoT) cho nhà thông minh,Phát triển ứng dụng di động cho việc quản lý chi tiêu,0,NONE
273,Xây dựng ứng dụng di động dựa trên Internet of Things (IoT) cho nhà thông minh,Nghiên cứu và triển khai công nghệ trí tuệ nhân tạo trong ứng dụng thương mại điện tử,0,NONE
274,Xây dựng ứng dụng di động dựa trên Internet of Things (IoT) cho nhà thông minh,Tối ưu hóa và phân tích thuật toán Machine Learning sử dụng dữ liệu lớn,0,NONE
275,Xây dựng ứng dụng di động dựa trên Internet of Things (IoT) cho nhà thông minh,Xây dựng hệ thống quản lý chất lượng dịch vụ trực tuyến,0,NONE
276,Xây dựng ứng dụng di động dựa trên Internet of Things (IoT) cho nhà thông minh,Phát triển ứng dụng di động cho việc quản lý việc mua sắm,0,NONE
277,Xây dựng ứng dụng di động dựa trên Internet of Things (IoT) cho nhà thông minh,Nghiên cứu và triển khai công nghệ trích xuất dữ liệu từ các tài liệu văn bản,0,NONE
278,Xây dựng ứng dụng di động dựa trên Internet of Things (IoT) cho nhà thông minh,Tối ưu hóa và cải thiện hiệu suất hệ thống điều khiển thiết bị IoT,0,NONE
279,Xây dựng ứng dụng di động dựa trên Internet of Things (IoT) cho nhà thông minh,Xây dựng hệ thống quản lý tài nguyên con người trực tuyến,0,NONE
280,Xây dựng ứng dụng di động dựa trên Internet of Things (IoT) cho nhà thông minh,Phát triển ứng dụng di động cho việc quản lý công việc nhóm,0,NONE
281,Xây dựng ứng dụng di động dựa trên Internet of Things (IoT) cho nhà thông minh,Nghiên cứu và triển khai công nghệ dự đoán và phân loại dữ liệu,0,NONE
282,Xây dựng ứng dụng di động dựa trên Internet of Things (IoT) cho nhà thông minh,Tối ưu hóa và phân tích thuật toán tối ưu trong quản lý dự án,0,NONE
283,Xây dựng ứng dụng di động dựa trên Internet of Things (IoT) cho nhà thông minh,Xây dựng hệ thống quản lý vận hành nhà máy trực tuyến,0,NONE
284,Xây dựng ứng dụng di động dựa trên Internet of Things (IoT) cho nhà thông minh,Phát triển ứng dụng di động cho việc học và rèn luyện kỹ năng,0,NONE
285,Xây dựng ứng dụng di động dựa trên Internet of Things (IoT) cho nhà thông minh,Nghiên cứu và triển khai công nghệ trí tuệ nhân tạo trong lĩnh vực giáo dục,0,NONE
286,Xây dựng ứng dụng di động dựa trên Internet of Things (IoT) cho nhà thông minh,Tối ưu hóa và cải thiện hiệu suất hệ thống quản lý lưu trữ dữ liệu,0,NONE
287,Xây dựng ứng dụng di động dựa trên Internet of Things (IoT) cho nhà thông minh,Xây dựng hệ thống quản lý dự án phân tán và đa nền tảng,0,NONE
288,Xây dựng ứng dụng di động dựa trên Internet of Things (IoT) cho nhà thông minh,Phát triển ứng dụng di động cho việc quản lý việc du lịch,0,NONE
289,Xây dựng ứng dụng di động dựa trên Internet of Things (IoT) cho nhà thông minh,Nghiên cứu và triển khai công nghệ trí tuệ nhân tạo trong việc dự đoán thị trường tài chính,0,NONE
290,Xây dựng ứng dụng di động dựa trên Internet of Things (IoT) cho nhà thông minh,Tối ưu hóa và phân tích thuật toán trong lĩnh vực trích xuất thông tin từ ảnh và video,0,NONE
291,Xây dựng ứng dụng di động dựa trên Internet of Things (IoT) cho nhà thông minh,Xây dựng hệ thống quản lý tài nguyên nhân sự trực tuyến,0,NONE
292,Xây dựng ứng dụng di động dựa trên Internet of Things (IoT) cho nhà thông minh,Phát triển ứng dụng di động cho việc quản lý sức khỏe và thể dục,0,NONE
293,Xây dựng ứng dụng di động dựa trên Internet of Things (IoT) cho nhà thông minh,Nghiên cứu và triển khai công nghệ dự đoán và phân tích dữ liệu lớn,0,NONE
294,Xây dựng ứng dụng di động dựa trên Internet of Things (IoT) cho nhà thông minh,Tối ưu hóa và cải thiện hiệu suất hệ thống truyền thông đa phương tiện,0,NONE
295,Xây dựng ứng dụng di động dựa trên Internet of Things (IoT) cho nhà thông minh,Xây dựng hệ thống quản lý hoạt động bán lẻ trực tuyến,0,NONE
296,Xây dựng ứng dụng di động dựa trên Internet of Things (IoT) cho nhà thông minh,Phát triển ứng dụng di động cho việc quản lý tài sản cá nhân,0,NONE
297,Xây dựng ứng dụng di động dựa trên Internet of Things (IoT) cho nhà thông minh,Nghiên cứu và triển khai công nghệ trí tuệ nhân tạo trong việc tối ưu hóa quá trình sản xuất,0,NONE
298,Xây dựng ứng dụng di động dựa trên Internet of Things (IoT) cho nhà thông minh,Tối ưu hóa và phân tích thuật toán Machine Learning trong việc dự đoán xu hướng thị trường,0,NONE
299,Xây dựng ứng dụng di động dựa trên Internet of Things (IoT) cho nhà thông minh,Xây dựng hệ thống quản lý học tập và đào tạo trực tuyến,0,NONE
300,Xây dựng ứng dụng di động dựa trên Internet of Things (IoT) cho nhà thông minh,Phát triển ứng dụng di động cho việc quản lý lịch trình cá nhân,0,NONE
301,Xây dựng ứng dụng di động dựa trên Internet of Things (IoT) cho nhà thông minh,Nghiên cứu và triển khai công nghệ xử lý ngôn ngữ tự nhiên trong ứng dụng di động,0,NONE
302,Xây dựng ứng dụng di động dựa trên Internet of Things (IoT) cho nhà thông minh,Tối ưu hóa và cải thiện hiệu suất hệ thống điều khiển tự động bằng Machine Learning,0,NONE
303,Xây dựng ứng dụng di động dựa trên Internet of Things (IoT) cho nhà thông minh,Xây dựng hệ thống quản lý dự án trực tuyến dành cho ngành xây dựng,0,NONE
304,Xây dựng ứng dụng di động dựa trên Internet of Things (IoT) cho nhà thông minh,Phát triển ứng dụng di động cho việc quản lý việc thực hiện dự án,0,NONE
305,Xây dựng ứng dụng di động dựa trên Internet of Things (IoT) cho nhà thông minh,Nghiên cứu và triển khai công nghệ trích xuất thông tin từ các tài liệu kỹ thuật,0,NONE
306,Xây dựng ứng dụng di động dựa trên Internet of Things (IoT) cho nhà thông minh,Tối ưu hóa và phân tích thuật toán tìm kiếm thông tin trong dữ liệu lớn,0,NONE
307,Xây dựng ứng dụng di động dựa trên Internet of Things (IoT) cho nhà thông minh,Xây dựng hệ thống quản lý dự án phân tán và đa ngôn ngữ,0,NONE
308,Xây dựng ứng dụng di động dựa trên Internet of Things (IoT) cho nhà thông minh,Phát triển ứng dụng di động cho việc quản lý công việc trong doanh nghiệp,0,NONE
309,Xây dựng ứng dụng di động dựa trên Internet of Things (IoT) cho nhà thông minh,Nghiên cứu và triển khai công nghệ trí tuệ nhân tạo trong việc tự động hóa quy trình sản xuất,0,NONE
310,Xây dựng ứng dụng di động dựa trên Internet of Things (IoT) cho nhà thông minh,Tối ưu hóa và cải thiện hiệu suất hệ thống truyền thông âm thanh/viễn thông,0,NONE
311,Xây dựng ứng dụng di động dựa trên Internet of Things (IoT) cho nhà thông minh,Xây dựng hệ thống quản lý đối tác và khách hàng trực tuyến,0,NONE
312,Xây dựng ứng dụng di động dựa trên Internet of Things (IoT) cho nhà thông minh,Phát triển ứng dụng di động cho việc quản lý tài chính cá nhân và đầu tư,0,NONE
313,Xây dựng ứng dụng di động dựa trên Internet of Things (IoT) cho nhà thông minh,Nghiên cứu và triển khai công nghệ dự đoán và phân loại trong việc quản lý dữ liệu,0,NONE
314,Xây dựng ứng dụng di động dựa trên Internet of Things (IoT) cho nhà thông minh,Tối ưu hóa và phân tích thuật toán Machine Learning trong việc dự đoán xu hướng người dùng,0,NONE
315,Xây dựng ứng dụng di động dựa trên Internet of Things (IoT) cho nhà thông minh,Xây dựng hệ thống quản lý nhà trường và đào tạo trực tuyến,0,NONE
316,Xây dựng ứng dụng di động dựa trên Internet of Things (IoT) cho nhà thông minh,Phát triển ứng dụng di động cho việc quản lý việc giải trí và giải trí,0,NONE
317,Xây dựng ứng dụng di động dựa trên Internet of Things (IoT) cho nhà thông minh,Nghiên cứu và triển khai công nghệ trích xuất dữ liệu từ các tài liệu văn bản kỹ thuật,0,NONE
318,Xây dựng ứng dụng di động dựa trên Internet of Things (IoT) cho nhà thông minh,Tối ưu hóa và cải thiện hiệu suất hệ thống truyền thông dữ liệu lớn,0,NONE
319,Xây dựng ứng dụng di động dựa trên Internet of Things (IoT) cho nhà thông minh,Xây dựng hệ thống quản lý dự án phân tán và đa nền tảng dành cho doanh nghiệp,0,NONE
320,Xây dựng ứng dụng di động dựa trên Internet of Things (IoT) cho nhà thông minh,Phát triển ứng dụng di động cho việc quản lý việc kinh doanh và doanh nghiệp,0,NONE
321,Xây dựng ứng dụng di động dựa trên Internet of Things (IoT) cho nhà thông minh,Nghiên cứu và triển khai công nghệ trí tuệ nhân tạo trong việc cải thiện quá trình sản xuất,0,NONE
322,Xây dựng ứng dụng di động dựa trên Internet of Things (IoT) cho nhà thông minh,Tối ưu hóa và phân tích thuật toán tìm kiếm thông tin trong ứng dụng di động,0,NONE
323,Xây dựng ứng dụng di động dựa trên Internet of Things (IoT) cho nhà thông minh,Xây dựng hệ thống quản lý dự án phân tán và đa nền tảng dành cho ngành quảng cáo và marketing,0,NONE
324,Xây dựng ứng dụng di động dựa trên Internet of Things (IoT) cho nhà thông minh,Phát triển ứng dụng di động cho việc quản lý việc kinh doanh và bán hàng,0,NONE
325,Xây dựng ứng dụng di động dựa trên Internet of Things (IoT) cho nhà thông minh,Nghiên cứu và triển khai công nghệ xử lý ngôn ngữ tự nhiên trong ứng dụng web,0,NONE
326,Xây dựng ứng dụng di động dựa trên Internet of Things (IoT) cho nhà thông minh,Tối ưu hóa và cải thiện hiệu suất hệ thống điều khiển tự động trong môi trường công nghiệp,0,NONE
327,Xây dựng ứng dụng di động dựa trên Internet of Things (IoT) cho nhà thông minh,Xây dựng hệ thống quản lý tài chính và thu chi cá nhân trực tuyến,0,NONE
328,Xây dựng ứng dụng di động dựa trên Internet of Things (IoT) cho nhà thông minh,Phát triển ứng dụng di động cho việc quản lý việc học tập và nghiên cứu,0,NONE
329,Xây dựng ứng dụng di động dựa trên Internet of Things (IoT) cho nhà thông minh,Nghiên cứu và triển khai công nghệ trí tuệ nhân tạo trong việc tối ưu hóa dự đoán thị trường tài chính,0,NONE
330,Xây dựng ứng dụng di động dựa trên Internet of Things (IoT) cho nhà thông minh,Tối ưu hóa và phân tích thuật toán Machine Learning trong việc dự đoán xu hướng kỹ thuật số,0,NONE
331,Xây dựng ứng dụng di động dựa trên Internet of Things (IoT) cho nhà thông minh,Xây dựng hệ thống quản lý sản xuất và lịch trình sản xuất trực tuyến,0,NONE
332,Xây dựng ứng dụng di động dựa trên Internet of Things (IoT) cho nhà thông minh,Phát triển ứng dụng di động cho việc quản lý việc học và đào tạo,0,NONE
333,Xây dựng ứng dụng di động dựa trên Internet of Things (IoT) cho nhà thông minh,Nghiên cứu và triển khai công nghệ trích xuất thông tin từ ảnh và video kỹ thuật số,0,NONE
334,Xây dựng ứng dụng di động dựa trên Internet of Things (IoT) cho nhà thông minh,Tối ưu hóa và cải thiện hiệu suất hệ thống truyền thông trực tuyến,0,NONE
335,Xây dựng ứng dụng di động dựa trên Internet of Things (IoT) cho nhà thông minh,Xây dựng hệ thống quản lý nhà trường và đào tạo dành cho sinh viên,0,NONE
336,Xây dựng ứng dụng di động dựa trên Internet of Things (IoT) cho nhà thông minh,Phát triển ứng dụng di động cho việc quản lý công việc trong lĩnh vực giáo dục,0,NONE
337,Xây dựng ứng dụng di động dựa trên Internet of Things (IoT) cho nhà thông minh,Nghiên cứu và triển khai công nghệ dự đoán và phân loại dữ liệu lớn,0,NONE
338,Xây dựng ứng dụng di động dựa trên Internet of Things (IoT) cho nhà thông minh,Tối ưu hóa và phân tích thuật toán Machine Learning trong việc dự đoán xu hướng người dùng,0,NONE
339,Xây dựng ứng dụng di động dựa trên Internet of Things (IoT) cho nhà thông minh,Xây dựng hệ thống quản lý học tập và đào tạo dành cho doanh nghiệp,0,NONE
340,Xây dựng ứng dụng di động dựa trên Internet of Things (IoT) cho nhà thông minh,Phát triển ứng dụng di động cho việc quản lý sự kiện và tổ chức,0,NONE
341,Xây dựng ứng dụng di động dựa trên Internet of Things (IoT) cho nhà thông minh,Nghiên cứu và triển khai công nghệ trích xuất dữ liệu từ các tài liệu kỹ thuật,0,NONE
342,Xây dựng ứng dụng di động dựa trên Internet of Things (IoT) cho nhà thông minh,Tối ưu hóa và cải thiện hiệu suất hệ thống truyền thông mạng máy tính,0,NONE
343,Xây dựng ứng dụng di động dựa trên Internet of Things (IoT) cho nhà thông minh,Xây dựng hệ thống quản lý dự án phân tán và đa nền tảng cho các dự án nghiên cứu khoa học,0,NONE
344,Xây dựng ứng dụng di động dựa trên Internet of Things (IoT) cho nhà thông minh,Phát triển ứng dụng di động cho việc quản lý việc tham gia các hoạt động xã hội và tình nguyện,0,NONE
345,Xây dựng ứng dụng di động dựa trên Internet of Things (IoT) cho nhà thông minh,Nghiên cứu và triển khai công nghệ trí tuệ nhân tạo trong việc tự động hóa quy trình sản xuất,0,NONE
346,Xây dựng ứng dụng di động dựa trên Internet of Things (IoT) cho nhà thông minh,Tối ưu hóa và phân tích thuật toán tìm kiếm thông tin trong ứng dụng web,0,NONE
347,Xây dựng ứng dụng di động dựa trên Internet of Things (IoT) cho nhà thông minh,Xây dựng hệ thống quản lý đối tác và khách hàng trực tuyến dành cho ngành dịch vụ,0,NONE
348,Xây dựng ứng dụng di động dựa trên Internet of Things (IoT) cho nhà thông minh,Phát triển ứng dụng di động cho việc quản lý công việc trong doanh nghiệp,0,NONE
349,Xây dựng ứng dụng di động dựa trên Internet of Things (IoT) cho nhà thông minh,Nghiên cứu và triển khai công nghệ trích xuất dữ liệu từ các tài liệu văn bản kỹ thuật,0,NONE
350,Xây dựng ứng dụng di động dựa trên Internet of Things (IoT) cho nhà thông minh,Tối ưu hóa và cải thiện hiệu suất hệ thống truyền thông dữ liệu lớn,0,NONE
351,Xây dựng ứng dụng di động dựa trên Internet of Things (IoT) cho nhà thông minh,Xây dựng hệ thống quản lý dự án phân tán và đa nền tảng dành cho ngành giáo dục,0,NONE
352,Xây dựng ứng dụng di động dựa trên Internet of Things (IoT) cho nhà thông minh,Phát triển ứng dụng di động cho việc kinh doanh và doanh nghiệp,0,NONE
353,Xây dựng ứng dụng di động dựa trên Internet of Things (IoT) cho nhà thông minh,Nghiên cứu và triển khai công nghệ xử lý ngôn ngữ tự nhiên trong ứng dụng di động,0,NONE
354,Xây dựng ứng dụng di động dựa trên Internet of Things (IoT) cho nhà thông minh,Tối ưu hóa và cải thiện hiệu suất hệ thống điều khiển tự động trong môi trường công nghiệp,0,NONE
355,Xây dựng ứng dụng di động dựa trên Internet of Things (IoT) cho nhà thông minh,Xây dựng hệ thống quản lý tài chính và thu chi cá nhân trực tuyến,0,NONE
356,Xây dựng ứng dụng di động dựa trên Internet of Things (IoT) cho nhà thông minh,Phát triển ứng dụng di động cho việc học tập và nghiên cứu,0,NONE
357,Xây dựng ứng dụng di động dựa trên Internet of Things (IoT) cho nhà thông minh,Nghiên cứu và triển khai công nghệ trí tuệ nhân tạo trong việc cải thiện quá trình sản xuất,0,NONE
358,Xây dựng ứng dụng di động dựa trên Internet of Things (IoT) cho nhà thông minh,Tối ưu hóa và phân tích thuật toán tìm kiếm thông tin trong ứng dụng di động,0,NONE
359,Xây dựng ứng dụng di động dựa trên Internet of Things (IoT) cho nhà thông minh,Xây dựng hệ thống quản lý dự án phân tán và đa nền tảng dành cho ngành quảng cáo và marketing,0,NONE
360,Xây dựng ứng dụng di động dựa trên Internet of Things (IoT) cho nhà thông minh,Phát triển ứng dụng di động cho việc kinh doanh và bán hàng,0,NONE
361,Xây dựng ứng dụng di động dựa trên Internet of Things (IoT) cho nhà thông minh,Nghiên cứu và triển khai công nghệ trích xuất thông tin từ ảnh và video kỹ thuật số,0,NONE
362,Xây dựng ứng dụng di động dựa trên Internet of Things (IoT) cho nhà thông minh,Tối ưu hóa và cải thiện hiệu suất hệ thống truyền thông trực tuyến,0,NONE
363,Xây dựng ứng dụng di động dựa trên Internet of Things (IoT) cho nhà thông minh,Xây dựng hệ thống quản lý nhà trường và đào tạo dành cho sinh viên,0,NONE
364,Xây dựng ứng dụng di động dựa trên Internet of Things (IoT) cho nhà thông minh,Phát triển ứng dụng di động cho việc quản lý công việc trong lĩnh vực giáo dục,0,NONE
365,Xây dựng ứng dụng di động dựa trên Internet of Things (IoT) cho nhà thông minh,Nghiên cứu và triển khai công nghệ dự đoán và phân loại dữ liệu lớn,0,NONE
366,Xây dựng ứng dụng di động dựa trên Internet of Things (IoT) cho nhà thông minh,Tối ưu hóa và phân tích thuật toán Machine Learning trong việc dự đoán xu hướng người dùng,0,NONE
367,Xây dựng ứng dụng di động dựa trên Internet of Things (IoT) cho nhà thông minh,Xây dựng hệ thống quản lý học tập và đào tạo dành cho doanh nghiệp,0,NONE
368,Xây dựng ứng dụng di động dựa trên Internet of Things (IoT) cho nhà thông minh,Phát triển ứng dụng di động cho việc quản lý sự kiện và tổ chức,0,NONE
369,Xây dựng ứng dụng di động dựa trên Internet of Things (IoT) cho nhà thông minh,Nghiên cứu và triển khai công nghệ trích xuất dữ liệu từ các tài liệu kỹ thuật,0,NONE
370,Xây dựng ứng dụng di động dựa trên Internet of Things (IoT) cho nhà thông minh,Tối ưu hóa và cải thiện hiệu suất hệ thống truyền thông mạng máy tính,0,NONE
371,Xây dựng ứng dụng di động dựa trên Internet of Things (IoT) cho nhà thông minh,Xây dựng hệ thống quản lý dự án phân tán và đa nền tảng cho các dự án nghiên cứu khoa học,0,NONE
372,Xây dựng ứng dụng di động dựa trên Internet of Things (IoT) cho nhà thông minh,Phát triển ứng dụng di động cho việc quản lý việc tham gia các hoạt động xã hội và tình nguyện,0,NONE
373,Xây dựng ứng dụng di động dựa trên Internet of Things (IoT) cho nhà thông minh,Nghiên cứu và triển khai công nghệ trí tuệ nhân tạo trong việc tự động hóa quy trình sản xuất,0,NONE
374,Xây dựng ứng dụng di động dựa trên Internet of Things (IoT) cho nhà thông minh,Tối ưu hóa và phân tích thuật toán tìm kiếm thông tin trong ứng dụng web,0,NONE
375,Xây dựng ứng dụng di động dựa trên Internet of Things (IoT) cho nhà thông minh,Xây dựng hệ thống quản lý đối tác và khách hàng trực tuyến dành cho ngành dịch vụ,0,NONE
376,Xây dựng ứng dụng di động dựa trên Internet of Things (IoT) cho nhà thông minh,Phát triển ứng dụng di động cho việc quản lý công việc trong doanh nghiệp,0,NONE
377,Xây dựng ứng dụng di động dựa trên Internet of Things (IoT) cho nhà thông minh,Nghiên cứu và triển khai công nghệ trích xuất dữ liệu từ các tài liệu văn bản kỹ thuật,0,NONE
378,Xây dựng ứng dụng di động dựa trên Internet of Things (IoT) cho nhà thông minh,Tối ưu hóa và cải thiện hiệu suất hệ thống truyền thông dữ liệu lớn,0,NONE
379,Xây dựng ứng dụng di động dựa trên Internet of Things (IoT) cho nhà thông minh,Xây dựng hệ thống quản lý dự án phân tán và đa nền tảng dành cho ngành giáo dục,0,NONE
380,Xây dựng ứng dụng di động dựa trên Internet of Things (IoT) cho nhà thông minh,Phát triển ứng dụng di động cho việc quản lý việc kinh doanh và doanh nghiệp,0,NONE
381,Xây dựng ứng dụng di động dựa trên Internet of Things (IoT) cho nhà thông minh,Nghiên cứu và triển khai công nghệ xử lý ngôn ngữ tự nhiên trong ứng dụng di động,0,NONE
382,Xây dựng ứng dụng di động dựa trên Internet of Things (IoT) cho nhà thông minh,Tối ưu hóa và cải thiện hiệu suất hệ thống điều khiển tự động trong môi trường công nghiệp,0,NONE
383,Xây dựng ứng dụng di động dựa trên Internet of Things (IoT) cho nhà thông minh,Xây dựng hệ thống quản lý tài chính và thu chi cá nhân trực tuyến,0,NONE
384,Xây dựng ứng dụng di động dựa trên Internet of Things (IoT) cho nhà thông minh,Phát triển ứng dụng di động cho việc quản lý việc học tập và nghiên cứu,0,NONE
385,Xây dựng ứng dụng di động dựa trên Internet of Things (IoT) cho nhà thông minh,Nghiên cứu và triển khai công nghệ trí tuệ nhân tạo trong việc cải thiện quá trình sản xuất,0,NONE
386,Xây dựng ứng dụng di động dựa trên Internet of Things (IoT) cho nhà thông minh,Tối ưu hóa và phân tích thuật toán tìm kiếm thông tin trong ứng dụng di động,0,NONE
387,Xây dựng ứng dụng di động dựa trên Internet of Things (IoT) cho nhà thông minh,Xây dựng hệ thống quản lý dự án phân tán và đa nền tảng dành cho ngành quảng cáo và marketing,0,NONE
388,Xây dựng ứng dụng di động dựa trên Internet of Things (IoT) cho nhà thông minh,Phát triển ứng dụng di động cho việc quản lý việc kinh doanh và bán hàng,0,NONE
389,Xây dựng ứng dụng di động dựa trên Internet of Things (IoT) cho nhà thông minh,Nghiên cứu và triển khai công nghệ trích xuất thông tin từ ảnh và video kỹ thuật số,0,NONE
390,Xây dựng ứng dụng di động dựa trên Internet of Things (IoT) cho nhà thông minh,Tối ưu hóa và cải thiện hiệu suất hệ thống truyền thông trực tuyến,0,NONE
391,Xây dựng ứng dụng di động dựa trên Internet of Things (IoT) cho nhà thông minh,Xây dựng hệ thống quản lý nhà trường và đào tạo dành cho sinh viên,0,NONE
392,Xây dựng ứng dụng di động dựa trên Internet of Things (IoT) cho nhà thông minh,Phát triển ứng dụng di động cho việc quản lý công việc trong lĩnh vực giáo dục,0,NONE
393,Xây dựng ứng dụng di động dựa trên Internet of Things (IoT) cho nhà thông minh,Nghiên cứu và triển khai công nghệ dự đoán và phân loại dữ liệu lớn,0,NONE
394,Xây dựng ứng dụng di động dựa trên Internet of Things (IoT) cho nhà thông minh,Tối ưu hóa và phân tích thuật toán Machine Learning trong việc dự đoán xu hướng người dùng,0,NONE
395,Xây dựng ứng dụng di động dựa trên Internet of Things (IoT) cho nhà thông minh,Xây dựng hệ thống quản lý học tập và đào tạo dành cho doanh nghiệp,0,NONE
396,Xây dựng ứng dụng di động dựa trên Internet of Things (IoT) cho nhà thông minh,Phát triển ứng dụng di động cho việc quản lý sự kiện và tổ chức,0,NONE
397,Xây dựng ứng dụng di động dựa trên Internet of Things (IoT) cho nhà thông minh,Nghiên cứu và triển khai công nghệ trích xuất dữ liệu từ các tài liệu kỹ thuật,0,NONE
398,Phân tích và tối ưu hóa hiệu suất của mạng máy tính,Phát triển ứng dụng di động đa nền tảng sử dụng Flutter,0,NONE
399,Phân tích và tối ưu hóa hiệu suất của mạng máy tính,Nghiên cứu về lưu trữ dữ liệu đám mây và tích hợp chúng vào ứng dụng,0,NONE
400,Phân tích và tối ưu hóa hiệu suất của mạng máy tính,Kiểm thử và đánh giá bảo mật ứng dụng web,0,NONE
401,Phân tích và tối ưu hóa hiệu suất của mạng máy tính,Phát triển hệ thống hỗ trợ quyết định dựa trên dữ liệu lớn (Big Data),0,NONE
402,Phân tích và tối ưu hóa hiệu suất của mạng máy tính,Phân tích các phương pháp mã hóa dữ liệu trong ứng dụng di động,0,NONE
403,Phân tích và tối ưu hóa hiệu suất của mạng máy tính,Tối ưu hóa thuật toán tìm kiếm trong cơ sở dữ liệu,0,NONE
404,Phân tích và tối ưu hóa hiệu suất của mạng máy tính,Triển khai mô hình Machine Learning trong việc dự đoán doanh số bán hàng,0,NONE
405,Phân tích và tối ưu hóa hiệu suất của mạng máy tính,Phân tích và phát triển ứng dụng chatbot trên nền tảng trí tuệ nhân tạo,0,NONE
406,Phân tích và tối ưu hóa hiệu suất của mạng máy tính,Xây dựng hệ thống quản lý dự án trực tuyến,0,NONE
407,Phân tích và tối ưu hóa hiệu suất của mạng máy tính,Đánh giá hiệu năng của các kiến trúc máy tính đám mây,1,LOW
408,Phân tích và tối ưu hóa hiệu suất của mạng máy tính,Tích hợp công nghệ Blockchain trong ứng dụng giao dịch tài chính,0,NONE
409,Phân tích và tối ưu hóa hiệu suất của mạng máy tính,Phân tích và đánh giá các nguy cơ an ninh trong ứng dụng di động,0,NONE
410,Phân tích và tối ưu hóa hiệu suất của mạng máy tính,Xây dựng ứng dụng e-commerce với tích hợp thanh toán trực tuyến,0,NONE
411,Phân tích và tối ưu hóa hiệu suất của mạng máy tính,Phát triển ứng dụng trợ lý ảo cho việc lập kế hoạch cá nhân,0,NONE
412,Phân tích và tối ưu hóa hiệu suất của mạng máy tính,Xây dựng hệ thống quản lý nhân sự và lương bằng CNTT,0,NONE
413,Phân tích và tối ưu hóa hiệu suất của mạng máy tính,Nghiên cứu và phát triển giải pháp an ninh mạng,0,NONE
414,Phân tích và tối ưu hóa hiệu suất của mạng máy tính,Tối ưu hóa cơ sở dữ liệu NoSQL cho ứng dụng web,0,NONE
415,Phân tích và tối ưu hóa hiệu suất của mạng máy tính,Phân tích và cải thiện hiệu suất của ứng dụng trên nền tảng di động,1,LOW
416,Phân tích và tối ưu hóa hiệu suất của mạng máy tính,Xây dựng ứng dụng học ngoại ngữ trực tuyến,0,NONE
417,Phân tích và tối ưu hóa hiệu suất của mạng máy tính,Phân tích và phát triển hệ thống nhận dạng khuôn mặt,0,NONE
418,Phân tích và tối ưu hóa hiệu suất của mạng máy tính,Xây dựng hệ thống quản lý khách hàng (CRM) đa nền tảng,0,NONE
419,Phân tích và tối ưu hóa hiệu suất của mạng máy tính,Nghiên cứu và triển khai công nghệ 5G,0,NONE
420,Phân tích và tối ưu hóa hiệu suất của mạng máy tính,Xây dựng hệ thống thông tin địa lý (GIS) cho bản đồ trực tuyến,0,NONE
421,Phân tích và tối ưu hóa hiệu suất của mạng máy tính,Phân tích và tối ưu hóa cấu trúc dữ liệu của ứng dụng,1,LOW
422,Phân tích và tối ưu hóa hiệu suất của mạng máy tính,Phát triển ứng dụng hỗ trợ việc học trực tuyến,0,NONE
423,Phân tích và tối ưu hóa hiệu suất của mạng máy tính,Nghiên cứu và triển khai công nghệ truyền dẫn âm thanh/viễn thông,0,NONE
424,Phân tích và tối ưu hóa hiệu suất của mạng máy tính,Xây dựng ứng dụng hỗ trợ việc tạo và quản lý lịch trình,0,NONE
425,Phân tích và tối ưu hóa hiệu suất của mạng máy tính,Nghiên cứu và triển khai hệ thống giám sát môi trường sử dụng Công nghệ Internet of Things (IoT),0,NONE
426,Phân tích và tối ưu hóa hiệu suất của mạng máy tính,Phát triển ứng dụng di động cho việc quản lý công việc cá nhân,0,NONE
427,Phân tích và tối ưu hóa hiệu suất của mạng máy tính,Nghiên cứu và triển khai công nghệ trí tuệ nhân tạo trong ứng dụng y tế,0,NONE
428,Phân tích và tối ưu hóa hiệu suất của mạng máy tính,Xây dựng hệ thống quản lý tài liệu trực tuyến,0,NONE
429,Phân tích và tối ưu hóa hiệu suất của mạng máy tính,Phân tích và phát triển hệ thống gợi ý sản phẩm cho các trang thương mại điện tử,0,NONE
430,Phân tích và tối ưu hóa hiệu suất của mạng máy tính,Triển khai hệ thống giám sát mạng máy tính,1,LOW
431,Phân tích và tối ưu hóa hiệu suất của mạng máy tính,Xây dựng ứng dụng trò chơi trên nền tảng di động,0,NONE
432,Phân tích và tối ưu hóa hiệu suất của mạng máy tính,Nghiên cứu và triển khai công nghệ Blockchain trong lĩnh vực tài chính,0,NONE
433,Phân tích và tối ưu hóa hiệu suất của mạng máy tính,Tối ưu hóa và cải thiện hiệu suất cơ sở dữ liệu SQL,1,LOW
434,Phân tích và tối ưu hóa hiệu suất của mạng máy tính,Phát triển ứng dụng quản lý học tập trực tuyến,0,NONE
435,Phân tích và tối ưu hóa hiệu suất của mạng máy tính,Nghiên cứu về bảo mật và đánh giá rủi ro của ứng dụng web,0,NONE
436,Phân tích và tối ưu hóa hiệu suất của mạng máy tính,Phát triển hệ thống dự đoán thời tiết thông qua dữ liệu lớn,0,NONE
437,Phân tích và tối ưu hóa hiệu suất của mạng máy tính,Xây dựng hệ thống điều khiển các thiết bị thông qua ứng dụng di động,0,NONE
438,Phân tích và tối ưu hóa hiệu suất của mạng máy tính,Phân tích và phát triển hệ thống chấm công nhân viên tự động,0,NONE
439,Phân tích và tối ưu hóa hiệu suất của mạng máy tính,Tối ưu hóa và phân tích độ phức tạp của thuật toán,1,LOW
440,Phân tích và tối ưu hóa hiệu suất của mạng máy tính,Nghiên cứu và triển khai ứng dụng trợ lý ảo dựa trên trí tuệ nhân tạo,0,NONE
441,Phân tích và tối ưu hóa hiệu suất của mạng máy tính,Xây dựng hệ thống quản lý nhà hàng và đặt hàng trực tuyến,0,NONE
442,Phân tích và tối ưu hóa hiệu suất của mạng máy tính,Phát triển ứng dụng giao tiếp qua giọng nói,0,NONE
443,Phân tích và tối ưu hóa hiệu suất của mạng máy tính,Nghiên cứu về công nghệ ảo hóa và triển khai máy ảo,0,NONE
444,Phân tích và tối ưu hóa hiệu suất của mạng máy tính,Phát triển ứng dụng di động cho việc quản lý tài chính cá nhân,0,NONE
445,Phân tích và tối ưu hóa hiệu suất của mạng máy tính,Tối ưu hóa và nâng cấp cơ sở dữ liệu NoSQL,0,NONE
446,Phân tích và tối ưu hóa hiệu suất của mạng máy tính,Nghiên cứu và triển khai công nghệ mạng 5G,0,NONE
447,Phân tích và tối ưu hóa hiệu suất của mạng máy tính,Xây dựng hệ thống đánh giá hiệu suất nhân viên dựa trên dữ liệu,0,NONE
448,Phân tích và tối ưu hóa hiệu suất của mạng máy tính,Phát triển ứng dụng di động giúp người dùng tìm kiếm địa điểm du lịch,0,NONE
449,Phân tích và tối ưu hóa hiệu suất của mạng máy tính,Nghiên cứu về công nghệ truyền thông âm thanh và hình ảnh,0,NONE
450,Phân tích và tối ưu hóa hiệu suất của mạng máy tính,Xây dựng hệ thống quản lý sự kiện trực tuyến,0,NONE
451,Phân tích và tối ưu hóa hiệu suất của mạng máy tính,Phát triển ứng dụng di động dành cho việc học ngoại ngữ,0,NONE
452,Phân tích và tối ưu hóa hiệu suất của mạng máy tính,Tối ưu hóa và phân tích thuật toán Machine Learning,0,NONE
453,Phân tích và tối ưu hóa hiệu suất của mạng máy tính,Nghiên cứu về công nghệ Internet of Things (IoT) trong việc quản lý năng lượng,0,NONE
454,Phân tích và tối ưu hóa hiệu suất của mạng máy tính,Phát triển hệ thống giao dịch và thanh toán trực tuyến,0,NONE
455,Phân tích và tối ưu hóa hiệu suất của mạng máy tính,Nghiên cứu và triển khai công nghệ trích xuất thông tin từ văn bản tự động,0,NONE
456,Phân tích và tối ưu hóa hiệu suất của mạng máy tính,Xây dựng hệ thống quản lý kho hàng trực tuyến,0,NONE
457,Phân tích và tối ưu hóa hiệu suất của mạng máy tính,Phát triển ứng dụng di động cho việc chăm sóc sức khỏe,0,NONE
458,Phân tích và tối ưu hóa hiệu suất của mạng máy tính,Nghiên cứu và triển khai công nghệ trích xuất dữ liệu từ hình ảnh và video,0,NONE
459,Phân tích và tối ưu hóa hiệu suất của mạng máy tính,Tối ưu hóa và nâng cao hiệu suất hệ thống điều khiển tự động,1,LOW
460,Phân tích và tối ưu hóa hiệu suất của mạng máy tính,Xây dựng hệ thống quản lý dự án trực tuyến,0,NONE
461,Phân tích và tối ưu hóa hiệu suất của mạng máy tính,Phát triển ứng dụng di động cho việc quản lý thời gian làm việc,0,NONE
462,Phân tích và tối ưu hóa hiệu suất của mạng máy tính,Nghiên cứu về công nghệ trích xuất dữ liệu từ âm thanh và giọng nói,0,NONE
463,Phân tích và tối ưu hóa hiệu suất của mạng máy tính,Tối ưu hóa và phân tích thuật toán tìm kiếm trực tuyến,0,NONE
464,Phân tích và tối ưu hóa hiệu suất của mạng máy tính,Xây dựng hệ thống quản lý điểm danh và chấm công trực tuyến,0,NONE
465,Phân tích và tối ưu hóa hiệu suất của mạng máy tính,Phát triển ứng dụng di động cho việc tìm kiếm nhà ở,0,NONE
466,Phân tích và tối ưu hóa hiệu suất của mạng máy tính,Nghiên cứu và triển khai công nghệ xử lý ngôn ngữ tự nhiên,0,NONE
467,Phân tích và tối ưu hóa hiệu suất của mạng máy tính,Tối ưu hóa và cải thiện hiệu suất hệ thống điều khiển đồng thời,1,LOW
468,Phân tích và tối ưu hóa hiệu suất của mạng máy tính,Xây dựng hệ thống quản lý đào tạo và đánh giá nhân viên,0,NONE
469,Phân tích và tối ưu hóa hiệu suất của mạng máy tính,Phát triển ứng dụng di động cho việc quản lý chi tiêu,0,NONE
470,Phân tích và tối ưu hóa hiệu suất của mạng máy tính,Nghiên cứu và triển khai công nghệ trí tuệ nhân tạo trong ứng dụng thương mại điện tử,0,NONE
471,Phân tích và tối ưu hóa hiệu suất của mạng máy tính,Tối ưu hóa và phân tích thuật toán Machine Learning sử dụng dữ liệu lớn,0,NONE
472,Phân tích và tối ưu hóa hiệu suất của mạng máy tính,Xây dựng hệ thống quản lý chất lượng dịch vụ trực tuyến,0,NONE
473,Phân tích và tối ưu hóa hiệu suất của mạng máy tính,Phát triển ứng dụng di động cho việc quản lý việc mua sắm,0,NONE
474,Phân tích và tối ưu hóa hiệu suất của mạng máy tính,Nghiên cứu và triển khai công nghệ trích xuất dữ liệu từ các tài liệu văn bản,0,NONE
475,Phân tích và tối ưu hóa hiệu suất của mạng máy tính,Tối ưu hóa và cải thiện hiệu suất hệ thống điều khiển thiết bị IoT,0,NONE
476,Phân tích và tối ưu hóa hiệu suất của mạng máy tính,Xây dựng hệ thống quản lý tài nguyên con người trực tuyến,0,NONE
477,Phân tích và tối ưu hóa hiệu suất của mạng máy tính,Phát triển ứng dụng di động cho việc quản lý công việc nhóm,0,NONE
478,Phân tích và tối ưu hóa hiệu suất của mạng máy tính,Nghiên cứu và triển khai công nghệ dự đoán và phân loại dữ liệu,0,NONE
479,Phân tích và tối ưu hóa hiệu suất của mạng máy tính,Tối ưu hóa và phân tích thuật toán tối ưu trong quản lý dự án,1,LOW
480,Phân tích và tối ưu hóa hiệu suất của mạng máy tính,Xây dựng hệ thống quản lý vận hành nhà máy trực tuyến,0,NONE
481,Phân tích và tối ưu hóa hiệu suất của mạng máy tính,Phát triển ứng dụng di động cho việc học và rèn luyện kỹ năng,0,NONE
482,Phân tích và tối ưu hóa hiệu suất của mạng máy tính,Nghiên cứu và triển khai công nghệ trí tuệ nhân tạo trong lĩnh vực giáo dục,0,NONE
483,Phân tích và tối ưu hóa hiệu suất của mạng máy tính,Tối ưu hóa và cải thiện hiệu suất hệ thống quản lý lưu trữ dữ liệu,1,LOW
484,Phân tích và tối ưu hóa hiệu suất của mạng máy tính,Xây dựng hệ thống quản lý dự án phân tán và đa nền tảng,0,NONE
485,Phân tích và tối ưu hóa hiệu suất của mạng máy tính,Phát triển ứng dụng di động cho việc quản lý việc du lịch,0,NONE
486,Phân tích và tối ưu hóa hiệu suất của mạng máy tính,Nghiên cứu và triển khai công nghệ trí tuệ nhân tạo trong việc dự đoán thị trường tài chính,0,NONE
487,Phân tích và tối ưu hóa hiệu suất của mạng máy tính,Tối ưu hóa và phân tích thuật toán trong lĩnh vực trích xuất thông tin từ ảnh và video,0,NONE
488,Phân tích và tối ưu hóa hiệu suất của mạng máy tính,Xây dựng hệ thống quản lý tài nguyên nhân sự trực tuyến,0,NONE
489,Phân tích và tối ưu hóa hiệu suất của mạng máy tính,Phát triển ứng dụng di động cho việc quản lý sức khỏe và thể dục,0,NONE
490,Phân tích và tối ưu hóa hiệu suất của mạng máy tính,Nghiên cứu và triển khai công nghệ dự đoán và phân tích dữ liệu lớn,0,NONE
491,Phân tích và tối ưu hóa hiệu suất của mạng máy tính,Tối ưu hóa và cải thiện hiệu suất hệ thống truyền thông đa phương tiện,0,NONE
492,Phân tích và tối ưu hóa hiệu suất của mạng máy tính,Xây dựng hệ thống quản lý hoạt động bán lẻ trực tuyến,0,NONE
493,Phân tích và tối ưu hóa hiệu suất của mạng máy tính,Phát triển ứng dụng di động cho việc quản lý tài sản cá nhân,0,NONE
494,Phân tích và tối ưu hóa hiệu suất của mạng máy tính,Nghiên cứu và triển khai công nghệ trí tuệ nhân tạo trong việc tối ưu hóa quá trình sản xuất,0,NONE
495,Phân tích và tối ưu hóa hiệu suất của mạng máy tính,Tối ưu hóa và phân tích thuật toán Machine Learning trong việc dự đoán xu hướng thị trường,0,NONE
496,Phân tích và tối ưu hóa hiệu suất của mạng máy tính,Xây dựng hệ thống quản lý học tập và đào tạo trực tuyến,0,NONE
497,Phân tích và tối ưu hóa hiệu suất của mạng máy tính,Phát triển ứng dụng di động cho việc quản lý lịch trình cá nhân,0,NONE
498,Phân tích và tối ưu hóa hiệu suất của mạng máy tính,Nghiên cứu và triển khai công nghệ xử lý ngôn ngữ tự nhiên trong ứng dụng di động,0,NONE
499,Phân tích và tối ưu hóa hiệu suất của mạng máy tính,Tối ưu hóa và cải thiện hiệu suất hệ thống điều khiển tự động bằng Machine Learning,0,NONE
500,Phân tích và tối ưu hóa hiệu suất của mạng máy tính,Xây dựng hệ thống quản lý dự án trực tuyến dành cho ngành xây dựng,0,NONE
501,Phân tích và tối ưu hóa hiệu suất của mạng máy tính,Phát triển ứng dụng di động cho việc quản lý việc thực hiện dự án,0,NONE
502,Phân tích và tối ưu hóa hiệu suất của mạng máy tính,Nghiên cứu và triển khai công nghệ trích xuất thông tin từ các tài liệu kỹ thuật,0,NONE
503,Phân tích và tối ưu hóa hiệu suất của mạng máy tính,Tối ưu hóa và phân tích thuật toán tìm kiếm thông tin trong dữ liệu lớn,1,LOW
504,Phân tích và tối ưu hóa hiệu suất của mạng máy tính,Xây dựng hệ thống quản lý dự án phân tán và đa ngôn ngữ,0,NONE
505,Phân tích và tối ưu hóa hiệu suất của mạng máy tính,Phát triển ứng dụng di động cho việc quản lý công việc trong doanh nghiệp,0,NONE
506,Phân tích và tối ưu hóa hiệu suất của mạng máy tính,Nghiên cứu và triển khai công nghệ trí tuệ nhân tạo trong việc tự động hóa quy trình sản xuất,0,NONE
507,Phân tích và tối ưu hóa hiệu suất của mạng máy tính,Tối ưu hóa và cải thiện hiệu suất hệ thống truyền thông âm thanh/viễn thông,0,NONE
508,Phân tích và tối ưu hóa hiệu suất của mạng máy tính,Xây dựng hệ thống quản lý đối tác và khách hàng trực tuyến,0,NONE
509,Phân tích và tối ưu hóa hiệu suất của mạng máy tính,Phát triển ứng dụng di động cho việc quản lý tài chính cá nhân và đầu tư,0,NONE
510,Phân tích và tối ưu hóa hiệu suất của mạng máy tính,Nghiên cứu và triển khai công nghệ dự đoán và phân loại trong việc quản lý dữ liệu,0,NONE
511,Phân tích và tối ưu hóa hiệu suất của mạng máy tính,Tối ưu hóa và phân tích thuật toán Machine Learning trong việc dự đoán xu hướng người dùng,0,NONE
512,Phân tích và tối ưu hóa hiệu suất của mạng máy tính,Xây dựng hệ thống quản lý nhà trường và đào tạo trực tuyến,0,NONE
513,Phân tích và tối ưu hóa hiệu suất của mạng máy tính,Phát triển ứng dụng di động cho việc quản lý việc giải trí và giải trí,0,NONE
514,Phân tích và tối ưu hóa hiệu suất của mạng máy tính,Nghiên cứu và triển khai công nghệ trích xuất dữ liệu từ các tài liệu văn bản kỹ thuật,0,NONE
515,Phân tích và tối ưu hóa hiệu suất của mạng máy tính,Tối ưu hóa và cải thiện hiệu suất hệ thống truyền thông dữ liệu lớn,1,LOW
516,Phân tích và tối ưu hóa hiệu suất của mạng máy tính,Xây dựng hệ thống quản lý dự án phân tán và đa nền tảng dành cho doanh nghiệp,0,NONE
517,Phân tích và tối ưu hóa hiệu suất của mạng máy tính,Phát triển ứng dụng di động cho việc quản lý việc kinh doanh và doanh nghiệp,0,NONE
518,Phân tích và tối ưu hóa hiệu suất của mạng máy tính,Nghiên cứu và triển khai công nghệ trí tuệ nhân tạo trong việc cải thiện quá trình sản xuất,0,NONE
519,Phân tích và tối ưu hóa hiệu suất của mạng máy tính,Tối ưu hóa và phân tích thuật toán tìm kiếm thông tin trong ứng dụng di động,0,NONE
520,Phân tích và tối ưu hóa hiệu suất của mạng máy tính,Xây dựng hệ thống quản lý dự án phân tán và đa nền tảng dành cho ngành quảng cáo và marketing,0,NONE
521,Phân tích và tối ưu hóa hiệu suất của mạng máy tính,Phát triển ứng dụng di động cho việc quản lý việc kinh doanh và bán hàng,0,NONE
522,Phân tích và tối ưu hóa hiệu suất của mạng máy tính,Nghiên cứu và triển khai công nghệ xử lý ngôn ngữ tự nhiên trong ứng dụng web,0,NONE
523,Phân tích và tối ưu hóa hiệu suất của mạng máy tính,Tối ưu hóa và cải thiện hiệu suất hệ thống điều khiển tự động trong môi trường công nghiệp,0,NONE
524,Phân tích và tối ưu hóa hiệu suất của mạng máy tính,Xây dựng hệ thống quản lý tài chính và thu chi cá nhân trực tuyến,0,NONE
525,Phân tích và tối ưu hóa hiệu suất của mạng máy tính,Phát triển ứng dụng di động cho việc quản lý việc học tập và nghiên cứu,0,NONE
526,Phân tích và tối ưu hóa hiệu suất của mạng máy tính,Nghiên cứu và triển khai công nghệ trí tuệ nhân tạo trong việc tối ưu hóa dự đoán thị trường tài chính,0,NONE
527,Phân tích và tối ưu hóa hiệu suất của mạng máy tính,Tối ưu hóa và phân tích thuật toán Machine Learning trong việc dự đoán xu hướng kỹ thuật số,0,NONE
528,Phân tích và tối ưu hóa hiệu suất của mạng máy tính,Xây dựng hệ thống quản lý sản xuất và lịch trình sản xuất trực tuyến,0,NONE
529,Phân tích và tối ưu hóa hiệu suất của mạng máy tính,Phát triển ứng dụng di động cho việc quản lý việc học và đào tạo,0,NONE
530,Phân tích và tối ưu hóa hiệu suất của mạng máy tính,Nghiên cứu và triển khai công nghệ trích xuất thông tin từ ảnh và video kỹ thuật số,0,NONE
531,Phân tích và tối ưu hóa hiệu suất của mạng máy tính,Tối ưu hóa và cải thiện hiệu suất hệ thống truyền thông trực tuyến,0,NONE
532,Phân tích và tối ưu hóa hiệu suất của mạng máy tính,Xây dựng hệ thống quản lý nhà trường và đào tạo dành cho sinh viên,0,NONE
533,Phân tích và tối ưu hóa hiệu suất của mạng máy tính,Phát triển ứng dụng di động cho việc quản lý công việc trong lĩnh vực giáo dục,0,NONE
534,Phân tích và tối ưu hóa hiệu suất của mạng máy tính,Nghiên cứu và triển khai công nghệ dự đoán và phân loại dữ liệu lớn,0,NONE
535,Phân tích và tối ưu hóa hiệu suất của mạng máy tính,Tối ưu hóa và phân tích thuật toán Machine Learning trong việc dự đoán xu hướng người dùng,0,NONE
536,Phân tích và tối ưu hóa hiệu suất của mạng máy tính,Xây dựng hệ thống quản lý học tập và đào tạo dành cho doanh nghiệp,0,NONE
537,Phân tích và tối ưu hóa hiệu suất của mạng máy tính,Phát triển ứng dụng di động cho việc quản lý sự kiện và tổ chức,0,NONE
538,Phân tích và tối ưu hóa hiệu suất của mạng máy tính,Nghiên cứu và triển khai công nghệ trích xuất dữ liệu từ các tài liệu kỹ thuật,0,NONE
539,Phân tích và tối ưu hóa hiệu suất của mạng máy tính,Tối ưu hóa và cải thiện hiệu suất hệ thống truyền thông mạng máy tính,2,MEDIUM
540,Phân tích và tối ưu hóa hiệu suất của mạng máy tính,Xây dựng hệ thống quản lý dự án phân tán và đa nền tảng cho các dự án nghiên cứu khoa học,0,NONE
541,Phân tích và tối ưu hóa hiệu suất của mạng máy tính,Phát triển ứng dụng di động cho việc quản lý việc tham gia các hoạt động xã hội và tình nguyện,0,NONE
542,Phân tích và tối ưu hóa hiệu suất của mạng máy tính,Nghiên cứu và triển khai công nghệ trí tuệ nhân tạo trong việc tự động hóa quy trình sản xuất,0,NONE
543,Phân tích và tối ưu hóa hiệu suất của mạng máy tính,Tối ưu hóa và phân tích thuật toán tìm kiếm thông tin trong ứng dụng web,0,NONE
544,Phân tích và tối ưu hóa hiệu suất của mạng máy tính,Xây dựng hệ thống quản lý đối tác và khách hàng trực tuyến dành cho ngành dịch vụ,0,NONE
545,Phân tích và tối ưu hóa hiệu suất của mạng máy tính,Phát triển ứng dụng di động cho việc quản lý công việc trong doanh nghiệp,0,NONE
546,Phân tích và tối ưu hóa hiệu suất của mạng máy tính,Nghiên cứu và triển khai công nghệ trích xuất dữ liệu từ các tài liệu văn bản kỹ thuật,0,NONE
547,Phân tích và tối ưu hóa hiệu suất của mạng máy tính,Tối ưu hóa và cải thiện hiệu suất hệ thống truyền thông dữ liệu lớn,1,LOW
548,Phân tích và tối ưu hóa hiệu suất của mạng máy tính,Xây dựng hệ thống quản lý dự án phân tán và đa nền tảng dành cho ngành giáo dục,0,NONE
549,Phân tích và tối ưu hóa hiệu suất của mạng máy tính,Phát triển ứng dụng di động cho việc kinh doanh và doanh nghiệp,0,NONE
550,Phân tích và tối ưu hóa hiệu suất của mạng máy tính,Nghiên cứu và triển khai công nghệ xử lý ngôn ngữ tự nhiên trong ứng dụng di động,0,NONE
551,Phân tích và tối ưu hóa hiệu suất của mạng máy tính,Tối ưu hóa và cải thiện hiệu suất hệ thống điều khiển tự động trong môi trường công nghiệp,0,NONE
552,Phân tích và tối ưu hóa hiệu suất của mạng máy tính,Xây dựng hệ thống quản lý tài chính và thu chi cá nhân trực tuyến,0,NONE
553,Phân tích và tối ưu hóa hiệu suất của mạng máy tính,Phát triển ứng dụng di động cho việc học tập và nghiên cứu,0,NONE
554,Phân tích và tối ưu hóa hiệu suất của mạng máy tính,Nghiên cứu và triển khai công nghệ trí tuệ nhân tạo trong việc cải thiện quá trình sản xuất,0,NONE
555,Phân tích và tối ưu hóa hiệu suất của mạng máy tính,Tối ưu hóa và phân tích thuật toán tìm kiếm thông tin trong ứng dụng di động,0,NONE
556,Phân tích và tối ưu hóa hiệu suất của mạng máy tính,Xây dựng hệ thống quản lý dự án phân tán và đa nền tảng dành cho ngành quảng cáo và marketing,0,NONE
557,Phân tích và tối ưu hóa hiệu suất của mạng máy tính,Phát triển ứng dụng di động cho việc kinh doanh và bán hàng,0,NONE
558,Phân tích và tối ưu hóa hiệu suất của mạng máy tính,Nghiên cứu và triển khai công nghệ trích xuất thông tin từ ảnh và video kỹ thuật số,0,NONE
559,Phân tích và tối ưu hóa hiệu suất của mạng máy tính,Tối ưu hóa và cải thiện hiệu suất hệ thống truyền thông trực tuyến,0,NONE
560,Phân tích và tối ưu hóa hiệu suất của mạng máy tính,Xây dựng hệ thống quản lý nhà trường và đào tạo dành cho sinh viên,0,NONE
561,Phân tích và tối ưu hóa hiệu suất của mạng máy tính,Phát triển ứng dụng di động cho việc quản lý công việc trong lĩnh vực giáo dục,0,NONE
562,Phân tích và tối ưu hóa hiệu suất của mạng máy tính,Nghiên cứu và triển khai công nghệ dự đoán và phân loại dữ liệu lớn,0,NONE
563,Phân tích và tối ưu hóa hiệu suất của mạng máy tính,Tối ưu hóa và phân tích thuật toán Machine Learning trong việc dự đoán xu hướng người dùng,0,NONE
564,Phân tích và tối ưu hóa hiệu suất của mạng máy tính,Xây dựng hệ thống quản lý học tập và đào tạo dành cho doanh nghiệp,0,NONE
565,Phân tích và tối ưu hóa hiệu suất của mạng máy tính,Phát triển ứng dụng di động cho việc quản lý sự kiện và tổ chức,0,NONE
566,Phân tích và tối ưu hóa hiệu suất của mạng máy tính,Nghiên cứu và triển khai công nghệ trích xuất dữ liệu từ các tài liệu kỹ thuật,0,NONE
567,Phân tích và tối ưu hóa hiệu suất của mạng máy tính,Tối ưu hóa và cải thiện hiệu suất hệ thống truyền thông mạng máy tính,2,MEDIUM
568,Phân tích và tối ưu hóa hiệu suất của mạng máy tính,Xây dựng hệ thống quản lý dự án phân tán và đa nền tảng cho các dự án nghiên cứu khoa học,0,NONE
569,Phân tích và tối ưu hóa hiệu suất của mạng máy tính,Phát triển ứng dụng di động cho việc quản lý việc tham gia các hoạt động xã hội và tình nguyện,0,NONE
570,Phân tích và tối ưu hóa hiệu suất của mạng máy tính,Nghiên cứu và triển khai công nghệ trí tuệ nhân tạo trong việc tự động hóa quy trình sản xuất,0,NONE
571,Phân tích và tối ưu hóa hiệu suất của mạng máy tính,Tối ưu hóa và phân tích thuật toán tìm kiếm thông tin trong ứng dụng web,0,NONE
572,Phân tích và tối ưu hóa hiệu suất của mạng máy tính,Xây dựng hệ thống quản lý đối tác và khách hàng trực tuyến dành cho ngành dịch vụ,0,NONE
573,Phân tích và tối ưu hóa hiệu suất của mạng máy tính,Phát triển ứng dụng di động cho việc quản lý công việc trong doanh nghiệp,0,NONE
574,Phân tích và tối ưu hóa hiệu suất của mạng máy tính,Nghiên cứu và triển khai công nghệ trích xuất dữ liệu từ các tài liệu văn bản kỹ thuật,0,NONE
575,Phân tích và tối ưu hóa hiệu suất của mạng máy tính,Tối ưu hóa và cải thiện hiệu suất hệ thống truyền thông dữ liệu lớn,1,LOW
576,Phân tích và tối ưu hóa hiệu suất của mạng máy tính,Xây dựng hệ thống quản lý dự án phân tán và đa nền tảng dành cho ngành giáo dục,0,NONE
577,Phân tích và tối ưu hóa hiệu suất của mạng máy tính,Phát triển ứng dụng di động cho việc quản lý việc kinh doanh và doanh nghiệp,0,NONE
578,Phân tích và tối ưu hóa hiệu suất của mạng máy tính,Nghiên cứu và triển khai công nghệ xử lý ngôn ngữ tự nhiên trong ứng dụng di động,0,NONE
579,Phân tích và tối ưu hóa hiệu suất của mạng máy tính,Tối ưu hóa và cải thiện hiệu suất hệ thống điều khiển tự động trong môi trường công nghiệp,0,NONE
580,Phân tích và tối ưu hóa hiệu suất của mạng máy tính,Xây dựng hệ thống quản lý tài chính và thu chi cá nhân trực tuyến,0,NONE
581,Phân tích và tối ưu hóa hiệu suất của mạng máy tính,Phát triển ứng dụng di động cho việc quản lý việc học tập và nghiên cứu,0,NONE
582,Phân tích và tối ưu hóa hiệu suất của mạng máy tính,Nghiên cứu và triển khai công nghệ trí tuệ nhân tạo trong việc cải thiện quá trình sản xuất,0,NONE
583,Phân tích và tối ưu hóa hiệu suất của mạng máy tính,Tối ưu hóa và phân tích thuật toán tìm kiếm thông tin trong ứng dụng di động,0,NONE
584,Phân tích và tối ưu hóa hiệu suất của mạng máy tính,Xây dựng hệ thống quản lý dự án phân tán và đa nền tảng dành cho ngành quảng cáo và marketing,0,NONE
585,Phân tích và tối ưu hóa hiệu suất của mạng máy tính,Phát triển ứng dụng di động cho việc quản lý việc kinh doanh và bán hàng,0,NONE
586,Phân tích và tối ưu hóa hiệu suất của mạng máy tính,Nghiên cứu và triển khai công nghệ trích xuất thông tin từ ảnh và video kỹ thuật số,0,NONE
587,Phân tích và tối ưu hóa hiệu suất của mạng máy tính,Tối ưu hóa và cải thiện hiệu suất hệ thống truyền thông trực tuyến,0,NONE
588,Phân tích và tối ưu hóa hiệu suất của mạng máy tính,Xây dựng hệ thống quản lý nhà trường và đào tạo dành cho sinh viên,0,NONE
589,Phân tích và tối ưu hóa hiệu suất của mạng máy tính,Phát triển ứng dụng di động cho việc quản lý công việc trong lĩnh vực giáo dục,0,NONE
590,Phân tích và tối ưu hóa hiệu suất của mạng máy tính,Nghiên cứu và triển khai công nghệ dự đoán và phân loại dữ liệu lớn,0,NONE
591,Phân tích và tối ưu hóa hiệu suất của mạng máy tính,Tối ưu hóa và phân tích thuật toán Machine Learning trong việc dự đoán xu hướng người dùng,0,NONE
592,Phân tích và tối ưu hóa hiệu suất của mạng máy tính,Xây dựng hệ thống quản lý học tập và đào tạo dành cho doanh nghiệp,0,NONE
593,Phân tích và tối ưu hóa hiệu suất của mạng máy tính,Phát triển ứng dụng di động cho việc quản lý sự kiện và tổ chức,0,NONE
594,Phân tích và tối ưu hóa hiệu suất của mạng máy tính,Nghiên cứu và triển khai công nghệ trích xuất dữ liệu từ các tài liệu kỹ thuật,0,NONE
595,Phát triển ứng dụng di động đa nền tảng sử dụng Flutter,Nghiên cứu về lưu trữ dữ liệu đám mây và tích hợp chúng vào ứng dụng,0,NONE
596,Phát triển ứng dụng di động đa nền tảng sử dụng Flutter,Kiểm thử và đánh giá bảo mật ứng dụng web,0,NONE
597,Phát triển ứng dụng di động đa nền tảng sử dụng Flutter,Phát triển hệ thống hỗ trợ quyết định dựa trên dữ liệu lớn (Big Data),0,NONE
598,Phát triển ứng dụng di động đa nền tảng sử dụng Flutter,Phân tích các phương pháp mã hóa dữ liệu trong ứng dụng di động,0,NONE
599,Phát triển ứng dụng di động đa nền tảng sử dụng Flutter,Tối ưu hóa thuật toán tìm kiếm trong cơ sở dữ liệu,0,NONE
600,Phát triển ứng dụng di động đa nền tảng sử dụng Flutter,Triển khai mô hình Machine Learning trong việc dự đoán doanh số bán hàng,0,NONE
601,Phát triển ứng dụng di động đa nền tảng sử dụng Flutter,Phân tích và phát triển ứng dụng chatbot trên nền tảng trí tuệ nhân tạo,0,NONE
602,Phát triển ứng dụng di động đa nền tảng sử dụng Flutter,Xây dựng hệ thống quản lý dự án trực tuyến,0,NONE
603,Phát triển ứng dụng di động đa nền tảng sử dụng Flutter,Đánh giá hiệu năng của các kiến trúc máy tính đám mây,0,NONE
604,Phát triển ứng dụng di động đa nền tảng sử dụng Flutter,Tích hợp công nghệ Blockchain trong ứng dụng giao dịch tài chính,0,NONE
605,Phát triển ứng dụng di động đa nền tảng sử dụng Flutter,Phân tích và đánh giá các nguy cơ an ninh trong ứng dụng di động,0,NONE
606,Phát triển ứng dụng di động đa nền tảng sử dụng Flutter,Xây dựng ứng dụng e-commerce với tích hợp thanh toán trực tuyến,0,NONE
607,Phát triển ứng dụng di động đa nền tảng sử dụng Flutter,Phát triển ứng dụng trợ lý ảo cho việc lập kế hoạch cá nhân,0,NONE
608,Phát triển ứng dụng di động đa nền tảng sử dụng Flutter,Xây dựng hệ thống quản lý nhân sự và lương bằng CNTT,0,NONE
609,Phát triển ứng dụng di động đa nền tảng sử dụng Flutter,Nghiên cứu và phát triển giải pháp an ninh mạng,0,NONE
610,Phát triển ứng dụng di động đa nền tảng sử dụng Flutter,Tối ưu hóa cơ sở dữ liệu NoSQL cho ứng dụng web,0,NONE
611,Phát triển ứng dụng di động đa nền tảng sử dụng Flutter,Phân tích và cải thiện hiệu suất của ứng dụng trên nền tảng di động,0,NONE
612,Phát triển ứng dụng di động đa nền tảng sử dụng Flutter,Xây dựng ứng dụng học ngoại ngữ trực tuyến,0,NONE
613,Phát triển ứng dụng di động đa nền tảng sử dụng Flutter,Phân tích và phát triển hệ thống nhận dạng khuôn mặt,0,NONE
614,Phát triển ứng dụng di động đa nền tảng sử dụng Flutter,Xây dựng hệ thống quản lý khách hàng (CRM) đa nền tảng,0,NONE
615,Phát triển ứng dụng di động đa nền tảng sử dụng Flutter,Nghiên cứu và triển khai công nghệ 5G,0,NONE
616,Phát triển ứng dụng di động đa nền tảng sử dụng Flutter,Xây dựng hệ thống thông tin địa lý (GIS) cho bản đồ trực tuyến,0,NONE
617,Phát triển ứng dụng di động đa nền tảng sử dụng Flutter,Phân tích và tối ưu hóa cấu trúc dữ liệu của ứng dụng,0,NONE
618,Phát triển ứng dụng di động đa nền tảng sử dụng Flutter,Phát triển ứng dụng hỗ trợ việc học trực tuyến,0,NONE
619,Phát triển ứng dụng di động đa nền tảng sử dụng Flutter,Nghiên cứu và triển khai công nghệ truyền dẫn âm thanh/viễn thông,0,NONE
620,Phát triển ứng dụng di động đa nền tảng sử dụng Flutter,Xây dựng ứng dụng hỗ trợ việc tạo và quản lý lịch trình,0,NONE
621,Phát triển ứng dụng di động đa nền tảng sử dụng Flutter,Nghiên cứu và triển khai hệ thống giám sát môi trường sử dụng Công nghệ Internet of Things (IoT),0,NONE
622,Phát triển ứng dụng di động đa nền tảng sử dụng Flutter,Phát triển ứng dụng di động cho việc quản lý công việc cá nhân,0,NONE
623,Phát triển ứng dụng di động đa nền tảng sử dụng Flutter,Nghiên cứu và triển khai công nghệ trí tuệ nhân tạo trong ứng dụng y tế,0,NONE
624,Phát triển ứng dụng di động đa nền tảng sử dụng Flutter,Xây dựng hệ thống quản lý tài liệu trực tuyến,0,NONE
625,Phát triển ứng dụng di động đa nền tảng sử dụng Flutter,Phân tích và phát triển hệ thống gợi ý sản phẩm cho các trang thương mại điện tử,0,NONE
626,Phát triển ứng dụng di động đa nền tảng sử dụng Flutter,Triển khai hệ thống giám sát mạng máy tính,0,NONE
627,Phát triển ứng dụng di động đa nền tảng sử dụng Flutter,Xây dựng ứng dụng trò chơi trên nền tảng di động,1,LOW
628,Phát triển ứng dụng di động đa nền tảng sử dụng Flutter,Nghiên cứu và triển khai công nghệ Blockchain trong lĩnh vực tài chính,0,NONE
629,Phát triển ứng dụng di động đa nền tảng sử dụng Flutter,Tối ưu hóa và cải thiện hiệu suất cơ sở dữ liệu SQL,0,NONE
630,Phát triển ứng dụng di động đa nền tảng sử dụng Flutter,Phát triển ứng dụng quản lý học tập trực tuyến,0,NONE
631,Phát triển ứng dụng di động đa nền tảng sử dụng Flutter,Nghiên cứu về bảo mật và đánh giá rủi ro của ứng dụng web,0,NONE
632,Phát triển ứng dụng di động đa nền tảng sử dụng Flutter,Phát triển hệ thống dự đoán thời tiết thông qua dữ liệu lớn,0,NONE
633,Phát triển ứng dụng di động đa nền tảng sử dụng Flutter,Xây dựng hệ thống điều khiển các thiết bị thông qua ứng dụng di động,0,NONE
634,Phát triển ứng dụng di động đa nền tảng sử dụng Flutter,Phân tích và phát triển hệ thống chấm công nhân viên tự động,0,NONE
635,Phát triển ứng dụng di động đa nền tảng sử dụng Flutter,Tối ưu hóa và phân tích độ phức tạp của thuật toán,0,NONE
636,Phát triển ứng dụng di động đa nền tảng sử dụng Flutter,Nghiên cứu và triển khai ứng dụng trợ lý ảo dựa trên trí tuệ nhân tạo,0,NONE
637,Phát triển ứng dụng di động đa nền tảng sử dụng Flutter,Xây dựng hệ thống quản lý nhà hàng và đặt hàng trực tuyến,0,NONE
638,Phát triển ứng dụng di động đa nền tảng sử dụng Flutter,Phát triển ứng dụng giao tiếp qua giọng nói,0,NONE
639,Phát triển ứng dụng di động đa nền tảng sử dụng Flutter,Nghiên cứu về công nghệ ảo hóa và triển khai máy ảo,0,NONE
640,Phát triển ứng dụng di động đa nền tảng sử dụng Flutter,Phát triển ứng dụng di động cho việc quản lý tài chính cá nhân,0,NONE
641,Phát triển ứng dụng di động đa nền tảng sử dụng Flutter,Tối ưu hóa và nâng cấp cơ sở dữ liệu NoSQL,0,NONE
642,Phát triển ứng dụng di động đa nền tảng sử dụng Flutter,Nghiên cứu và triển khai công nghệ mạng 5G,0,NONE
643,Phát triển ứng dụng di động đa nền tảng sử dụng Flutter,Xây dựng hệ thống đánh giá hiệu suất nhân viên dựa trên dữ liệu,0,NONE
644,Phát triển ứng dụng di động đa nền tảng sử dụng Flutter,Phát triển ứng dụng di động giúp người dùng tìm kiếm địa điểm du lịch,0,NONE
645,Phát triển ứng dụng di động đa nền tảng sử dụng Flutter,Nghiên cứu về công nghệ truyền thông âm thanh và hình ảnh,0,NONE
646,Phát triển ứng dụng di động đa nền tảng sử dụng Flutter,Xây dựng hệ thống quản lý sự kiện trực tuyến,0,NONE
647,Phát triển ứng dụng di động đa nền tảng sử dụng Flutter,Phát triển ứng dụng di động dành cho việc học ngoại ngữ,0,NONE
648,Phát triển ứng dụng di động đa nền tảng sử dụng Flutter,Tối ưu hóa và phân tích thuật toán Machine Learning,0,NONE
649,Phát triển ứng dụng di động đa nền tảng sử dụng Flutter,Nghiên cứu về công nghệ Internet of Things (IoT) trong việc quản lý năng lượng,0,NONE
650,Phát triển ứng dụng di động đa nền tảng sử dụng Flutter,Phát triển hệ thống giao dịch và thanh toán trực tuyến,0,NONE
651,Phát triển ứng dụng di động đa nền tảng sử dụng Flutter,Nghiên cứu và triển khai công nghệ trích xuất thông tin từ văn bản tự động,0,NONE
652,Phát triển ứng dụng di động đa nền tảng sử dụng Flutter,Xây dựng hệ thống quản lý kho hàng trực tuyến,0,NONE
653,Phát triển ứng dụng di động đa nền tảng sử dụng Flutter,Phát triển ứng dụng di động cho việc chăm sóc sức khỏe,0,NONE
654,Phát triển ứng dụng di động đa nền tảng sử dụng Flutter,Nghiên cứu và triển khai công nghệ trích xuất dữ liệu từ hình ảnh và video,0,NONE
655,Phát triển ứng dụng di động đa nền tảng sử dụng Flutter,Tối ưu hóa và nâng cao hiệu suất hệ thống điều khiển tự động,0,NONE
656,Phát triển ứng dụng di động đa nền tảng sử dụng Flutter,Xây dựng hệ thống quản lý dự án trực tuyến,0,NONE
657,Phát triển ứng dụng di động đa nền tảng sử dụng Flutter,Phát triển ứng dụng di động cho việc quản lý thời gian làm việc,0,NONE
658,Phát triển ứng dụng di động đa nền tảng sử dụng Flutter,Nghiên cứu về công nghệ trích xuất dữ liệu từ âm thanh và giọng nói,0,NONE
659,Phát triển ứng dụng di động đa nền tảng sử dụng Flutter,Tối ưu hóa và phân tích thuật toán tìm kiếm trực tuyến,0,NONE
660,Phát triển ứng dụng di động đa nền tảng sử dụng Flutter,Xây dựng hệ thống quản lý điểm danh và chấm công trực tuyến,0,NONE
661,Phát triển ứng dụng di động đa nền tảng sử dụng Flutter,Phát triển ứng dụng di động cho việc tìm kiếm nhà ở,0,NONE
662,Phát triển ứng dụng di động đa nền tảng sử dụng Flutter,Nghiên cứu và triển khai công nghệ xử lý ngôn ngữ tự nhiên,0,NONE
663,Phát triển ứng dụng di động đa nền tảng sử dụng Flutter,Tối ưu hóa và cải thiện hiệu suất hệ thống điều khiển đồng thời,0,NONE
664,Phát triển ứng dụng di động đa nền tảng sử dụng Flutter,Xây dựng hệ thống quản lý đào tạo và đánh giá nhân viên,0,NONE
665,Phát triển ứng dụng di động đa nền tảng sử dụng Flutter,Phát triển ứng dụng di động cho việc quản lý chi tiêu,0,NONE
666,Phát triển ứng dụng di động đa nền tảng sử dụng Flutter,Nghiên cứu và triển khai công nghệ trí tuệ nhân tạo trong ứng dụng thương mại điện tử,0,NONE
667,Phát triển ứng dụng di động đa nền tảng sử dụng Flutter,Tối ưu hóa và phân tích thuật toán Machine Learning sử dụng dữ liệu lớn,0,NONE
668,Phát triển ứng dụng di động đa nền tảng sử dụng Flutter,Xây dựng hệ thống quản lý chất lượng dịch vụ trực tuyến,0,NONE
669,Phát triển ứng dụng di động đa nền tảng sử dụng Flutter,Phát triển ứng dụng di động cho việc quản lý việc mua sắm,0,NONE
670,Phát triển ứng dụng di động đa nền tảng sử dụng Flutter,Nghiên cứu và triển khai công nghệ trích xuất dữ liệu từ các tài liệu văn bản,0,NONE
671,Phát triển ứng dụng di động đa nền tảng sử dụng Flutter,Tối ưu hóa và cải thiện hiệu suất hệ thống điều khiển thiết bị IoT,0,NONE
672,Phát triển ứng dụng di động đa nền tảng sử dụng Flutter,Xây dựng hệ thống quản lý tài nguyên con người trực tuyến,0,NONE
673,Phát triển ứng dụng di động đa nền tảng sử dụng Flutter,Phát triển ứng dụng di động cho việc quản lý công việc nhóm,0,NONE
674,Phát triển ứng dụng di động đa nền tảng sử dụng Flutter,Nghiên cứu và triển khai công nghệ dự đoán và phân loại dữ liệu,0,NONE
675,Phát triển ứng dụng di động đa nền tảng sử dụng Flutter,Tối ưu hóa và phân tích thuật toán tối ưu trong quản lý dự án,0,NONE
676,Phát triển ứng dụng di động đa nền tảng sử dụng Flutter,Xây dựng hệ thống quản lý vận hành nhà máy trực tuyến,0,NONE
677,Phát triển ứng dụng di động đa nền tảng sử dụng Flutter,Phát triển ứng dụng di động cho việc học và rèn luyện kỹ năng,0,NONE
678,Phát triển ứng dụng di động đa nền tảng sử dụng Flutter,Nghiên cứu và triển khai công nghệ trí tuệ nhân tạo trong lĩnh vực giáo dục,0,NONE
679,Phát triển ứng dụng di động đa nền tảng sử dụng Flutter,Tối ưu hóa và cải thiện hiệu suất hệ thống quản lý lưu trữ dữ liệu,0,NONE
680,Phát triển ứng dụng di động đa nền tảng sử dụng Flutter,Xây dựng hệ thống quản lý dự án phân tán và đa nền tảng,1,LOW
681,Phát triển ứng dụng di động đa nền tảng sử dụng Flutter,Phát triển ứng dụng di động cho việc quản lý việc du lịch,0,NONE
682,Phát triển ứng dụng di động đa nền tảng sử dụng Flutter,Nghiên cứu và triển khai công nghệ trí tuệ nhân tạo trong việc dự đoán thị trường tài chính,0,NONE
683,Phát triển ứng dụng di động đa nền tảng sử dụng Flutter,Tối ưu hóa và phân tích thuật toán trong lĩnh vực trích xuất thông tin từ ảnh và video,0,NONE
684,Phát triển ứng dụng di động đa nền tảng sử dụng Flutter,Xây dựng hệ thống quản lý tài nguyên nhân sự trực tuyến,0,NONE
685,Phát triển ứng dụng di động đa nền tảng sử dụng Flutter,Phát triển ứng dụng di động cho việc quản lý sức khỏe và thể dục,0,NONE
686,Phát triển ứng dụng di động đa nền tảng sử dụng Flutter,Nghiên cứu và triển khai công nghệ dự đoán và phân tích dữ liệu lớn,0,NONE
687,Phát triển ứng dụng di động đa nền tảng sử dụng Flutter,Tối ưu hóa và cải thiện hiệu suất hệ thống truyền thông đa phương tiện,0,NONE
688,Phát triển ứng dụng di động đa nền tảng sử dụng Flutter,Xây dựng hệ thống quản lý hoạt động bán lẻ trực tuyến,0,NONE
689,Phát triển ứng dụng di động đa nền tảng sử dụng Flutter,Phát triển ứng dụng di động cho việc quản lý tài sản cá nhân,0,NONE
690,Phát triển ứng dụng di động đa nền tảng sử dụng Flutter,Nghiên cứu và triển khai công nghệ trí tuệ nhân tạo trong việc tối ưu hóa quá trình sản xuất,0,NONE
691,Phát triển ứng dụng di động đa nền tảng sử dụng Flutter,Tối ưu hóa và phân tích thuật toán Machine Learning trong việc dự đoán xu hướng thị trường,0,NONE
692,Phát triển ứng dụng di động đa nền tảng sử dụng Flutter,Xây dựng hệ thống quản lý học tập và đào tạo trực tuyến,0,NONE
693,Phát triển ứng dụng di động đa nền tảng sử dụng Flutter,Phát triển ứng dụng di động cho việc quản lý lịch trình cá nhân,0,NONE
694,Phát triển ứng dụng di động đa nền tảng sử dụng Flutter,Nghiên cứu và triển khai công nghệ xử lý ngôn ngữ tự nhiên trong ứng dụng di động,0,NONE
695,Phát triển ứng dụng di động đa nền tảng sử dụng Flutter,Tối ưu hóa và cải thiện hiệu suất hệ thống điều khiển tự động bằng Machine Learning,0,NONE
696,Phát triển ứng dụng di động đa nền tảng sử dụng Flutter,Xây dựng hệ thống quản lý dự án trực tuyến dành cho ngành xây dựng,0,NONE
697,Phát triển ứng dụng di động đa nền tảng sử dụng Flutter,Phát triển ứng dụng di động cho việc quản lý việc thực hiện dự án,0,NONE
698,Phát triển ứng dụng di động đa nền tảng sử dụng Flutter,Nghiên cứu và triển khai công nghệ trích xuất thông tin từ các tài liệu kỹ thuật,0,NONE
699,Phát triển ứng dụng di động đa nền tảng sử dụng Flutter,Tối ưu hóa và phân tích thuật toán tìm kiếm thông tin trong dữ liệu lớn,0,NONE
700,Phát triển ứng dụng di động đa nền tảng sử dụng Flutter,Xây dựng hệ thống quản lý dự án phân tán và đa ngôn ngữ,0,NONE
701,Phát triển ứng dụng di động đa nền tảng sử dụng Flutter,Phát triển ứng dụng di động cho việc quản lý công việc trong doanh nghiệp,0,NONE
702,Phát triển ứng dụng di động đa nền tảng sử dụng Flutter,Nghiên cứu và triển khai công nghệ trí tuệ nhân tạo trong việc tự động hóa quy trình sản xuất,0,NONE
703,Phát triển ứng dụng di động đa nền tảng sử dụng Flutter,Tối ưu hóa và cải thiện hiệu suất hệ thống truyền thông âm thanh/viễn thông,0,NONE
704,Phát triển ứng dụng di động đa nền tảng sử dụng Flutter,Xây dựng hệ thống quản lý đối tác và khách hàng trực tuyến,0,NONE
705,Phát triển ứng dụng di động đa nền tảng sử dụng Flutter,Phát triển ứng dụng di động cho việc quản lý tài chính cá nhân và đầu tư,0,NONE
706,Phát triển ứng dụng di động đa nền tảng sử dụng Flutter,Nghiên cứu và triển khai công nghệ dự đoán và phân loại trong việc quản lý dữ liệu,0,NONE
707,Phát triển ứng dụng di động đa nền tảng sử dụng Flutter,Tối ưu hóa và phân tích thuật toán Machine Learning trong việc dự đoán xu hướng người dùng,0,NONE
708,Phát triển ứng dụng di động đa nền tảng sử dụng Flutter,Xây dựng hệ thống quản lý nhà trường và đào tạo trực tuyến,0,NONE
709,Phát triển ứng dụng di động đa nền tảng sử dụng Flutter,Phát triển ứng dụng di động cho việc quản lý việc giải trí và giải trí,0,NONE
710,Phát triển ứng dụng di động đa nền tảng sử dụng Flutter,Nghiên cứu và triển khai công nghệ trích xuất dữ liệu từ các tài liệu văn bản kỹ thuật,0,NONE
711,Phát triển ứng dụng di động đa nền tảng sử dụng Flutter,Tối ưu hóa và cải thiện hiệu suất hệ thống truyền thông dữ liệu lớn,0,NONE
712,Phát triển ứng dụng di động đa nền tảng sử dụng Flutter,Xây dựng hệ thống quản lý dự án phân tán và đa nền tảng dành cho doanh nghiệp,0,NONE
713,Phát triển ứng dụng di động đa nền tảng sử dụng Flutter,Phát triển ứng dụng di động cho việc quản lý việc kinh doanh và doanh nghiệp,0,NONE
714,Phát triển ứng dụng di động đa nền tảng sử dụng Flutter,Nghiên cứu và triển khai công nghệ trí tuệ nhân tạo trong việc cải thiện quá trình sản xuất,0,NONE
715,Phát triển ứng dụng di động đa nền tảng sử dụng Flutter,Tối ưu hóa và phân tích thuật toán tìm kiếm thông tin trong ứng dụng di động,0,NONE
716,Phát triển ứng dụng di động đa nền tảng sử dụng Flutter,Xây dựng hệ thống quản lý dự án phân tán và đa nền tảng dành cho ngành quảng cáo và marketing,0,NONE
717,Phát triển ứng dụng di động đa nền tảng sử dụng Flutter,Phát triển ứng dụng di động cho việc quản lý việc kinh doanh và bán hàng,0,NONE
718,Phát triển ứng dụng di động đa nền tảng sử dụng Flutter,Nghiên cứu và triển khai công nghệ xử lý ngôn ngữ tự nhiên trong ứng dụng web,0,NONE
719,Phát triển ứng dụng di động đa nền tảng sử dụng Flutter,Tối ưu hóa và cải thiện hiệu suất hệ thống điều khiển tự động trong môi trường công nghiệp,0,NONE
720,Phát triển ứng dụng di động đa nền tảng sử dụng Flutter,Xây dựng hệ thống quản lý tài chính và thu chi cá nhân trực tuyến,0,NONE
721,Phát triển ứng dụng di động đa nền tảng sử dụng Flutter,Phát triển ứng dụng di động cho việc quản lý việc học tập và nghiên cứu,0,NONE
722,Phát triển ứng dụng di động đa nền tảng sử dụng Flutter,Nghiên cứu và triển khai công nghệ trí tuệ nhân tạo trong việc tối ưu hóa dự đoán thị trường tài chính,0,NONE
723,Phát triển ứng dụng di động đa nền tảng sử dụng Flutter,Tối ưu hóa và phân tích thuật toán Machine Learning trong việc dự đoán xu hướng kỹ thuật số,0,NONE
724,Phát triển ứng dụng di động đa nền tảng sử dụng Flutter,Xây dựng hệ thống quản lý sản xuất và lịch trình sản xuất trực tuyến,0,NONE
725,Phát triển ứng dụng di động đa nền tảng sử dụng Flutter,Phát triển ứng dụng di động cho việc quản lý việc học và đào tạo,0,NONE
726,Phát triển ứng dụng di động đa nền tảng sử dụng Flutter,Nghiên cứu và triển khai công nghệ trích xuất thông tin từ ảnh và video kỹ thuật số,0,NONE
727,Phát triển ứng dụng di động đa nền tảng sử dụng Flutter,Tối ưu hóa và cải thiện hiệu suất hệ thống truyền thông trực tuyến,0,NONE
728,Phát triển ứng dụng di động đa nền tảng sử dụng Flutter,Xây dựng hệ thống quản lý nhà trường và đào tạo dành cho sinh viên,0,NONE
729,Phát triển ứng dụng di động đa nền tảng sử dụng Flutter,Phát triển ứng dụng di động cho việc quản lý công việc trong lĩnh vực giáo dục,0,NONE
730,Phát triển ứng dụng di động đa nền tảng sử dụng Flutter,Nghiên cứu và triển khai công nghệ dự đoán và phân loại dữ liệu lớn,0,NONE
731,Phát triển ứng dụng di động đa nền tảng sử dụng Flutter,Tối ưu hóa và phân tích thuật toán Machine Learning trong việc dự đoán xu hướng người dùng,0,NONE
732,Phát triển ứng dụng di động đa nền tảng sử dụng Flutter,Xây dựng hệ thống quản lý học tập và đào tạo dành cho doanh nghiệp,0,NONE
733,Phát triển ứng dụng di động đa nền tảng sử dụng Flutter,Phát triển ứng dụng di động cho việc quản lý sự kiện và tổ chức,0,NONE
734,Phát triển ứng dụng di động đa nền tảng sử dụng Flutter,Nghiên cứu và triển khai công nghệ trích xuất dữ liệu từ các tài liệu kỹ thuật,0,NONE
735,Phát triển ứng dụng di động đa nền tảng sử dụng Flutter,Tối ưu hóa và cải thiện hiệu suất hệ thống truyền thông mạng máy tính,0,NONE
736,Phát triển ứng dụng di động đa nền tảng sử dụng Flutter,Xây dựng hệ thống quản lý dự án phân tán và đa nền tảng cho các dự án nghiên cứu khoa học,0,NONE
737,Phát triển ứng dụng di động đa nền tảng sử dụng Flutter,Phát triển ứng dụng di động cho việc quản lý việc tham gia các hoạt động xã hội và tình nguyện,0,NONE
738,Phát triển ứng dụng di động đa nền tảng sử dụng Flutter,Nghiên cứu và triển khai công nghệ trí tuệ nhân tạo trong việc tự động hóa quy trình sản xuất,0,NONE
739,Phát triển ứng dụng di động đa nền tảng sử dụng Flutter,Tối ưu hóa và phân tích thuật toán tìm kiếm thông tin trong ứng dụng web,0,NONE
740,Phát triển ứng dụng di động đa nền tảng sử dụng Flutter,Xây dựng hệ thống quản lý đối tác và khách hàng trực tuyến dành cho ngành dịch vụ,0,NONE
741,Phát triển ứng dụng di động đa nền tảng sử dụng Flutter,Phát triển ứng dụng di động cho việc quản lý công việc trong doanh nghiệp,0,NONE
742,Phát triển ứng dụng di động đa nền tảng sử dụng Flutter,Nghiên cứu và triển khai công nghệ trích xuất dữ liệu từ các tài liệu văn bản kỹ thuật,0,NONE
743,Phát triển ứng dụng di động đa nền tảng sử dụng Flutter,Tối ưu hóa và cải thiện hiệu suất hệ thống truyền thông dữ liệu lớn,0,NONE
744,Phát triển ứng dụng di động đa nền tảng sử dụng Flutter,Xây dựng hệ thống quản lý dự án phân tán và đa nền tảng dành cho ngành giáo dục,0,NONE
745,Phát triển ứng dụng di động đa nền tảng sử dụng Flutter,Phát triển ứng dụng di động cho việc kinh doanh và doanh nghiệp,0,NONE
746,Phát triển ứng dụng di động đa nền tảng sử dụng Flutter,Nghiên cứu và triển khai công nghệ xử lý ngôn ngữ tự nhiên trong ứng dụng di động,0,NONE
747,Phát triển ứng dụng di động đa nền tảng sử dụng Flutter,Tối ưu hóa và cải thiện hiệu suất hệ thống điều khiển tự động trong môi trường công nghiệp,0,NONE
748,Phát triển ứng dụng di động đa nền tảng sử dụng Flutter,Xây dựng hệ thống quản lý tài chính và thu chi cá nhân trực tuyến,0,NONE
749,Phát triển ứng dụng di động đa nền tảng sử dụng Flutter,Phát triển ứng dụng di động cho việc học tập và nghiên cứu,0,NONE
750,Phát triển ứng dụng di động đa nền tảng sử dụng Flutter,Nghiên cứu và triển khai công nghệ trí tuệ nhân tạo trong việc cải thiện quá trình sản xuất,0,NONE
751,Phát triển ứng dụng di động đa nền tảng sử dụng Flutter,Tối ưu hóa và phân tích thuật toán tìm kiếm thông tin trong ứng dụng di động,0,NONE
752,Phát triển ứng dụng di động đa nền tảng sử dụng Flutter,Xây dựng hệ thống quản lý dự án phân tán và đa nền tảng dành cho ngành quảng cáo và marketing,0,NONE
753,Phát triển ứng dụng di động đa nền tảng sử dụng Flutter,Phát triển ứng dụng di động cho việc kinh doanh và bán hàng,0,NONE
754,Phát triển ứng dụng di động đa nền tảng sử dụng Flutter,Nghiên cứu và triển khai công nghệ trích xuất thông tin từ ảnh và video kỹ thuật số,0,NONE
755,Phát triển ứng dụng di động đa nền tảng sử dụng Flutter,Tối ưu hóa và cải thiện hiệu suất hệ thống truyền thông trực tuyến,0,NONE
756,Phát triển ứng dụng di động đa nền tảng sử dụng Flutter,Xây dựng hệ thống quản lý nhà trường và đào tạo dành cho sinh viên,0,NONE
757,Phát triển ứng dụng di động đa nền tảng sử dụng Flutter,Phát triển ứng dụng di động cho việc quản lý công việc trong lĩnh vực giáo dục,0,NONE
758,Phát triển ứng dụng di động đa nền tảng sử dụng Flutter,Nghiên cứu và triển khai công nghệ dự đoán và phân loại dữ liệu lớn,0,NONE
759,Phát triển ứng dụng di động đa nền tảng sử dụng Flutter,Tối ưu hóa và phân tích thuật toán Machine Learning trong việc dự đoán xu hướng người dùng,0,NONE
760,Phát triển ứng dụng di động đa nền tảng sử dụng Flutter,Xây dựng hệ thống quản lý học tập và đào tạo dành cho doanh nghiệp,0,NONE
761,Phát triển ứng dụng di động đa nền tảng sử dụng Flutter,Phát triển ứng dụng di động cho việc quản lý sự kiện và tổ chức,0,NONE
762,Phát triển ứng dụng di động đa nền tảng sử dụng Flutter,Nghiên cứu và triển khai công nghệ trích xuất dữ liệu từ các tài liệu kỹ thuật,0,NONE
763,Phát triển ứng dụng di động đa nền tảng sử dụng Flutter,Tối ưu hóa và cải thiện hiệu suất hệ thống truyền thông mạng máy tính,0,NONE
764,Phát triển ứng dụng di động đa nền tảng sử dụng Flutter,Xây dựng hệ thống quản lý dự án phân tán và đa nền tảng cho các dự án nghiên cứu khoa học,0,NONE
765,Phát triển ứng dụng di động đa nền tảng sử dụng Flutter,Phát triển ứng dụng di động cho việc quản lý việc tham gia các hoạt động xã hội và tình nguyện,0,NONE
766,Phát triển ứng dụng di động đa nền tảng sử dụng Flutter,Nghiên cứu và triển khai công nghệ trí tuệ nhân tạo trong việc tự động hóa quy trình sản xuất,0,NONE
767,Phát triển ứng dụng di động đa nền tảng sử dụng Flutter,Tối ưu hóa và phân tích thuật toán tìm kiếm thông tin trong ứng dụng web,0,NONE
768,Phát triển ứng dụng di động đa nền tảng sử dụng Flutter,Xây dựng hệ thống quản lý đối tác và khách hàng trực tuyến dành cho ngành dịch vụ,0,NONE
769,Phát triển ứng dụng di động đa nền tảng sử dụng Flutter,Phát triển ứng dụng di động cho việc quản lý công việc trong doanh nghiệp,0,NONE
770,Phát triển ứng dụng di động đa nền tảng sử dụng Flutter,Nghiên cứu và triển khai công nghệ trích xuất dữ liệu từ các tài liệu văn bản kỹ thuật,0,NONE
771,Phát triển ứng dụng di động đa nền tảng sử dụng Flutter,Tối ưu hóa và cải thiện hiệu suất hệ thống truyền thông dữ liệu lớn,0,NONE
772,Phát triển ứng dụng di động đa nền tảng sử dụng Flutter,Xây dựng hệ thống quản lý dự án phân tán và đa nền tảng dành cho ngành giáo dục,0,NONE
773,Phát triển ứng dụng di động đa nền tảng sử dụng Flutter,Phát triển ứng dụng di động cho việc quản lý việc kinh doanh và doanh nghiệp,0,NONE
774,Phát triển ứng dụng di động đa nền tảng sử dụng Flutter,Nghiên cứu và triển khai công nghệ xử lý ngôn ngữ tự nhiên trong ứng dụng di động,0,NONE
775,Phát triển ứng dụng di động đa nền tảng sử dụng Flutter,Tối ưu hóa và cải thiện hiệu suất hệ thống điều khiển tự động trong môi trường công nghiệp,0,NONE
776,Phát triển ứng dụng di động đa nền tảng sử dụng Flutter,Xây dựng hệ thống quản lý tài chính và thu chi cá nhân trực tuyến,0,NONE
777,Phát triển ứng dụng di động đa nền tảng sử dụng Flutter,Phát triển ứng dụng di động cho việc quản lý việc học tập và nghiên cứu,0,NONE
778,Phát triển ứng dụng di động đa nền tảng sử dụng Flutter,Nghiên cứu và triển khai công nghệ trí tuệ nhân tạo trong việc cải thiện quá trình sản xuất,0,NONE
779,Phát triển ứng dụng di động đa nền tảng sử dụng Flutter,Tối ưu hóa và phân tích thuật toán tìm kiếm thông tin trong ứng dụng di động,0,NONE
780,Phát triển ứng dụng di động đa nền tảng sử dụng Flutter,Xây dựng hệ thống quản lý dự án phân tán và đa nền tảng dành cho ngành quảng cáo và marketing,0,NONE
781,Phát triển ứng dụng di động đa nền tảng sử dụng Flutter,Phát triển ứng dụng di động cho việc quản lý việc kinh doanh và bán hàng,0,NONE
782,Phát triển ứng dụng di động đa nền tảng sử dụng Flutter,Nghiên cứu và triển khai công nghệ trích xuất thông tin từ ảnh và video kỹ thuật số,0,NONE
783,Phát triển ứng dụng di động đa nền tảng sử dụng Flutter,Tối ưu hóa và cải thiện hiệu suất hệ thống truyền thông trực tuyến,0,NONE
784,Phát triển ứng dụng di động đa nền tảng sử dụng Flutter,Xây dựng hệ thống quản lý nhà trường và đào tạo dành cho sinh viên,0,NONE
785,Phát triển ứng dụng di động đa nền tảng sử dụng Flutter,Phát triển ứng dụng di động cho việc quản lý công việc trong lĩnh vực giáo dục,0,NONE
786,Phát triển ứng dụng di động đa nền tảng sử dụng Flutter,Nghiên cứu và triển khai công nghệ dự đoán và phân loại dữ liệu lớn,0,NONE
787,Phát triển ứng dụng di động đa nền tảng sử dụng Flutter,Tối ưu hóa và phân tích thuật toán Machine Learning trong việc dự đoán xu hướng người dùng,0,NONE
788,Phát triển ứng dụng di động đa nền tảng sử dụng Flutter,Xây dựng hệ thống quản lý học tập và đào tạo dành cho doanh nghiệp,0,NONE
789,Phát triển ứng dụng di động đa nền tảng sử dụng Flutter,Phát triển ứng dụng di động cho việc quản lý sự kiện và tổ chức,0,NONE
790,Phát triển ứng dụng di động đa nền tảng sử dụng Flutter,Nghiên cứu và triển khai công nghệ trích xuất dữ liệu từ các tài liệu kỹ thuật,0,NONE
791,Nghiên cứu về lưu trữ dữ liệu đám mây và tích hợp chúng vào ứng dụng,Kiểm thử và đánh giá bảo mật ứng dụng web,0,NONE
792,Nghiên cứu về lưu trữ dữ liệu đám mây và tích hợp chúng vào ứng dụng,Phát triển hệ thống hỗ trợ quyết định dựa trên dữ liệu lớn (Big Data),0,NONE
793,Nghiên cứu về lưu trữ dữ liệu đám mây và tích hợp chúng vào ứng dụng,Phân tích các phương pháp mã hóa dữ liệu trong ứng dụng di động,0,NONE
794,Nghiên cứu về lưu trữ dữ liệu đám mây và tích hợp chúng vào ứng dụng,Tối ưu hóa thuật toán tìm kiếm trong cơ sở dữ liệu,0,NONE
795,Nghiên cứu về lưu trữ dữ liệu đám mây và tích hợp chúng vào ứng dụng,Triển khai mô hình Machine Learning trong việc dự đoán doanh số bán hàng,0,NONE
796,Nghiên cứu về lưu trữ dữ liệu đám mây và tích hợp chúng vào ứng dụng,Phân tích và phát triển ứng dụng chatbot trên nền tảng trí tuệ nhân tạo,0,NONE
797,Nghiên cứu về lưu trữ dữ liệu đám mây và tích hợp chúng vào ứng dụng,Xây dựng hệ thống quản lý dự án trực tuyến,0,NONE
798,Nghiên cứu về lưu trữ dữ liệu đám mây và tích hợp chúng vào ứng dụng,Đánh giá hiệu năng của các kiến trúc máy tính đám mây,0,NONE
799,Nghiên cứu về lưu trữ dữ liệu đám mây và tích hợp chúng vào ứng dụng,Tích hợp công nghệ Blockchain trong ứng dụng giao dịch tài chính,0,NONE
800,Nghiên cứu về lưu trữ dữ liệu đám mây và tích hợp chúng vào ứng dụng,Phân tích và đánh giá các nguy cơ an ninh trong ứng dụng di động,0,NONE
801,Nghiên cứu về lưu trữ dữ liệu đám mây và tích hợp chúng vào ứng dụng,Xây dựng ứng dụng e-commerce với tích hợp thanh toán trực tuyến,0,NONE
802,Nghiên cứu về lưu trữ dữ liệu đám mây và tích hợp chúng vào ứng dụng,Phát triển ứng dụng trợ lý ảo cho việc lập kế hoạch cá nhân,0,NONE
803,Nghiên cứu về lưu trữ dữ liệu đám mây và tích hợp chúng vào ứng dụng,Xây dựng hệ thống quản lý nhân sự và lương bằng CNTT,0,NONE
804,Nghiên cứu về lưu trữ dữ liệu đám mây và tích hợp chúng vào ứng dụng,Nghiên cứu và phát triển giải pháp an ninh mạng,0,NONE
805,Nghiên cứu về lưu trữ dữ liệu đám mây và tích hợp chúng vào ứng dụng,Tối ưu hóa cơ sở dữ liệu NoSQL cho ứng dụng web,0,NONE
806,Nghiên cứu về lưu trữ dữ liệu đám mây và tích hợp chúng vào ứng dụng,Phân tích và cải thiện hiệu suất của ứng dụng trên nền tảng di động,0,NONE
807,Nghiên cứu về lưu trữ dữ liệu đám mây và tích hợp chúng vào ứng dụng,Xây dựng ứng dụng học ngoại ngữ trực tuyến,0,NONE
808,Nghiên cứu về lưu trữ dữ liệu đám mây và tích hợp chúng vào ứng dụng,Phân tích và phát triển hệ thống nhận dạng khuôn mặt,0,NONE
809,Nghiên cứu về lưu trữ dữ liệu đám mây và tích hợp chúng vào ứng dụng,Xây dựng hệ thống quản lý khách hàng (CRM) đa nền tảng,0,NONE
810,Nghiên cứu về lưu trữ dữ liệu đám mây và tích hợp chúng vào ứng dụng,Nghiên cứu và triển khai công nghệ 5G,0,NONE
811,Nghiên cứu về lưu trữ dữ liệu đám mây và tích hợp chúng vào ứng dụng,Xây dựng hệ thống thông tin địa lý (GIS) cho bản đồ trực tuyến,0,NONE
812,Nghiên cứu về lưu trữ dữ liệu đám mây và tích hợp chúng vào ứng dụng,Phân tích và tối ưu hóa cấu trúc dữ liệu của ứng dụng,0,NONE
813,Nghiên cứu về lưu trữ dữ liệu đám mây và tích hợp chúng vào ứng dụng,Phát triển ứng dụng hỗ trợ việc học trực tuyến,0,NONE
814,Nghiên cứu về lưu trữ dữ liệu đám mây và tích hợp chúng vào ứng dụng,Nghiên cứu và triển khai công nghệ truyền dẫn âm thanh/viễn thông,0,NONE
815,Nghiên cứu về lưu trữ dữ liệu đám mây và tích hợp chúng vào ứng dụng,Xây dựng ứng dụng hỗ trợ việc tạo và quản lý lịch trình,0,NONE
816,Nghiên cứu về lưu trữ dữ liệu đám mây và tích hợp chúng vào ứng dụng,Nghiên cứu và triển khai hệ thống giám sát môi trường sử dụng Công nghệ Internet of Things (IoT),0,NONE
817,Nghiên cứu về lưu trữ dữ liệu đám mây và tích hợp chúng vào ứng dụng,Phát triển ứng dụng di động cho việc quản lý công việc cá nhân,0,NONE
818,Nghiên cứu về lưu trữ dữ liệu đám mây và tích hợp chúng vào ứng dụng,Nghiên cứu và triển khai công nghệ trí tuệ nhân tạo trong ứng dụng y tế,0,NONE
819,Nghiên cứu về lưu trữ dữ liệu đám mây và tích hợp chúng vào ứng dụng,Xây dựng hệ thống quản lý tài liệu trực tuyến,0,NONE
820,Nghiên cứu về lưu trữ dữ liệu đám mây và tích hợp chúng vào ứng dụng,Phân tích và phát triển hệ thống gợi ý sản phẩm cho các trang thương mại điện tử,0,NONE
821,Nghiên cứu về lưu trữ dữ liệu đám mây và tích hợp chúng vào ứng dụng,Triển khai hệ thống giám sát mạng máy tính,0,NONE
822,Nghiên cứu về lưu trữ dữ liệu đám mây và tích hợp chúng vào ứng dụng,Xây dựng ứng dụng trò chơi trên nền tảng di động,0,NONE
823,Nghiên cứu về lưu trữ dữ liệu đám mây và tích hợp chúng vào ứng dụng,Nghiên cứu và triển khai công nghệ Blockchain trong lĩnh vực tài chính,0,NONE
824,Nghiên cứu về lưu trữ dữ liệu đám mây và tích hợp chúng vào ứng dụng,Tối ưu hóa và cải thiện hiệu suất cơ sở dữ liệu SQL,0,NONE
825,Nghiên cứu về lưu trữ dữ liệu đám mây và tích hợp chúng vào ứng dụng,Phát triển ứng dụng quản lý học tập trực tuyến,0,NONE
826,Nghiên cứu về lưu trữ dữ liệu đám mây và tích hợp chúng vào ứng dụng,Nghiên cứu về bảo mật và đánh giá rủi ro của ứng dụng web,0,NONE
827,Nghiên cứu về lưu trữ dữ liệu đám mây và tích hợp chúng vào ứng dụng,Phát triển hệ thống dự đoán thời tiết thông qua dữ liệu lớn,0,NONE
828,Nghiên cứu về lưu trữ dữ liệu đám mây và tích hợp chúng vào ứng dụng,Xây dựng hệ thống điều khiển các thiết bị thông qua ứng dụng di động,0,NONE
829,Nghiên cứu về lưu trữ dữ liệu đám mây và tích hợp chúng vào ứng dụng,Phân tích và phát triển hệ thống chấm công nhân viên tự động,0,NONE
830,Nghiên cứu về lưu trữ dữ liệu đám mây và tích hợp chúng vào ứng dụng,Tối ưu hóa và phân tích độ phức tạp của thuật toán,0,NONE
831,Nghiên cứu về lưu trữ dữ liệu đám mây và tích hợp chúng vào ứng dụng,Nghiên cứu và triển khai ứng dụng trợ lý ảo dựa trên trí tuệ nhân tạo,0,NONE
832,Nghiên cứu về lưu trữ dữ liệu đám mây và tích hợp chúng vào ứng dụng,Xây dựng hệ thống quản lý nhà hàng và đặt hàng trực tuyến,0,NONE
833,Nghiên cứu về lưu trữ dữ liệu đám mây và tích hợp chúng vào ứng dụng,Phát triển ứng dụng giao tiếp qua giọng nói,0,NONE
834,Nghiên cứu về lưu trữ dữ liệu đám mây và tích hợp chúng vào ứng dụng,Nghiên cứu về công nghệ ảo hóa và triển khai máy ảo,1,LOW
835,Nghiên cứu về lưu trữ dữ liệu đám mây và tích hợp chúng vào ứng dụng,Phát triển ứng dụng di động cho việc quản lý tài chính cá nhân,0,NONE
836,Nghiên cứu về lưu trữ dữ liệu đám mây và tích hợp chúng vào ứng dụng,Tối ưu hóa và nâng cấp cơ sở dữ liệu NoSQL,0,NONE
837,Nghiên cứu về lưu trữ dữ liệu đám mây và tích hợp chúng vào ứng dụng,Nghiên cứu và triển khai công nghệ mạng 5G,0,NONE
838,Nghiên cứu về lưu trữ dữ liệu đám mây và tích hợp chúng vào ứng dụng,Xây dựng hệ thống đánh giá hiệu suất nhân viên dựa trên dữ liệu,0,NONE
839,Nghiên cứu về lưu trữ dữ liệu đám mây và tích hợp chúng vào ứng dụng,Phát triển ứng dụng di động giúp người dùng tìm kiếm địa điểm du lịch,0,NONE
840,Nghiên cứu về lưu trữ dữ liệu đám mây và tích hợp chúng vào ứng dụng,Nghiên cứu về công nghệ truyền thông âm thanh và hình ảnh,0,NONE
841,Nghiên cứu về lưu trữ dữ liệu đám mây và tích hợp chúng vào ứng dụng,Xây dựng hệ thống quản lý sự kiện trực tuyến,0,NONE
842,Nghiên cứu về lưu trữ dữ liệu đám mây và tích hợp chúng vào ứng dụng,Phát triển ứng dụng di động dành cho việc học ngoại ngữ,0,NONE
843,Nghiên cứu về lưu trữ dữ liệu đám mây và tích hợp chúng vào ứng dụng,Tối ưu hóa và phân tích thuật toán Machine Learning,0,NONE
844,Nghiên cứu về lưu trữ dữ liệu đám mây và tích hợp chúng vào ứng dụng,Nghiên cứu về công nghệ Internet of Things (IoT) trong việc quản lý năng lượng,0,NONE
845,Nghiên cứu về lưu trữ dữ liệu đám mây và tích hợp chúng vào ứng dụng,Phát triển hệ thống giao dịch và thanh toán trực tuyến,0,NONE
846,Nghiên cứu về lưu trữ dữ liệu đám mây và tích hợp chúng vào ứng dụng,Nghiên cứu và triển khai công nghệ trích xuất thông tin từ văn bản tự động,0,NONE
847,Nghiên cứu về lưu trữ dữ liệu đám mây và tích hợp chúng vào ứng dụng,Xây dựng hệ thống quản lý kho hàng trực tuyến,0,NONE
848,Nghiên cứu về lưu trữ dữ liệu đám mây và tích hợp chúng vào ứng dụng,Phát triển ứng dụng di động cho việc chăm sóc sức khỏe,0,NONE
849,Nghiên cứu về lưu trữ dữ liệu đám mây và tích hợp chúng vào ứng dụng,Nghiên cứu và triển khai công nghệ trích xuất dữ liệu từ hình ảnh và video,0,NONE
850,Nghiên cứu về lưu trữ dữ liệu đám mây và tích hợp chúng vào ứng dụng,Tối ưu hóa và nâng cao hiệu suất hệ thống điều khiển tự động,0,NONE
851,Nghiên cứu về lưu trữ dữ liệu đám mây và tích hợp chúng vào ứng dụng,Xây dựng hệ thống quản lý dự án trực tuyến,0,NONE
852,Nghiên cứu về lưu trữ dữ liệu đám mây và tích hợp chúng vào ứng dụng,Phát triển ứng dụng di động cho việc quản lý thời gian làm việc,0,NONE
853,Nghiên cứu về lưu trữ dữ liệu đám mây và tích hợp chúng vào ứng dụng,Nghiên cứu về công nghệ trích xuất dữ liệu từ âm thanh và giọng nói,0,NONE
854,Nghiên cứu về lưu trữ dữ liệu đám mây và tích hợp chúng vào ứng dụng,Tối ưu hóa và phân tích thuật toán tìm kiếm trực tuyến,0,NONE
855,Nghiên cứu về lưu trữ dữ liệu đám mây và tích hợp chúng vào ứng dụng,Xây dựng hệ thống quản lý điểm danh và chấm công trực tuyến,0,NONE
856,Nghiên cứu về lưu trữ dữ liệu đám mây và tích hợp chúng vào ứng dụng,Phát triển ứng dụng di động cho việc tìm kiếm nhà ở,0,NONE
857,Nghiên cứu về lưu trữ dữ liệu đám mây và tích hợp chúng vào ứng dụng,Nghiên cứu và triển khai công nghệ xử lý ngôn ngữ tự nhiên,0,NONE
858,Nghiên cứu về lưu trữ dữ liệu đám mây và tích hợp chúng vào ứng dụng,Tối ưu hóa và cải thiện hiệu suất hệ thống điều khiển đồng thời,0,NONE
859,Nghiên cứu về lưu trữ dữ liệu đám mây và tích hợp chúng vào ứng dụng,Xây dựng hệ thống quản lý đào tạo và đánh giá nhân viên,0,NONE
860,Nghiên cứu về lưu trữ dữ liệu đám mây và tích hợp chúng vào ứng dụng,Phát triển ứng dụng di động cho việc quản lý chi tiêu,0,NONE
861,Nghiên cứu về lưu trữ dữ liệu đám mây và tích hợp chúng vào ứng dụng,Nghiên cứu và triển khai công nghệ trí tuệ nhân tạo trong ứng dụng thương mại điện tử,0,NONE
862,Nghiên cứu về lưu trữ dữ liệu đám mây và tích hợp chúng vào ứng dụng,Tối ưu hóa và phân tích thuật toán Machine Learning sử dụng dữ liệu lớn,0,NONE
863,Nghiên cứu về lưu trữ dữ liệu đám mây và tích hợp chúng vào ứng dụng,Xây dựng hệ thống quản lý chất lượng dịch vụ trực tuyến,0,NONE
864,Nghiên cứu về lưu trữ dữ liệu đám mây và tích hợp chúng vào ứng dụng,Phát triển ứng dụng di động cho việc quản lý việc mua sắm,0,NONE
865,Nghiên cứu về lưu trữ dữ liệu đám mây và tích hợp chúng vào ứng dụng,Nghiên cứu và triển khai công nghệ trích xuất dữ liệu từ các tài liệu văn bản,0,NONE
866,Nghiên cứu về lưu trữ dữ liệu đám mây và tích hợp chúng vào ứng dụng,Tối ưu hóa và cải thiện hiệu suất hệ thống điều khiển thiết bị IoT,0,NONE
867,Nghiên cứu về lưu trữ dữ liệu đám mây và tích hợp chúng vào ứng dụng,Xây dựng hệ thống quản lý tài nguyên con người trực tuyến,0,NONE
868,Nghiên cứu về lưu trữ dữ liệu đám mây và tích hợp chúng vào ứng dụng,Phát triển ứng dụng di động cho việc quản lý công việc nhóm,0,NONE
869,Nghiên cứu về lưu trữ dữ liệu đám mây và tích hợp chúng vào ứng dụng,Nghiên cứu và triển khai công nghệ dự đoán và phân loại dữ liệu,0,NONE
870,Nghiên cứu về lưu trữ dữ liệu đám mây và tích hợp chúng vào ứng dụng,Tối ưu hóa và phân tích thuật toán tối ưu trong quản lý dự án,0,NONE
871,Nghiên cứu về lưu trữ dữ liệu đám mây và tích hợp chúng vào ứng dụng,Xây dựng hệ thống quản lý vận hành nhà máy trực tuyến,0,NONE
872,Nghiên cứu về lưu trữ dữ liệu đám mây và tích hợp chúng vào ứng dụng,Phát triển ứng dụng di động cho việc học và rèn luyện kỹ năng,0,NONE
873,Nghiên cứu về lưu trữ dữ liệu đám mây và tích hợp chúng vào ứng dụng,Nghiên cứu và triển khai công nghệ trí tuệ nhân tạo trong lĩnh vực giáo dục,0,NONE
874,Nghiên cứu về lưu trữ dữ liệu đám mây và tích hợp chúng vào ứng dụng,Tối ưu hóa và cải thiện hiệu suất hệ thống quản lý lưu trữ dữ liệu,1,LOW
875,Nghiên cứu về lưu trữ dữ liệu đám mây và tích hợp chúng vào ứng dụng,Xây dựng hệ thống quản lý dự án phân tán và đa nền tảng,0,NONE
876,Nghiên cứu về lưu trữ dữ liệu đám mây và tích hợp chúng vào ứng dụng,Phát triển ứng dụng di động cho việc quản lý việc du lịch,0,NONE
877,Nghiên cứu về lưu trữ dữ liệu đám mây và tích hợp chúng vào ứng dụng,Nghiên cứu và triển khai công nghệ trí tuệ nhân tạo trong việc dự đoán thị trường tài chính,0,NONE
878,Nghiên cứu về lưu trữ dữ liệu đám mây và tích hợp chúng vào ứng dụng,Tối ưu hóa và phân tích thuật toán trong lĩnh vực trích xuất thông tin từ ảnh và video,0,NONE
879,Nghiên cứu về lưu trữ dữ liệu đám mây và tích hợp chúng vào ứng dụng,Xây dựng hệ thống quản lý tài nguyên nhân sự trực tuyến,0,NONE
880,Nghiên cứu về lưu trữ dữ liệu đám mây và tích hợp chúng vào ứng dụng,Phát triển ứng dụng di động cho việc quản lý sức khỏe và thể dục,0,NONE
881,Nghiên cứu về lưu trữ dữ liệu đám mây và tích hợp chúng vào ứng dụng,Nghiên cứu và triển khai công nghệ dự đoán và phân tích dữ liệu lớn,0,NONE
882,Nghiên cứu về lưu trữ dữ liệu đám mây và tích hợp chúng vào ứng dụng,Tối ưu hóa và cải thiện hiệu suất hệ thống truyền thông đa phương tiện,0,NONE
883,Nghiên cứu về lưu trữ dữ liệu đám mây và tích hợp chúng vào ứng dụng,Xây dựng hệ thống quản lý hoạt động bán lẻ trực tuyến,0,NONE
884,Nghiên cứu về lưu trữ dữ liệu đám mây và tích hợp chúng vào ứng dụng,Phát triển ứng dụng di động cho việc quản lý tài sản cá nhân,0,NONE
885,Nghiên cứu về lưu trữ dữ liệu đám mây và tích hợp chúng vào ứng dụng,Nghiên cứu và triển khai công nghệ trí tuệ nhân tạo trong việc tối ưu hóa quá trình sản xuất,0,NONE
886,Nghiên cứu về lưu trữ dữ liệu đám mây và tích hợp chúng vào ứng dụng,Tối ưu hóa và phân tích thuật toán Machine Learning trong việc dự đoán xu hướng thị trường,0,NONE
887,Nghiên cứu về lưu trữ dữ liệu đám mây và tích hợp chúng vào ứng dụng,Xây dựng hệ thống quản lý học tập và đào tạo trực tuyến,0,NONE
888,Nghiên cứu về lưu trữ dữ liệu đám mây và tích hợp chúng vào ứng dụng,Phát triển ứng dụng di động cho việc quản lý lịch trình cá nhân,0,NONE
889,Nghiên cứu về lưu trữ dữ liệu đám mây và tích hợp chúng vào ứng dụng,Nghiên cứu và triển khai công nghệ xử lý ngôn ngữ tự nhiên trong ứng dụng di động,0,NONE
890,Nghiên cứu về lưu trữ dữ liệu đám mây và tích hợp chúng vào ứng dụng,Tối ưu hóa và cải thiện hiệu suất hệ thống điều khiển tự động bằng Machine Learning,0,NONE
891,Nghiên cứu về lưu trữ dữ liệu đám mây và tích hợp chúng vào ứng dụng,Xây dựng hệ thống quản lý dự án trực tuyến dành cho ngành xây dựng,0,NONE
892,Nghiên cứu về lưu trữ dữ liệu đám mây và tích hợp chúng vào ứng dụng,Phát triển ứng dụng di động cho việc quản lý việc thực hiện dự án,0,NONE
893,Nghiên cứu về lưu trữ dữ liệu đám mây và tích hợp chúng vào ứng dụng,Nghiên cứu và triển khai công nghệ trích xuất thông tin từ các tài liệu kỹ thuật,0,NONE
894,Nghiên cứu về lưu trữ dữ liệu đám mây và tích hợp chúng vào ứng dụng,Tối ưu hóa và phân tích thuật toán tìm kiếm thông tin trong dữ liệu lớn,0,NONE
895,Nghiên cứu về lưu trữ dữ liệu đám mây và tích hợp chúng vào ứng dụng,Xây dựng hệ thống quản lý dự án phân tán và đa ngôn ngữ,0,NONE
896,Nghiên cứu về lưu trữ dữ liệu đám mây và tích hợp chúng vào ứng dụng,Phát triển ứng dụng di động cho việc quản lý công việc trong doanh nghiệp,0,NONE
897,Nghiên cứu về lưu trữ dữ liệu đám mây và tích hợp chúng vào ứng dụng,Nghiên cứu và triển khai công nghệ trí tuệ nhân tạo trong việc tự động hóa quy trình sản xuất,0,NONE
898,Nghiên cứu về lưu trữ dữ liệu đám mây và tích hợp chúng vào ứng dụng,Tối ưu hóa và cải thiện hiệu suất hệ thống truyền thông âm thanh/viễn thông,0,NONE
899,Nghiên cứu về lưu trữ dữ liệu đám mây và tích hợp chúng vào ứng dụng,Xây dựng hệ thống quản lý đối tác và khách hàng trực tuyến,0,NONE
900,Nghiên cứu về lưu trữ dữ liệu đám mây và tích hợp chúng vào ứng dụng,Phát triển ứng dụng di động cho việc quản lý tài chính cá nhân và đầu tư,0,NONE
901,Nghiên cứu về lưu trữ dữ liệu đám mây và tích hợp chúng vào ứng dụng,Nghiên cứu và triển khai công nghệ dự đoán và phân loại trong việc quản lý dữ liệu,0,NONE
902,Nghiên cứu về lưu trữ dữ liệu đám mây và tích hợp chúng vào ứng dụng,Tối ưu hóa và phân tích thuật toán Machine Learning trong việc dự đoán xu hướng người dùng,0,NONE
903,Nghiên cứu về lưu trữ dữ liệu đám mây và tích hợp chúng vào ứng dụng,Xây dựng hệ thống quản lý nhà trường và đào tạo trực tuyến,0,NONE
904,Nghiên cứu về lưu trữ dữ liệu đám mây và tích hợp chúng vào ứng dụng,Phát triển ứng dụng di động cho việc quản lý việc giải trí và giải trí,0,NONE
905,Nghiên cứu về lưu trữ dữ liệu đám mây và tích hợp chúng vào ứng dụng,Nghiên cứu và triển khai công nghệ trích xuất dữ liệu từ các tài liệu văn bản kỹ thuật,0,NONE
906,Nghiên cứu về lưu trữ dữ liệu đám mây và tích hợp chúng vào ứng dụng,Tối ưu hóa và cải thiện hiệu suất hệ thống truyền thông dữ liệu lớn,0,NONE
907,Nghiên cứu về lưu trữ dữ liệu đám mây và tích hợp chúng vào ứng dụng,Xây dựng hệ thống quản lý dự án phân tán và đa nền tảng dành cho doanh nghiệp,0,NONE
908,Nghiên cứu về lưu trữ dữ liệu đám mây và tích hợp chúng vào ứng dụng,Phát triển ứng dụng di động cho việc quản lý việc kinh doanh và doanh nghiệp,0,NONE
909,Nghiên cứu về lưu trữ dữ liệu đám mây và tích hợp chúng vào ứng dụng,Nghiên cứu và triển khai công nghệ trí tuệ nhân tạo trong việc cải thiện quá trình sản xuất,0,NONE
910,Nghiên cứu về lưu trữ dữ liệu đám mây và tích hợp chúng vào ứng dụng,Tối ưu hóa và phân tích thuật toán tìm kiếm thông tin trong ứng dụng di động,0,NONE
911,Nghiên cứu về lưu trữ dữ liệu đám mây và tích hợp chúng vào ứng dụng,Xây dựng hệ thống quản lý dự án phân tán và đa nền tảng dành cho ngành quảng cáo và marketing,0,NONE
912,Nghiên cứu về lưu trữ dữ liệu đám mây và tích hợp chúng vào ứng dụng,Phát triển ứng dụng di động cho việc quản lý việc kinh doanh và bán hàng,0,NONE
913,Nghiên cứu về lưu trữ dữ liệu đám mây và tích hợp chúng vào ứng dụng,Nghiên cứu và triển khai công nghệ xử lý ngôn ngữ tự nhiên trong ứng dụng web,0,NONE
914,Nghiên cứu về lưu trữ dữ liệu đám mây và tích hợp chúng vào ứng dụng,Tối ưu hóa và cải thiện hiệu suất hệ thống điều khiển tự động trong môi trường công nghiệp,0,NONE
915,Nghiên cứu về lưu trữ dữ liệu đám mây và tích hợp chúng vào ứng dụng,Xây dựng hệ thống quản lý tài chính và thu chi cá nhân trực tuyến,0,NONE
916,Nghiên cứu về lưu trữ dữ liệu đám mây và tích hợp chúng vào ứng dụng,Phát triển ứng dụng di động cho việc quản lý việc học tập và nghiên cứu,0,NONE
917,Nghiên cứu về lưu trữ dữ liệu đám mây và tích hợp chúng vào ứng dụng,Nghiên cứu và triển khai công nghệ trí tuệ nhân tạo trong việc tối ưu hóa dự đoán thị trường tài chính,0,NONE
918,Nghiên cứu về lưu trữ dữ liệu đám mây và tích hợp chúng vào ứng dụng,Tối ưu hóa và phân tích thuật toán Machine Learning trong việc dự đoán xu hướng kỹ thuật số,0,NONE
919,Nghiên cứu về lưu trữ dữ liệu đám mây và tích hợp chúng vào ứng dụng,Xây dựng hệ thống quản lý sản xuất và lịch trình sản xuất trực tuyến,0,NONE
920,Nghiên cứu về lưu trữ dữ liệu đám mây và tích hợp chúng vào ứng dụng,Phát triển ứng dụng di động cho việc quản lý việc học và đào tạo,0,NONE
921,Nghiên cứu về lưu trữ dữ liệu đám mây và tích hợp chúng vào ứng dụng,Nghiên cứu và triển khai công nghệ trích xuất thông tin từ ảnh và video kỹ thuật số,0,NONE
922,Nghiên cứu về lưu trữ dữ liệu đám mây và tích hợp chúng vào ứng dụng,Tối ưu hóa và cải thiện hiệu suất hệ thống truyền thông trực tuyến,0,NONE
923,Nghiên cứu về lưu trữ dữ liệu đám mây và tích hợp chúng vào ứng dụng,Xây dựng hệ thống quản lý nhà trường và đào tạo dành cho sinh viên,0,NONE
924,Nghiên cứu về lưu trữ dữ liệu đám mây và tích hợp chúng vào ứng dụng,Phát triển ứng dụng di động cho việc quản lý công việc trong lĩnh vực giáo dục,0,NONE
925,Nghiên cứu về lưu trữ dữ liệu đám mây và tích hợp chúng vào ứng dụng,Nghiên cứu và triển khai công nghệ dự đoán và phân loại dữ liệu lớn,0,NONE
926,Nghiên cứu về lưu trữ dữ liệu đám mây và tích hợp chúng vào ứng dụng,Tối ưu hóa và phân tích thuật toán Machine Learning trong việc dự đoán xu hướng người dùng,0,NONE
927,Nghiên cứu về lưu trữ dữ liệu đám mây và tích hợp chúng vào ứng dụng,Xây dựng hệ thống quản lý học tập và đào tạo dành cho doanh nghiệp,0,NONE
928,Nghiên cứu về lưu trữ dữ liệu đám mây và tích hợp chúng vào ứng dụng,Phát triển ứng dụng di động cho việc quản lý sự kiện và tổ chức,0,NONE
929,Nghiên cứu về lưu trữ dữ liệu đám mây và tích hợp chúng vào ứng dụng,Nghiên cứu và triển khai công nghệ trích xuất dữ liệu từ các tài liệu kỹ thuật,0,NONE
930,Nghiên cứu về lưu trữ dữ liệu đám mây và tích hợp chúng vào ứng dụng,Tối ưu hóa và cải thiện hiệu suất hệ thống truyền thông mạng máy tính,0,NONE
931,Nghiên cứu về lưu trữ dữ liệu đám mây và tích hợp chúng vào ứng dụng,Xây dựng hệ thống quản lý dự án phân tán và đa nền tảng cho các dự án nghiên cứu khoa học,0,NONE
932,Nghiên cứu về lưu trữ dữ liệu đám mây và tích hợp chúng vào ứng dụng,Phát triển ứng dụng di động cho việc quản lý việc tham gia các hoạt động xã hội và tình nguyện,0,NONE
933,Nghiên cứu về lưu trữ dữ liệu đám mây và tích hợp chúng vào ứng dụng,Nghiên cứu và triển khai công nghệ trí tuệ nhân tạo trong việc tự động hóa quy trình sản xuất,0,NONE
934,Nghiên cứu về lưu trữ dữ liệu đám mây và tích hợp chúng vào ứng dụng,Tối ưu hóa và phân tích thuật toán tìm kiếm thông tin trong ứng dụng web,0,NONE
935,Nghiên cứu về lưu trữ dữ liệu đám mây và tích hợp chúng vào ứng dụng,Xây dựng hệ thống quản lý đối tác và khách hàng trực tuyến dành cho ngành dịch vụ,0,NONE
936,Nghiên cứu về lưu trữ dữ liệu đám mây và tích hợp chúng vào ứng dụng,Phát triển ứng dụng di động cho việc quản lý công việc trong doanh nghiệp,0,NONE
937,Nghiên cứu về lưu trữ dữ liệu đám mây và tích hợp chúng vào ứng dụng,Nghiên cứu và triển khai công nghệ trích xuất dữ liệu từ các tài liệu văn bản kỹ thuật,0,NONE
938,Nghiên cứu về lưu trữ dữ liệu đám mây và tích hợp chúng vào ứng dụng,Tối ưu hóa và cải thiện hiệu suất hệ thống truyền thông dữ liệu lớn,0,NONE
939,Nghiên cứu về lưu trữ dữ liệu đám mây và tích hợp chúng vào ứng dụng,Xây dựng hệ thống quản lý dự án phân tán và đa nền tảng dành cho ngành giáo dục,0,NONE
940,Nghiên cứu về lưu trữ dữ liệu đám mây và tích hợp chúng vào ứng dụng,Phát triển ứng dụng di động cho việc kinh doanh và doanh nghiệp,0,NONE
941,Nghiên cứu về lưu trữ dữ liệu đám mây và tích hợp chúng vào ứng dụng,Nghiên cứu và triển khai công nghệ xử lý ngôn ngữ tự nhiên trong ứng dụng di động,0,NONE
942,Nghiên cứu về lưu trữ dữ liệu đám mây và tích hợp chúng vào ứng dụng,Tối ưu hóa và cải thiện hiệu suất hệ thống điều khiển tự động trong môi trường công nghiệp,0,NONE
943,Nghiên cứu về lưu trữ dữ liệu đám mây và tích hợp chúng vào ứng dụng,Xây dựng hệ thống quản lý tài chính và thu chi cá nhân trực tuyến,0,NONE
944,Nghiên cứu về lưu trữ dữ liệu đám mây và tích hợp chúng vào ứng dụng,Phát triển ứng dụng di động cho việc học tập và nghiên cứu,0,NONE
945,Nghiên cứu về lưu trữ dữ liệu đám mây và tích hợp chúng vào ứng dụng,Nghiên cứu và triển khai công nghệ trí tuệ nhân tạo trong việc cải thiện quá trình sản xuất,0,NONE
946,Nghiên cứu về lưu trữ dữ liệu đám mây và tích hợp chúng vào ứng dụng,Tối ưu hóa và phân tích thuật toán tìm kiếm thông tin trong ứng dụng di động,0,NONE
947,Nghiên cứu về lưu trữ dữ liệu đám mây và tích hợp chúng vào ứng dụng,Xây dựng hệ thống quản lý dự án phân tán và đa nền tảng dành cho ngành quảng cáo và marketing,0,NONE
948,Nghiên cứu về lưu trữ dữ liệu đám mây và tích hợp chúng vào ứng dụng,Phát triển ứng dụng di động cho việc kinh doanh và bán hàng,0,NONE
949,Nghiên cứu về lưu trữ dữ liệu đám mây và tích hợp chúng vào ứng dụng,Nghiên cứu và triển khai công nghệ trích xuất thông tin từ ảnh và video kỹ thuật số,0,NONE
950,Nghiên cứu về lưu trữ dữ liệu đám mây và tích hợp chúng vào ứng dụng,Tối ưu hóa và cải thiện hiệu suất hệ thống truyền thông trực tuyến,0,NONE
951,Nghiên cứu về lưu trữ dữ liệu đám mây và tích hợp chúng vào ứng dụng,Xây dựng hệ thống quản lý nhà trường và đào tạo dành cho sinh viên,0,NONE
952,Nghiên cứu về lưu trữ dữ liệu đám mây và tích hợp chúng vào ứng dụng,Phát triển ứng dụng di động cho việc quản lý công việc trong lĩnh vực giáo dục,0,NONE
953,Nghiên cứu về lưu trữ dữ liệu đám mây và tích hợp chúng vào ứng dụng,Nghiên cứu và triển khai công nghệ dự đoán và phân loại dữ liệu lớn,0,NONE
954,Nghiên cứu về lưu trữ dữ liệu đám mây và tích hợp chúng vào ứng dụng,Tối ưu hóa và phân tích thuật toán Machine Learning trong việc dự đoán xu hướng người dùng,0,NONE
955,Nghiên cứu về lưu trữ dữ liệu đám mây và tích hợp chúng vào ứng dụng,Xây dựng hệ thống quản lý học tập và đào tạo dành cho doanh nghiệp,0,NONE
956,Nghiên cứu về lưu trữ dữ liệu đám mây và tích hợp chúng vào ứng dụng,Phát triển ứng dụng di động cho việc quản lý sự kiện và tổ chức,0,NONE
957,Nghiên cứu về lưu trữ dữ liệu đám mây và tích hợp chúng vào ứng dụng,Nghiên cứu và triển khai công nghệ trích xuất dữ liệu từ các tài liệu kỹ thuật,0,NONE
958,Nghiên cứu về lưu trữ dữ liệu đám mây và tích hợp chúng vào ứng dụng,Tối ưu hóa và cải thiện hiệu suất hệ thống truyền thông mạng máy tính,0,NONE
959,Nghiên cứu về lưu trữ dữ liệu đám mây và tích hợp chúng vào ứng dụng,Xây dựng hệ thống quản lý dự án phân tán và đa nền tảng cho các dự án nghiên cứu khoa học,0,NONE
960,Nghiên cứu về lưu trữ dữ liệu đám mây và tích hợp chúng vào ứng dụng,Phát triển ứng dụng di động cho việc quản lý việc tham gia các hoạt động xã hội và tình nguyện,0,NONE
961,Nghiên cứu về lưu trữ dữ liệu đám mây và tích hợp chúng vào ứng dụng,Nghiên cứu và triển khai công nghệ trí tuệ nhân tạo trong việc tự động hóa quy trình sản xuất,0,NONE
962,Nghiên cứu về lưu trữ dữ liệu đám mây và tích hợp chúng vào ứng dụng,Tối ưu hóa và phân tích thuật toán tìm kiếm thông tin trong ứng dụng web,0,NONE
963,Nghiên cứu về lưu trữ dữ liệu đám mây và tích hợp chúng vào ứng dụng,Xây dựng hệ thống quản lý đối tác và khách hàng trực tuyến dành cho ngành dịch vụ,0,NONE
964,Nghiên cứu về lưu trữ dữ liệu đám mây và tích hợp chúng vào ứng dụng,Phát triển ứng dụng di động cho việc quản lý công việc trong doanh nghiệp,0,NONE
965,Nghiên cứu về lưu trữ dữ liệu đám mây và tích hợp chúng vào ứng dụng,Nghiên cứu và triển khai công nghệ trích xuất dữ liệu từ các tài liệu văn bản kỹ thuật,0,NONE
966,Nghiên cứu về lưu trữ dữ liệu đám mây và tích hợp chúng vào ứng dụng,Tối ưu hóa và cải thiện hiệu suất hệ thống truyền thông dữ liệu lớn,0,NONE
967,Nghiên cứu về lưu trữ dữ liệu đám mây và tích hợp chúng vào ứng dụng,Xây dựng hệ thống quản lý dự án phân tán và đa nền tảng dành cho ngành giáo dục,0,NONE
968,Nghiên cứu về lưu trữ dữ liệu đám mây và tích hợp chúng vào ứng dụng,Phát triển ứng dụng di động cho việc quản lý việc kinh doanh và doanh nghiệp,0,NONE
969,Nghiên cứu về lưu trữ dữ liệu đám mây và tích hợp chúng vào ứng dụng,Nghiên cứu và triển khai công nghệ xử lý ngôn ngữ tự nhiên trong ứng dụng di động,0,NONE
970,Nghiên cứu về lưu trữ dữ liệu đám mây và tích hợp chúng vào ứng dụng,Tối ưu hóa và cải thiện hiệu suất hệ thống điều khiển tự động trong môi trường công nghiệp,0,NONE
971,Nghiên cứu về lưu trữ dữ liệu đám mây và tích hợp chúng vào ứng dụng,Xây dựng hệ thống quản lý tài chính và thu chi cá nhân trực tuyến,0,NONE
972,Nghiên cứu về lưu trữ dữ liệu đám mây và tích hợp chúng vào ứng dụng,Phát triển ứng dụng di động cho việc quản lý việc học tập và nghiên cứu,0,NONE
973,Nghiên cứu về lưu trữ dữ liệu đám mây và tích hợp chúng vào ứng dụng,Nghiên cứu và triển khai công nghệ trí tuệ nhân tạo trong việc cải thiện quá trình sản xuất,0,NONE
974,Nghiên cứu về lưu trữ dữ liệu đám mây và tích hợp chúng vào ứng dụng,Tối ưu hóa và phân tích thuật toán tìm kiếm thông tin trong ứng dụng di động,0,NONE
975,Nghiên cứu về lưu trữ dữ liệu đám mây và tích hợp chúng vào ứng dụng,Xây dựng hệ thống quản lý dự án phân tán và đa nền tảng dành cho ngành quảng cáo và marketing,0,NONE
976,Nghiên cứu về lưu trữ dữ liệu đám mây và tích hợp chúng vào ứng dụng,Phát triển ứng dụng di động cho việc quản lý việc kinh doanh và bán hàng,0,NONE
977,Nghiên cứu về lưu trữ dữ liệu đám mây và tích hợp chúng vào ứng dụng,Nghiên cứu và triển khai công nghệ trích xuất thông tin từ ảnh và video kỹ thuật số,0,NONE
978,Nghiên cứu về lưu trữ dữ liệu đám mây và tích hợp chúng vào ứng dụng,Tối ưu hóa và cải thiện hiệu suất hệ thống truyền thông trực tuyến,0,NONE
979,Nghiên cứu về lưu trữ dữ liệu đám mây và tích hợp chúng vào ứng dụng,Xây dựng hệ thống quản lý nhà trường và đào tạo dành cho sinh viên,0,NONE
980,Nghiên cứu về lưu trữ dữ liệu đám mây và tích hợp chúng vào ứng dụng,Phát triển ứng dụng di động cho việc quản lý công việc trong lĩnh vực giáo dục,0,NONE
981,Nghiên cứu về lưu trữ dữ liệu đám mây và tích hợp chúng vào ứng dụng,Nghiên cứu và triển khai công nghệ dự đoán và phân loại dữ liệu lớn,0,NONE
982,Nghiên cứu về lưu trữ dữ liệu đám mây và tích hợp chúng vào ứng dụng,Tối ưu hóa và phân tích thuật toán Machine Learning trong việc dự đoán xu hướng người dùng,0,NONE
983,Nghiên cứu về lưu trữ dữ liệu đám mây và tích hợp chúng vào ứng dụng,Xây dựng hệ thống quản lý học tập và đào tạo dành cho doanh nghiệp,0,NONE
984,Nghiên cứu về lưu trữ dữ liệu đám mây và tích hợp chúng vào ứng dụng,Phát triển ứng dụng di động cho việc quản lý sự kiện và tổ chức,0,NONE
985,Nghiên cứu về lưu trữ dữ liệu đám mây và tích hợp chúng vào ứng dụng,Nghiên cứu và triển khai công nghệ trích xuất dữ liệu từ các tài liệu kỹ thuật,0,NONE
986,Kiểm thử và đánh giá bảo mật ứng dụng web,Phát triển hệ thống hỗ trợ quyết định dựa trên dữ liệu lớn (Big Data),0,NONE
987,Kiểm thử và đánh giá bảo mật ứng dụng web,Phân tích các phương pháp mã hóa dữ liệu trong ứng dụng di động,0,NONE
988,Kiểm thử và đánh giá bảo mật ứng dụng web,Tối ưu hóa thuật toán tìm kiếm trong cơ sở dữ liệu,0,NONE
989,Kiểm thử và đánh giá bảo mật ứng dụng web,Triển khai mô hình Machine Learning trong việc dự đoán doanh số bán hàng,0,NONE
990,Kiểm thử và đánh giá bảo mật ứng dụng web,Phân tích và phát triển ứng dụng chatbot trên nền tảng trí tuệ nhân tạo,0,NONE
991,Kiểm thử và đánh giá bảo mật ứng dụng web,Xây dựng hệ thống quản lý dự án trực tuyến,0,NONE
992,Kiểm thử và đánh giá bảo mật ứng dụng web,Đánh giá hiệu năng của các kiến trúc máy tính đám mây,0,NONE
993,Kiểm thử và đánh giá bảo mật ứng dụng web,Tích hợp công nghệ Blockchain trong ứng dụng giao dịch tài chính,0,NONE
994,Kiểm thử và đánh giá bảo mật ứng dụng web,Phân tích và đánh giá các nguy cơ an ninh trong ứng dụng di động,0,NONE
995,Kiểm thử và đánh giá bảo mật ứng dụng web,Xây dựng ứng dụng e-commerce với tích hợp thanh toán trực tuyến,0,NONE
996,Kiểm thử và đánh giá bảo mật ứng dụng web,Phát triển ứng dụng trợ lý ảo cho việc lập kế hoạch cá nhân,0,NONE
997,Kiểm thử và đánh giá bảo mật ứng dụng web,Xây dựng hệ thống quản lý nhân sự và lương bằng CNTT,0,NONE
998,Kiểm thử và đánh giá bảo mật ứng dụng web,Nghiên cứu và phát triển giải pháp an ninh mạng,0,NONE
999,Kiểm thử và đánh giá bảo mật ứng dụng web,Tối ưu hóa cơ sở dữ liệu NoSQL cho ứng dụng web,0,NONE
1000,Kiểm thử và đánh giá bảo mật ứng dụng web,Phân tích và cải thiện hiệu suất của ứng dụng trên nền tảng di động,0,NONE
1001,Kiểm thử và đánh giá bảo mật ứng dụng web,Xây dựng ứng dụng học ngoại ngữ trực tuyến,0,NONE
1002,Kiểm thử và đánh giá bảo mật ứng dụng web,Phân tích và phát triển hệ thống nhận dạng khuôn mặt,0,NONE
1003,Kiểm thử và đánh giá bảo mật ứng dụng web,Xây dựng hệ thống quản lý khách hàng (CRM) đa nền tảng,0,NONE
1004,Kiểm thử và đánh giá bảo mật ứng dụng web,Nghiên cứu và triển khai công nghệ 5G,0,NONE
1005,Kiểm thử và đánh giá bảo mật ứng dụng web,Xây dựng hệ thống thông tin địa lý (GIS) cho bản đồ trực tuyến,0,NONE
1006,Kiểm thử và đánh giá bảo mật ứng dụng web,Phân tích và tối ưu hóa cấu trúc dữ liệu của ứng dụng,0,NONE
1007,Kiểm thử và đánh giá bảo mật ứng dụng web,Phát triển ứng dụng hỗ trợ việc học trực tuyến,0,NONE
1008,Kiểm thử và đánh giá bảo mật ứng dụng web,Nghiên cứu và triển khai công nghệ truyền dẫn âm thanh/viễn thông,0,NONE
1009,Kiểm thử và đánh giá bảo mật ứng dụng web,Xây dựng ứng dụng hỗ trợ việc tạo và quản lý lịch trình,0,NONE
1010,Kiểm thử và đánh giá bảo mật ứng dụng web,Nghiên cứu và triển khai hệ thống giám sát môi trường sử dụng Công nghệ Internet of Things (IoT),0,NONE
1011,Kiểm thử và đánh giá bảo mật ứng dụng web,Phát triển ứng dụng di động cho việc quản lý công việc cá nhân,0,NONE
1012,Kiểm thử và đánh giá bảo mật ứng dụng web,Nghiên cứu và triển khai công nghệ trí tuệ nhân tạo trong ứng dụng y tế,0,NONE
1013,Kiểm thử và đánh giá bảo mật ứng dụng web,Xây dựng hệ thống quản lý tài liệu trực tuyến,0,NONE
1014,Kiểm thử và đánh giá bảo mật ứng dụng web,Phân tích và phát triển hệ thống gợi ý sản phẩm cho các trang thương mại điện tử,0,NONE
1015,Kiểm thử và đánh giá bảo mật ứng dụng web,Triển khai hệ thống giám sát mạng máy tính,0,NONE
1016,Kiểm thử và đánh giá bảo mật ứng dụng web,Xây dựng ứng dụng trò chơi trên nền tảng di động,0,NONE
1017,Kiểm thử và đánh giá bảo mật ứng dụng web,Nghiên cứu và triển khai công nghệ Blockchain trong lĩnh vực tài chính,0,NONE
1018,Kiểm thử và đánh giá bảo mật ứng dụng web,Tối ưu hóa và cải thiện hiệu suất cơ sở dữ liệu SQL,0,NONE
1019,Kiểm thử và đánh giá bảo mật ứng dụng web,Phát triển ứng dụng quản lý học tập trực tuyến,0,NONE
1020,Kiểm thử và đánh giá bảo mật ứng dụng web,Nghiên cứu về bảo mật và đánh giá rủi ro của ứng dụng web,2,MEDIUM
1021,Kiểm thử và đánh giá bảo mật ứng dụng web,Phát triển hệ thống dự đoán thời tiết thông qua dữ liệu lớn,0,NONE
1022,Kiểm thử và đánh giá bảo mật ứng dụng web,Xây dựng hệ thống điều khiển các thiết bị thông qua ứng dụng di động,0,NONE
1023,Kiểm thử và đánh giá bảo mật ứng dụng web,Phân tích và phát triển hệ thống chấm công nhân viên tự động,0,NONE
1024,Kiểm thử và đánh giá bảo mật ứng dụng web,Tối ưu hóa và phân tích độ phức tạp của thuật toán,0,NONE
1025,Kiểm thử và đánh giá bảo mật ứng dụng web,Nghiên cứu và triển khai ứng dụng trợ lý ảo dựa trên trí tuệ nhân tạo,0,NONE
1026,Kiểm thử và đánh giá bảo mật ứng dụng web,Xây dựng hệ thống quản lý nhà hàng và đặt hàng trực tuyến,0,NONE
1027,Kiểm thử và đánh giá bảo mật ứng dụng web,Phát triển ứng dụng giao tiếp qua giọng nói,0,NONE
1028,Kiểm thử và đánh giá bảo mật ứng dụng web,Nghiên cứu về công nghệ ảo hóa và triển khai máy ảo,0,NONE
1029,Kiểm thử và đánh giá bảo mật ứng dụng web,Phát triển ứng dụng di động cho việc quản lý tài chính cá nhân,0,NONE
1030,Kiểm thử và đánh giá bảo mật ứng dụng web,Tối ưu hóa và nâng cấp cơ sở dữ liệu NoSQL,0,NONE
1031,Kiểm thử và đánh giá bảo mật ứng dụng web,Nghiên cứu và triển khai công nghệ mạng 5G,0,NONE
1032,Kiểm thử và đánh giá bảo mật ứng dụng web,Xây dựng hệ thống đánh giá hiệu suất nhân viên dựa trên dữ liệu,0,NONE
1033,Kiểm thử và đánh giá bảo mật ứng dụng web,Phát triển ứng dụng di động giúp người dùng tìm kiếm địa điểm du lịch,0,NONE
1034,Kiểm thử và đánh giá bảo mật ứng dụng web,Nghiên cứu về công nghệ truyền thông âm thanh và hình ảnh,0,NONE
1035,Kiểm thử và đánh giá bảo mật ứng dụng web,Xây dựng hệ thống quản lý sự kiện trực tuyến,0,NONE
1036,Kiểm thử và đánh giá bảo mật ứng dụng web,Phát triển ứng dụng di động dành cho việc học ngoại ngữ,0,NONE
1037,Kiểm thử và đánh giá bảo mật ứng dụng web,Tối ưu hóa và phân tích thuật toán Machine Learning,0,NONE
1038,Kiểm thử và đánh giá bảo mật ứng dụng web,Nghiên cứu về công nghệ Internet of Things (IoT) trong việc quản lý năng lượng,0,NONE
1039,Kiểm thử và đánh giá bảo mật ứng dụng web,Phát triển hệ thống giao dịch và thanh toán trực tuyến,0,NONE
1040,Kiểm thử và đánh giá bảo mật ứng dụng web,Nghiên cứu và triển khai công nghệ trích xuất thông tin từ văn bản tự động,0,NONE
1041,Kiểm thử và đánh giá bảo mật ứng dụng web,Xây dựng hệ thống quản lý kho hàng trực tuyến,0,NONE
1042,Kiểm thử và đánh giá bảo mật ứng dụng web,Phát triển ứng dụng di động cho việc chăm sóc sức khỏe,0,NONE
1043,Kiểm thử và đánh giá bảo mật ứng dụng web,Nghiên cứu và triển khai công nghệ trích xuất dữ liệu từ hình ảnh và video,0,NONE
1044,Kiểm thử và đánh giá bảo mật ứng dụng web,Tối ưu hóa và nâng cao hiệu suất hệ thống điều khiển tự động,0,NONE
1045,Kiểm thử và đánh giá bảo mật ứng dụng web,Xây dựng hệ thống quản lý dự án trực tuyến,0,NONE
1046,Kiểm thử và đánh giá bảo mật ứng dụng web,Phát triển ứng dụng di động cho việc quản lý thời gian làm việc,0,NONE
1047,Kiểm thử và đánh giá bảo mật ứng dụng web,Nghiên cứu về công nghệ trích xuất dữ liệu từ âm thanh và giọng nói,0,NONE
1048,Kiểm thử và đánh giá bảo mật ứng dụng web,Tối ưu hóa và phân tích thuật toán tìm kiếm trực tuyến,0,NONE
1049,Kiểm thử và đánh giá bảo mật ứng dụng web,Xây dựng hệ thống quản lý điểm danh và chấm công trực tuyến,0,NONE
1050,Kiểm thử và đánh giá bảo mật ứng dụng web,Phát triển ứng dụng di động cho việc tìm kiếm nhà ở,0,NONE
1051,Kiểm thử và đánh giá bảo mật ứng dụng web,Nghiên cứu và triển khai công nghệ xử lý ngôn ngữ tự nhiên,0,NONE
1052,Kiểm thử và đánh giá bảo mật ứng dụng web,Tối ưu hóa và cải thiện hiệu suất hệ thống điều khiển đồng thời,0,NONE
1053,Kiểm thử và đánh giá bảo mật ứng dụng web,Xây dựng hệ thống quản lý đào tạo và đánh giá nhân viên,0,NONE
1054,Kiểm thử và đánh giá bảo mật ứng dụng web,Phát triển ứng dụng di động cho việc quản lý chi tiêu,0,NONE
1055,Kiểm thử và đánh giá bảo mật ứng dụng web,Nghiên cứu và triển khai công nghệ trí tuệ nhân tạo trong ứng dụng thương mại điện tử,0,NONE
1056,Kiểm thử và đánh giá bảo mật ứng dụng web,Tối ưu hóa và phân tích thuật toán Machine Learning sử dụng dữ liệu lớn,0,NONE
1057,Kiểm thử và đánh giá bảo mật ứng dụng web,Xây dựng hệ thống quản lý chất lượng dịch vụ trực tuyến,0,NONE
1058,Kiểm thử và đánh giá bảo mật ứng dụng web,Phát triển ứng dụng di động cho việc quản lý việc mua sắm,0,NONE
1059,Kiểm thử và đánh giá bảo mật ứng dụng web,Nghiên cứu và triển khai công nghệ trích xuất dữ liệu từ các tài liệu văn bản,0,NONE
1060,Kiểm thử và đánh giá bảo mật ứng dụng web,Tối ưu hóa và cải thiện hiệu suất hệ thống điều khiển thiết bị IoT,0,NONE
1061,Kiểm thử và đánh giá bảo mật ứng dụng web,Xây dựng hệ thống quản lý tài nguyên con người trực tuyến,0,NONE
1062,Kiểm thử và đánh giá bảo mật ứng dụng web,Phát triển ứng dụng di động cho việc quản lý công việc nhóm,0,NONE
1063,Kiểm thử và đánh giá bảo mật ứng dụng web,Nghiên cứu và triển khai công nghệ dự đoán và phân loại dữ liệu,0,NONE
1064,Kiểm thử và đánh giá bảo mật ứng dụng web,Tối ưu hóa và phân tích thuật toán tối ưu trong quản lý dự án,0,NONE
1065,Kiểm thử và đánh giá bảo mật ứng dụng web,Xây dựng hệ thống quản lý vận hành nhà máy trực tuyến,0,NONE
1066,Kiểm thử và đánh giá bảo mật ứng dụng web,Phát triển ứng dụng di động cho việc học và rèn luyện kỹ năng,0,NONE
1067,Kiểm thử và đánh giá bảo mật ứng dụng web,Nghiên cứu và triển khai công nghệ trí tuệ nhân tạo trong lĩnh vực giáo dục,0,NONE
1068,Kiểm thử và đánh giá bảo mật ứng dụng web,Tối ưu hóa và cải thiện hiệu suất hệ thống quản lý lưu trữ dữ liệu,0,NONE
1069,Kiểm thử và đánh giá bảo mật ứng dụng web,Xây dựng hệ thống quản lý dự án phân tán và đa nền tảng,0,NONE
1070,Kiểm thử và đánh giá bảo mật ứng dụng web,Phát triển ứng dụng di động cho việc quản lý việc du lịch,0,NONE
1071,Kiểm thử và đánh giá bảo mật ứng dụng web,Nghiên cứu và triển khai công nghệ trí tuệ nhân tạo trong việc dự đoán thị trường tài chính,0,NONE
1072,Kiểm thử và đánh giá bảo mật ứng dụng web,Tối ưu hóa và phân tích thuật toán trong lĩnh vực trích xuất thông tin từ ảnh và video,0,NONE
1073,Kiểm thử và đánh giá bảo mật ứng dụng web,Xây dựng hệ thống quản lý tài nguyên nhân sự trực tuyến,0,NONE
1074,Kiểm thử và đánh giá bảo mật ứng dụng web,Phát triển ứng dụng di động cho việc quản lý sức khỏe và thể dục,0,NONE
1075,Kiểm thử và đánh giá bảo mật ứng dụng web,Nghiên cứu và triển khai công nghệ dự đoán và phân tích dữ liệu lớn,0,NONE
1076,Kiểm thử và đánh giá bảo mật ứng dụng web,Tối ưu hóa và cải thiện hiệu suất hệ thống truyền thông đa phương tiện,0,NONE
1077,Kiểm thử và đánh giá bảo mật ứng dụng web,Xây dựng hệ thống quản lý hoạt động bán lẻ trực tuyến,0,NONE
1078,Kiểm thử và đánh giá bảo mật ứng dụng web,Phát triển ứng dụng di động cho việc quản lý tài sản cá nhân,0,NONE
1079,Kiểm thử và đánh giá bảo mật ứng dụng web,Nghiên cứu và triển khai công nghệ trí tuệ nhân tạo trong việc tối ưu hóa quá trình sản xuất,0,NONE
1080,Kiểm thử và đánh giá bảo mật ứng dụng web,Tối ưu hóa và phân tích thuật toán Machine Learning trong việc dự đoán xu hướng thị trường,0,NONE
1081,Kiểm thử và đánh giá bảo mật ứng dụng web,Xây dựng hệ thống quản lý học tập và đào tạo trực tuyến,0,NONE
1082,Kiểm thử và đánh giá bảo mật ứng dụng web,Phát triển ứng dụng di động cho việc quản lý lịch trình cá nhân,0,NONE
1083,Kiểm thử và đánh giá bảo mật ứng dụng web,Nghiên cứu và triển khai công nghệ xử lý ngôn ngữ tự nhiên trong ứng dụng di động,0,NONE
1084,Kiểm thử và đánh giá bảo mật ứng dụng web,Tối ưu hóa và cải thiện hiệu suất hệ thống điều khiển tự động bằng Machine Learning,0,NONE
1085,Kiểm thử và đánh giá bảo mật ứng dụng web,Xây dựng hệ thống quản lý dự án trực tuyến dành cho ngành xây dựng,0,NONE
1086,Kiểm thử và đánh giá bảo mật ứng dụng web,Phát triển ứng dụng di động cho việc quản lý việc thực hiện dự án,0,NONE
1087,Kiểm thử và đánh giá bảo mật ứng dụng web,Nghiên cứu và triển khai công nghệ trích xuất thông tin từ các tài liệu kỹ thuật,0,NONE
1088,Kiểm thử và đánh giá bảo mật ứng dụng web,Tối ưu hóa và phân tích thuật toán tìm kiếm thông tin trong dữ liệu lớn,0,NONE
1089,Kiểm thử và đánh giá bảo mật ứng dụng web,Xây dựng hệ thống quản lý dự án phân tán và đa ngôn ngữ,0,NONE
1090,Kiểm thử và đánh giá bảo mật ứng dụng web,Phát triển ứng dụng di động cho việc quản lý công việc trong doanh nghiệp,0,NONE
1091,Kiểm thử và đánh giá bảo mật ứng dụng web,Nghiên cứu và triển khai công nghệ trí tuệ nhân tạo trong việc tự động hóa quy trình sản xuất,0,NONE
1092,Kiểm thử và đánh giá bảo mật ứng dụng web,Tối ưu hóa và cải thiện hiệu suất hệ thống truyền thông âm thanh/viễn thông,0,NONE
1093,Kiểm thử và đánh giá bảo mật ứng dụng web,Xây dựng hệ thống quản lý đối tác và khách hàng trực tuyến,0,NONE
1094,Kiểm thử và đánh giá bảo mật ứng dụng web,Phát triển ứng dụng di động cho việc quản lý tài chính cá nhân và đầu tư,0,NONE
1095,Kiểm thử và đánh giá bảo mật ứng dụng web,Nghiên cứu và triển khai công nghệ dự đoán và phân loại trong việc quản lý dữ liệu,0,NONE
1096,Kiểm thử và đánh giá bảo mật ứng dụng web,Tối ưu hóa và phân tích thuật toán Machine Learning trong việc dự đoán xu hướng người dùng,0,NONE
1097,Kiểm thử và đánh giá bảo mật ứng dụng web,Xây dựng hệ thống quản lý nhà trường và đào tạo trực tuyến,0,NONE
1098,Kiểm thử và đánh giá bảo mật ứng dụng web,Phát triển ứng dụng di động cho việc quản lý việc giải trí và giải trí,0,NONE
1099,Kiểm thử và đánh giá bảo mật ứng dụng web,Nghiên cứu và triển khai công nghệ trích xuất dữ liệu từ các tài liệu văn bản kỹ thuật,0,NONE
1100,Kiểm thử và đánh giá bảo mật ứng dụng web,Tối ưu hóa và cải thiện hiệu suất hệ thống truyền thông dữ liệu lớn,0,NONE
1101,Kiểm thử và đánh giá bảo mật ứng dụng web,Xây dựng hệ thống quản lý dự án phân tán và đa nền tảng dành cho doanh nghiệp,0,NONE
1102,Kiểm thử và đánh giá bảo mật ứng dụng web,Phát triển ứng dụng di động cho việc quản lý việc kinh doanh và doanh nghiệp,0,NONE
1103,Kiểm thử và đánh giá bảo mật ứng dụng web,Nghiên cứu và triển khai công nghệ trí tuệ nhân tạo trong việc cải thiện quá trình sản xuất,0,NONE
1104,Kiểm thử và đánh giá bảo mật ứng dụng web,Tối ưu hóa và phân tích thuật toán tìm kiếm thông tin trong ứng dụng di động,0,NONE
1105,Kiểm thử và đánh giá bảo mật ứng dụng web,Xây dựng hệ thống quản lý dự án phân tán và đa nền tảng dành cho ngành quảng cáo và marketing,0,NONE
1106,Kiểm thử và đánh giá bảo mật ứng dụng web,Phát triển ứng dụng di động cho việc quản lý việc kinh doanh và bán hàng,0,NONE
1107,Kiểm thử và đánh giá bảo mật ứng dụng web,Nghiên cứu và triển khai công nghệ xử lý ngôn ngữ tự nhiên trong ứng dụng web,0,NONE
1108,Kiểm thử và đánh giá bảo mật ứng dụng web,Tối ưu hóa và cải thiện hiệu suất hệ thống điều khiển tự động trong môi trường công nghiệp,0,NONE
1109,Kiểm thử và đánh giá bảo mật ứng dụng web,Xây dựng hệ thống quản lý tài chính và thu chi cá nhân trực tuyến,0,NONE
1110,Kiểm thử và đánh giá bảo mật ứng dụng web,Phát triển ứng dụng di động cho việc quản lý việc học tập và nghiên cứu,0,NONE
1111,Kiểm thử và đánh giá bảo mật ứng dụng web,Nghiên cứu và triển khai công nghệ trí tuệ nhân tạo trong việc tối ưu hóa dự đoán thị trường tài chính,0,NONE
1112,Kiểm thử và đánh giá bảo mật ứng dụng web,Tối ưu hóa và phân tích thuật toán Machine Learning trong việc dự đoán xu hướng kỹ thuật số,0,NONE
1113,Kiểm thử và đánh giá bảo mật ứng dụng web,Xây dựng hệ thống quản lý sản xuất và lịch trình sản xuất trực tuyến,0,NONE
1114,Kiểm thử và đánh giá bảo mật ứng dụng web,Phát triển ứng dụng di động cho việc quản lý việc học và đào tạo,0,NONE
1115,Kiểm thử và đánh giá bảo mật ứng dụng web,Nghiên cứu và triển khai công nghệ trích xuất thông tin từ ảnh và video kỹ thuật số,0,NONE
1116,Kiểm thử và đánh giá bảo mật ứng dụng web,Tối ưu hóa và cải thiện hiệu suất hệ thống truyền thông trực tuyến,0,NONE
1117,Kiểm thử và đánh giá bảo mật ứng dụng web,Xây dựng hệ thống quản lý nhà trường và đào tạo dành cho sinh viên,0,NONE
1118,Kiểm thử và đánh giá bảo mật ứng dụng web,Phát triển ứng dụng di động cho việc quản lý công việc trong lĩnh vực giáo dục,0,NONE
1119,Kiểm thử và đánh giá bảo mật ứng dụng web,Nghiên cứu và triển khai công nghệ dự đoán và phân loại dữ liệu lớn,0,NONE
1120,Kiểm thử và đánh giá bảo mật ứng dụng web,Tối ưu hóa và phân tích thuật toán Machine Learning trong việc dự đoán xu hướng người dùng,0,NONE
1121,Kiểm thử và đánh giá bảo mật ứng dụng web,Xây dựng hệ thống quản lý học tập và đào tạo dành cho doanh nghiệp,0,NONE
1122,Kiểm thử và đánh giá bảo mật ứng dụng web,Phát triển ứng dụng di động cho việc quản lý sự kiện và tổ chức,0,NONE
1123,Kiểm thử và đánh giá bảo mật ứng dụng web,Nghiên cứu và triển khai công nghệ trích xuất dữ liệu từ các tài liệu kỹ thuật,0,NONE
1124,Kiểm thử và đánh giá bảo mật ứng dụng web,Tối ưu hóa và cải thiện hiệu suất hệ thống truyền thông mạng máy tính,0,NONE
1125,Kiểm thử và đánh giá bảo mật ứng dụng web,Xây dựng hệ thống quản lý dự án phân tán và đa nền tảng cho các dự án nghiên cứu khoa học,0,NONE
1126,Kiểm thử và đánh giá bảo mật ứng dụng web,Phát triển ứng dụng di động cho việc quản lý việc tham gia các hoạt động xã hội và tình nguyện,0,NONE
1127,Kiểm thử và đánh giá bảo mật ứng dụng web,Nghiên cứu và triển khai công nghệ trí tuệ nhân tạo trong việc tự động hóa quy trình sản xuất,0,NONE
1128,Kiểm thử và đánh giá bảo mật ứng dụng web,Tối ưu hóa và phân tích thuật toán tìm kiếm thông tin trong ứng dụng web,1,LOW
1129,Kiểm thử và đánh giá bảo mật ứng dụng web,Xây dựng hệ thống quản lý đối tác và khách hàng trực tuyến dành cho ngành dịch vụ,0,NONE
1130,Kiểm thử và đánh giá bảo mật ứng dụng web,Phát triển ứng dụng di động cho việc quản lý công việc trong doanh nghiệp,0,NONE
1131,Kiểm thử và đánh giá bảo mật ứng dụng web,Nghiên cứu và triển khai công nghệ trích xuất dữ liệu từ các tài liệu văn bản kỹ thuật,0,NONE
1132,Kiểm thử và đánh giá bảo mật ứng dụng web,Tối ưu hóa và cải thiện hiệu suất hệ thống truyền thông dữ liệu lớn,0,NONE
1133,Kiểm thử và đánh giá bảo mật ứng dụng web,Xây dựng hệ thống quản lý dự án phân tán và đa nền tảng dành cho ngành giáo dục,0,NONE
1134,Kiểm thử và đánh giá bảo mật ứng dụng web,Phát triển ứng dụng di động cho việc kinh doanh và doanh nghiệp,0,NONE
1135,Kiểm thử và đánh giá bảo mật ứng dụng web,Nghiên cứu và triển khai công nghệ xử lý ngôn ngữ tự nhiên trong ứng dụng di động,0,NONE
1136,Kiểm thử và đánh giá bảo mật ứng dụng web,Tối ưu hóa và cải thiện hiệu suất hệ thống điều khiển tự động trong môi trường công nghiệp,0,NONE
1137,Kiểm thử và đánh giá bảo mật ứng dụng web,Xây dựng hệ thống quản lý tài chính và thu chi cá nhân trực tuyến,0,NONE
1138,Kiểm thử và đánh giá bảo mật ứng dụng web,Phát triển ứng dụng di động cho việc học tập và nghiên cứu,0,NONE
1139,Kiểm thử và đánh giá bảo mật ứng dụng web,Nghiên cứu và triển khai công nghệ trí tuệ nhân tạo trong việc cải thiện quá trình sản xuất,0,NONE
1140,Kiểm thử và đánh giá bảo mật ứng dụng web,Tối ưu hóa và phân tích thuật toán tìm kiếm thông tin trong ứng dụng di động,0,NONE
1141,Kiểm thử và đánh giá bảo mật ứng dụng web,Xây dựng hệ thống quản lý dự án phân tán và đa nền tảng dành cho ngành quảng cáo và marketing,0,NONE
1142,Kiểm thử và đánh giá bảo mật ứng dụng web,Phát triển ứng dụng di động cho việc kinh doanh và bán hàng,0,NONE
1143,Kiểm thử và đánh giá bảo mật ứng dụng web,Nghiên cứu và triển khai công nghệ trích xuất thông tin từ ảnh và video kỹ thuật số,0,NONE
1144,Kiểm thử và đánh giá bảo mật ứng dụng web,Tối ưu hóa và cải thiện hiệu suất hệ thống truyền thông trực tuyến,0,NONE
1145,Kiểm thử và đánh giá bảo mật ứng dụng web,Xây dựng hệ thống quản lý nhà trường và đào tạo dành cho sinh viên,0,NONE
1146,Kiểm thử và đánh giá bảo mật ứng dụng web,Phát triển ứng dụng di động cho việc quản lý công việc trong lĩnh vực giáo dục,0,NONE
1147,Kiểm thử và đánh giá bảo mật ứng dụng web,Nghiên cứu và triển khai công nghệ dự đoán và phân loại dữ liệu lớn,0,NONE
1148,Kiểm thử và đánh giá bảo mật ứng dụng web,Tối ưu hóa và phân tích thuật toán Machine Learning trong việc dự đoán xu hướng người dùng,0,NONE
1149,Kiểm thử và đánh giá bảo mật ứng dụng web,Xây dựng hệ thống quản lý học tập và đào tạo dành cho doanh nghiệp,0,NONE
1150,Kiểm thử và đánh giá bảo mật ứng dụng web,Phát triển ứng dụng di động cho việc quản lý sự kiện và tổ chức,0,NONE
1151,Kiểm thử và đánh giá bảo mật ứng dụng web,Nghiên cứu và triển khai công nghệ trích xuất dữ liệu từ các tài liệu kỹ thuật,0,NONE
1152,Kiểm thử và đánh giá bảo mật ứng dụng web,Tối ưu hóa và cải thiện hiệu suất hệ thống truyền thông mạng máy tính,0,NONE
1153,Kiểm thử và đánh giá bảo mật ứng dụng web,Xây dựng hệ thống quản lý dự án phân tán và đa nền tảng cho các dự án nghiên cứu khoa học,0,NONE
1154,Kiểm thử và đánh giá bảo mật ứng dụng web,Phát triển ứng dụng di động cho việc quản lý việc tham gia các hoạt động xã hội và tình nguyện,0,NONE
1155,Kiểm thử và đánh giá bảo mật ứng dụng web,Nghiên cứu và triển khai công nghệ trí tuệ nhân tạo trong việc tự động hóa quy trình sản xuất,0,NONE
1156,Kiểm thử và đánh giá bảo mật ứng dụng web,Tối ưu hóa và phân tích thuật toán tìm kiếm thông tin trong ứng dụng web,1,LOW
1157,Kiểm thử và đánh giá bảo mật ứng dụng web,Xây dựng hệ thống quản lý đối tác và khách hàng trực tuyến dành cho ngành dịch vụ,0,NONE
1158,Kiểm thử và đánh giá bảo mật ứng dụng web,Phát triển ứng dụng di động cho việc quản lý công việc trong doanh nghiệp,0,NONE
1159,Kiểm thử và đánh giá bảo mật ứng dụng web,Nghiên cứu và triển khai công nghệ trích xuất dữ liệu từ các tài liệu văn bản kỹ thuật,0,NONE
1160,Kiểm thử và đánh giá bảo mật ứng dụng web,Tối ưu hóa và cải thiện hiệu suất hệ thống truyền thông dữ liệu lớn,0,NONE
1161,Kiểm thử và đánh giá bảo mật ứng dụng web,Xây dựng hệ thống quản lý dự án phân tán và đa nền tảng dành cho ngành giáo dục,0,NONE
1162,Kiểm thử và đánh giá bảo mật ứng dụng web,Phát triển ứng dụng di động cho việc quản lý việc kinh doanh và doanh nghiệp,0,NONE
1163,Kiểm thử và đánh giá bảo mật ứng dụng web,Nghiên cứu và triển khai công nghệ xử lý ngôn ngữ tự nhiên trong ứng dụng di động,0,NONE
1164,Kiểm thử và đánh giá bảo mật ứng dụng web,Tối ưu hóa và cải thiện hiệu suất hệ thống điều khiển tự động trong môi trường công nghiệp,0,NONE
1165,Kiểm thử và đánh giá bảo mật ứng dụng web,Xây dựng hệ thống quản lý tài chính và thu chi cá nhân trực tuyến,0,NONE
1166,Kiểm thử và đánh giá bảo mật ứng dụng web,Phát triển ứng dụng di động cho việc quản lý việc học tập và nghiên cứu,0,NONE
1167,Kiểm thử và đánh giá bảo mật ứng dụng web,Nghiên cứu và triển khai công nghệ trí tuệ nhân tạo trong việc cải thiện quá trình sản xuất,0,NONE
1168,Kiểm thử và đánh giá bảo mật ứng dụng web,Tối ưu hóa và phân tích thuật toán tìm kiếm thông tin trong ứng dụng di động,0,NONE
1169,Kiểm thử và đánh giá bảo mật ứng dụng web,Xây dựng hệ thống quản lý dự án phân tán và đa nền tảng dành cho ngành quảng cáo và marketing,0,NONE
1170,Kiểm thử và đánh giá bảo mật ứng dụng web,Phát triển ứng dụng di động cho việc quản lý việc kinh doanh và bán hàng,0,NONE
1171,Kiểm thử và đánh giá bảo mật ứng dụng web,Nghiên cứu và triển khai công nghệ trích xuất thông tin từ ảnh và video kỹ thuật số,0,NONE
1172,Kiểm thử và đánh giá bảo mật ứng dụng web,Tối ưu hóa và cải thiện hiệu suất hệ thống truyền thông trực tuyến,0,NONE
1173,Kiểm thử và đánh giá bảo mật ứng dụng web,Xây dựng hệ thống quản lý nhà trường và đào tạo dành cho sinh viên,0,NONE
1174,Kiểm thử và đánh giá bảo mật ứng dụng web,Phát triển ứng dụng di động cho việc quản lý công việc trong lĩnh vực giáo dục,0,NONE
1175,Kiểm thử và đánh giá bảo mật ứng dụng web,Nghiên cứu và triển khai công nghệ dự đoán và phân loại dữ liệu lớn,0,NONE
1176,Kiểm thử và đánh giá bảo mật ứng dụng web,Tối ưu hóa và phân tích thuật toán Machine Learning trong việc dự đoán xu hướng người dùng,0,NONE
1177,Kiểm thử và đánh giá bảo mật ứng dụng web,Xây dựng hệ thống quản lý học tập và đào tạo dành cho doanh nghiệp,0,NONE
1178,Kiểm thử và đánh giá bảo mật ứng dụng web,Phát triển ứng dụng di động cho việc quản lý sự kiện và tổ chức,0,NONE
1179,Kiểm thử và đánh giá bảo mật ứng dụng web,Nghiên cứu và triển khai công nghệ trích xuất dữ liệu từ các tài liệu kỹ thuật,0,NONE
1180,Phát triển hệ thống hỗ trợ quyết định dựa trên dữ liệu lớn (Big Data),Phân tích các phương pháp mã hóa dữ liệu trong ứng dụng di động,0,NONE
1181,Phát triển hệ thống hỗ trợ quyết định dựa trên dữ liệu lớn (Big Data),Tối ưu hóa thuật toán tìm kiếm trong cơ sở dữ liệu,0,NONE
1182,Phát triển hệ thống hỗ trợ quyết định dựa trên dữ liệu lớn (Big Data),Triển khai mô hình Machine Learning trong việc dự đoán doanh số bán hàng,0,NONE
1183,Phát triển hệ thống hỗ trợ quyết định dựa trên dữ liệu lớn (Big Data),Phân tích và phát triển ứng dụng chatbot trên nền tảng trí tuệ nhân tạo,0,NONE
1184,Phát triển hệ thống hỗ trợ quyết định dựa trên dữ liệu lớn (Big Data),Xây dựng hệ thống quản lý dự án trực tuyến,0,NONE
1185,Phát triển hệ thống hỗ trợ quyết định dựa trên dữ liệu lớn (Big Data),Đánh giá hiệu năng của các kiến trúc máy tính đám mây,0,NONE
1186,Phát triển hệ thống hỗ trợ quyết định dựa trên dữ liệu lớn (Big Data),Tích hợp công nghệ Blockchain trong ứng dụng giao dịch tài chính,0,NONE
1187,Phát triển hệ thống hỗ trợ quyết định dựa trên dữ liệu lớn (Big Data),Phân tích và đánh giá các nguy cơ an ninh trong ứng dụng di động,0,NONE
1188,Phát triển hệ thống hỗ trợ quyết định dựa trên dữ liệu lớn (Big Data),Xây dựng ứng dụng e-commerce với tích hợp thanh toán trực tuyến,0,NONE
1189,Phát triển hệ thống hỗ trợ quyết định dựa trên dữ liệu lớn (Big Data),Phát triển ứng dụng trợ lý ảo cho việc lập kế hoạch cá nhân,0,NONE
1190,Phát triển hệ thống hỗ trợ quyết định dựa trên dữ liệu lớn (Big Data),Xây dựng hệ thống quản lý nhân sự và lương bằng CNTT,0,NONE
1191,Phát triển hệ thống hỗ trợ quyết định dựa trên dữ liệu lớn (Big Data),Nghiên cứu và phát triển giải pháp an ninh mạng,0,NONE
1192,Phát triển hệ thống hỗ trợ quyết định dựa trên dữ liệu lớn (Big Data),Tối ưu hóa cơ sở dữ liệu NoSQL cho ứng dụng web,0,NONE
1193,Phát triển hệ thống hỗ trợ quyết định dựa trên dữ liệu lớn (Big Data),Phân tích và cải thiện hiệu suất của ứng dụng trên nền tảng di động,0,NONE
1194,Phát triển hệ thống hỗ trợ quyết định dựa trên dữ liệu lớn (Big Data),Xây dựng ứng dụng học ngoại ngữ trực tuyến,0,NONE
1195,Phát triển hệ thống hỗ trợ quyết định dựa trên dữ liệu lớn (Big Data),Phân tích và phát triển hệ thống nhận dạng khuôn mặt,0,NONE
1196,Phát triển hệ thống hỗ trợ quyết định dựa trên dữ liệu lớn (Big Data),Xây dựng hệ thống quản lý khách hàng (CRM) đa nền tảng,0,NONE
1197,Phát triển hệ thống hỗ trợ quyết định dựa trên dữ liệu lớn (Big Data),Nghiên cứu và triển khai công nghệ 5G,0,NONE
1198,Phát triển hệ thống hỗ trợ quyết định dựa trên dữ liệu lớn (Big Data),Xây dựng hệ thống thông tin địa lý (GIS) cho bản đồ trực tuyến,0,NONE
1199,Phát triển hệ thống hỗ trợ quyết định dựa trên dữ liệu lớn (Big Data),Phân tích và tối ưu hóa cấu trúc dữ liệu của ứng dụng,0,NONE
1200,Phát triển hệ thống hỗ trợ quyết định dựa trên dữ liệu lớn (Big Data),Phát triển ứng dụng hỗ trợ việc học trực tuyến,0,NONE
1201,Phát triển hệ thống hỗ trợ quyết định dựa trên dữ liệu lớn (Big Data),Nghiên cứu và triển khai công nghệ truyền dẫn âm thanh/viễn thông,0,NONE
1202,Phát triển hệ thống hỗ trợ quyết định dựa trên dữ liệu lớn (Big Data),Xây dựng ứng dụng hỗ trợ việc tạo và quản lý lịch trình,0,NONE
1203,Phát triển hệ thống hỗ trợ quyết định dựa trên dữ liệu lớn (Big Data),Nghiên cứu và triển khai hệ thống giám sát môi trường sử dụng Công nghệ Internet of Things (IoT),0,NONE
1204,Phát triển hệ thống hỗ trợ quyết định dựa trên dữ liệu lớn (Big Data),Phát triển ứng dụng di động cho việc quản lý công việc cá nhân,0,NONE
1205,Phát triển hệ thống hỗ trợ quyết định dựa trên dữ liệu lớn (Big Data),Nghiên cứu và triển khai công nghệ trí tuệ nhân tạo trong ứng dụng y tế,0,NONE
1206,Phát triển hệ thống hỗ trợ quyết định dựa trên dữ liệu lớn (Big Data),Xây dựng hệ thống quản lý tài liệu trực tuyến,0,NONE
1207,Phát triển hệ thống hỗ trợ quyết định dựa trên dữ liệu lớn (Big Data),Phân tích và phát triển hệ thống gợi ý sản phẩm cho các trang thương mại điện tử,0,NONE
1208,Phát triển hệ thống hỗ trợ quyết định dựa trên dữ liệu lớn (Big Data),Triển khai hệ thống giám sát mạng máy tính,0,NONE
1209,Phát triển hệ thống hỗ trợ quyết định dựa trên dữ liệu lớn (Big Data),Xây dựng ứng dụng trò chơi trên nền tảng di động,0,NONE
1210,Phát triển hệ thống hỗ trợ quyết định dựa trên dữ liệu lớn (Big Data),Nghiên cứu và triển khai công nghệ Blockchain trong lĩnh vực tài chính,0,NONE
1211,Phát triển hệ thống hỗ trợ quyết định dựa trên dữ liệu lớn (Big Data),Tối ưu hóa và cải thiện hiệu suất cơ sở dữ liệu SQL,0,NONE
1212,Phát triển hệ thống hỗ trợ quyết định dựa trên dữ liệu lớn (Big Data),Phát triển ứng dụng quản lý học tập trực tuyến,0,NONE
1213,Phát triển hệ thống hỗ trợ quyết định dựa trên dữ liệu lớn (Big Data),Nghiên cứu về bảo mật và đánh giá rủi ro của ứng dụng web,0,NONE
1214,Phát triển hệ thống hỗ trợ quyết định dựa trên dữ liệu lớn (Big Data),Phát triển hệ thống dự đoán thời tiết thông qua dữ liệu lớn,0,NONE
1215,Phát triển hệ thống hỗ trợ quyết định dựa trên dữ liệu lớn (Big Data),Xây dựng hệ thống điều khiển các thiết bị thông qua ứng dụng di động,0,NONE
1216,Phát triển hệ thống hỗ trợ quyết định dựa trên dữ liệu lớn (Big Data),Phân tích và phát triển hệ thống chấm công nhân viên tự động,0,NONE
1217,Phát triển hệ thống hỗ trợ quyết định dựa trên dữ liệu lớn (Big Data),Tối ưu hóa và phân tích độ phức tạp của thuật toán,0,NONE
1218,Phát triển hệ thống hỗ trợ quyết định dựa trên dữ liệu lớn (Big Data),Nghiên cứu và triển khai ứng dụng trợ lý ảo dựa trên trí tuệ nhân tạo,1,LOW
1219,Phát triển hệ thống hỗ trợ quyết định dựa trên dữ liệu lớn (Big Data),Xây dựng hệ thống quản lý nhà hàng và đặt hàng trực tuyến,0,NONE
1220,Phát triển hệ thống hỗ trợ quyết định dựa trên dữ liệu lớn (Big Data),Phát triển ứng dụng giao tiếp qua giọng nói,0,NONE
1221,Phát triển hệ thống hỗ trợ quyết định dựa trên dữ liệu lớn (Big Data),Nghiên cứu về công nghệ ảo hóa và triển khai máy ảo,0,NONE
1222,Phát triển hệ thống hỗ trợ quyết định dựa trên dữ liệu lớn (Big Data),Phát triển ứng dụng di động cho việc quản lý tài chính cá nhân,0,NONE
1223,Phát triển hệ thống hỗ trợ quyết định dựa trên dữ liệu lớn (Big Data),Tối ưu hóa và nâng cấp cơ sở dữ liệu NoSQL,0,NONE
1224,Phát triển hệ thống hỗ trợ quyết định dựa trên dữ liệu lớn (Big Data),Nghiên cứu và triển khai công nghệ mạng 5G,0,NONE
1225,Phát triển hệ thống hỗ trợ quyết định dựa trên dữ liệu lớn (Big Data),Xây dựng hệ thống đánh giá hiệu suất nhân viên dựa trên dữ liệu,1,LOW
1226,Phát triển hệ thống hỗ trợ quyết định dựa trên dữ liệu lớn (Big Data),Phát triển ứng dụng di động giúp người dùng tìm kiếm địa điểm du lịch,0,NONE
1227,Phát triển hệ thống hỗ trợ quyết định dựa trên dữ liệu lớn (Big Data),Nghiên cứu về công nghệ truyền thông âm thanh và hình ảnh,0,NONE
1228,Phát triển hệ thống hỗ trợ quyết định dựa trên dữ liệu lớn (Big Data),Xây dựng hệ thống quản lý sự kiện trực tuyến,0,NONE
1229,Phát triển hệ thống hỗ trợ quyết định dựa trên dữ liệu lớn (Big Data),Phát triển ứng dụng di động dành cho việc học ngoại ngữ,0,NONE
1230,Phát triển hệ thống hỗ trợ quyết định dựa trên dữ liệu lớn (Big Data),Tối ưu hóa và phân tích thuật toán Machine Learning,0,NONE
1231,Phát triển hệ thống hỗ trợ quyết định dựa trên dữ liệu lớn (Big Data),Nghiên cứu về công nghệ Internet of Things (IoT) trong việc quản lý năng lượng,0,NONE
1232,Phát triển hệ thống hỗ trợ quyết định dựa trên dữ liệu lớn (Big Data),Phát triển hệ thống giao dịch và thanh toán trực tuyến,0,NONE
1233,Phát triển hệ thống hỗ trợ quyết định dựa trên dữ liệu lớn (Big Data),Nghiên cứu và triển khai công nghệ trích xuất thông tin từ văn bản tự động,0,NONE
1234,Phát triển hệ thống hỗ trợ quyết định dựa trên dữ liệu lớn (Big Data),Xây dựng hệ thống quản lý kho hàng trực tuyến,0,NONE
1235,Phát triển hệ thống hỗ trợ quyết định dựa trên dữ liệu lớn (Big Data),Phát triển ứng dụng di động cho việc chăm sóc sức khỏe,0,NONE
1236,Phát triển hệ thống hỗ trợ quyết định dựa trên dữ liệu lớn (Big Data),Nghiên cứu và triển khai công nghệ trích xuất dữ liệu từ hình ảnh và video,0,NONE
1237,Phát triển hệ thống hỗ trợ quyết định dựa trên dữ liệu lớn (Big Data),Tối ưu hóa và nâng cao hiệu suất hệ thống điều khiển tự động,0,NONE
1238,Phát triển hệ thống hỗ trợ quyết định dựa trên dữ liệu lớn (Big Data),Xây dựng hệ thống quản lý dự án trực tuyến,0,NONE
1239,Phát triển hệ thống hỗ trợ quyết định dựa trên dữ liệu lớn (Big Data),Phát triển ứng dụng di động cho việc quản lý thời gian làm việc,0,NONE
1240,Phát triển hệ thống hỗ trợ quyết định dựa trên dữ liệu lớn (Big Data),Nghiên cứu về công nghệ trích xuất dữ liệu từ âm thanh và giọng nói,0,NONE
1241,Phát triển hệ thống hỗ trợ quyết định dựa trên dữ liệu lớn (Big Data),Tối ưu hóa và phân tích thuật toán tìm kiếm trực tuyến,0,NONE
1242,Phát triển hệ thống hỗ trợ quyết định dựa trên dữ liệu lớn (Big Data),Xây dựng hệ thống quản lý điểm danh và chấm công trực tuyến,0,NONE
1243,Phát triển hệ thống hỗ trợ quyết định dựa trên dữ liệu lớn (Big Data),Phát triển ứng dụng di động cho việc tìm kiếm nhà ở,0,NONE
1244,Phát triển hệ thống hỗ trợ quyết định dựa trên dữ liệu lớn (Big Data),Nghiên cứu và triển khai công nghệ xử lý ngôn ngữ tự nhiên,0,NONE
1245,Phát triển hệ thống hỗ trợ quyết định dựa trên dữ liệu lớn (Big Data),Tối ưu hóa và cải thiện hiệu suất hệ thống điều khiển đồng thời,0,NONE
1246,Phát triển hệ thống hỗ trợ quyết định dựa trên dữ liệu lớn (Big Data),Xây dựng hệ thống quản lý đào tạo và đánh giá nhân viên,0,NONE
1247,Phát triển hệ thống hỗ trợ quyết định dựa trên dữ liệu lớn (Big Data),Phát triển ứng dụng di động cho việc quản lý chi tiêu,0,NONE
1248,Phát triển hệ thống hỗ trợ quyết định dựa trên dữ liệu lớn (Big Data),Nghiên cứu và triển khai công nghệ trí tuệ nhân tạo trong ứng dụng thương mại điện tử,0,NONE
1249,Phát triển hệ thống hỗ trợ quyết định dựa trên dữ liệu lớn (Big Data),Tối ưu hóa và phân tích thuật toán Machine Learning sử dụng dữ liệu lớn,0,NONE
1250,Phát triển hệ thống hỗ trợ quyết định dựa trên dữ liệu lớn (Big Data),Xây dựng hệ thống quản lý chất lượng dịch vụ trực tuyến,0,NONE
1251,Phát triển hệ thống hỗ trợ quyết định dựa trên dữ liệu lớn (Big Data),Phát triển ứng dụng di động cho việc quản lý việc mua sắm,0,NONE
1252,Phát triển hệ thống hỗ trợ quyết định dựa trên dữ liệu lớn (Big Data),Nghiên cứu và triển khai công nghệ trích xuất dữ liệu từ các tài liệu văn bản,0,NONE
1253,Phát triển hệ thống hỗ trợ quyết định dựa trên dữ liệu lớn (Big Data),Tối ưu hóa và cải thiện hiệu suất hệ thống điều khiển thiết bị IoT,0,NONE
1254,Phát triển hệ thống hỗ trợ quyết định dựa trên dữ liệu lớn (Big Data),Xây dựng hệ thống quản lý tài nguyên con người trực tuyến,0,NONE
1255,Phát triển hệ thống hỗ trợ quyết định dựa trên dữ liệu lớn (Big Data),Phát triển ứng dụng di động cho việc quản lý công việc nhóm,0,NONE
1256,Phát triển hệ thống hỗ trợ quyết định dựa trên dữ liệu lớn (Big Data),Nghiên cứu và triển khai công nghệ dự đoán và phân loại dữ liệu,0,NONE
1257,Phát triển hệ thống hỗ trợ quyết định dựa trên dữ liệu lớn (Big Data),Tối ưu hóa và phân tích thuật toán tối ưu trong quản lý dự án,0,NONE
1258,Phát triển hệ thống hỗ trợ quyết định dựa trên dữ liệu lớn (Big Data),Xây dựng hệ thống quản lý vận hành nhà máy trực tuyến,0,NONE
1259,Phát triển hệ thống hỗ trợ quyết định dựa trên dữ liệu lớn (Big Data),Phát triển ứng dụng di động cho việc học và rèn luyện kỹ năng,0,NONE
1260,Phát triển hệ thống hỗ trợ quyết định dựa trên dữ liệu lớn (Big Data),Nghiên cứu và triển khai công nghệ trí tuệ nhân tạo trong lĩnh vực giáo dục,0,NONE
1261,Phát triển hệ thống hỗ trợ quyết định dựa trên dữ liệu lớn (Big Data),Tối ưu hóa và cải thiện hiệu suất hệ thống quản lý lưu trữ dữ liệu,0,NONE
1262,Phát triển hệ thống hỗ trợ quyết định dựa trên dữ liệu lớn (Big Data),Xây dựng hệ thống quản lý dự án phân tán và đa nền tảng,0,NONE
1263,Phát triển hệ thống hỗ trợ quyết định dựa trên dữ liệu lớn (Big Data),Phát triển ứng dụng di động cho việc quản lý việc du lịch,0,NONE
1264,Phát triển hệ thống hỗ trợ quyết định dựa trên dữ liệu lớn (Big Data),Nghiên cứu và triển khai công nghệ trí tuệ nhân tạo trong việc dự đoán thị trường tài chính,0,NONE
1265,Phát triển hệ thống hỗ trợ quyết định dựa trên dữ liệu lớn (Big Data),Tối ưu hóa và phân tích thuật toán trong lĩnh vực trích xuất thông tin từ ảnh và video,0,NONE
1266,Phát triển hệ thống hỗ trợ quyết định dựa trên dữ liệu lớn (Big Data),Xây dựng hệ thống quản lý tài nguyên nhân sự trực tuyến,0,NONE
1267,Phát triển hệ thống hỗ trợ quyết định dựa trên dữ liệu lớn (Big Data),Phát triển ứng dụng di động cho việc quản lý sức khỏe và thể dục,0,NONE
1268,Phát triển hệ thống hỗ trợ quyết định dựa trên dữ liệu lớn (Big Data),Nghiên cứu và triển khai công nghệ dự đoán và phân tích dữ liệu lớn,0,NONE
1269,Phát triển hệ thống hỗ trợ quyết định dựa trên dữ liệu lớn (Big Data),Tối ưu hóa và cải thiện hiệu suất hệ thống truyền thông đa phương tiện,0,NONE
1270,Phát triển hệ thống hỗ trợ quyết định dựa trên dữ liệu lớn (Big Data),Xây dựng hệ thống quản lý hoạt động bán lẻ trực tuyến,0,NONE
1271,Phát triển hệ thống hỗ trợ quyết định dựa trên dữ liệu lớn (Big Data),Phát triển ứng dụng di động cho việc quản lý tài sản cá nhân,0,NONE
1272,Phát triển hệ thống hỗ trợ quyết định dựa trên dữ liệu lớn (Big Data),Nghiên cứu và triển khai công nghệ trí tuệ nhân tạo trong việc tối ưu hóa quá trình sản xuất,0,NONE
1273,Phát triển hệ thống hỗ trợ quyết định dựa trên dữ liệu lớn (Big Data),Tối ưu hóa và phân tích thuật toán Machine Learning trong việc dự đoán xu hướng thị trường,0,NONE
1274,Phát triển hệ thống hỗ trợ quyết định dựa trên dữ liệu lớn (Big Data),Xây dựng hệ thống quản lý học tập và đào tạo trực tuyến,0,NONE
1275,Phát triển hệ thống hỗ trợ quyết định dựa trên dữ liệu lớn (Big Data),Phát triển ứng dụng di động cho việc quản lý lịch trình cá nhân,0,NONE
1276,Phát triển hệ thống hỗ trợ quyết định dựa trên dữ liệu lớn (Big Data),Nghiên cứu và triển khai công nghệ xử lý ngôn ngữ tự nhiên trong ứng dụng di động,0,NONE
1277,Phát triển hệ thống hỗ trợ quyết định dựa trên dữ liệu lớn (Big Data),Tối ưu hóa và cải thiện hiệu suất hệ thống điều khiển tự động bằng Machine Learning,0,NONE
1278,Phát triển hệ thống hỗ trợ quyết định dựa trên dữ liệu lớn (Big Data),Xây dựng hệ thống quản lý dự án trực tuyến dành cho ngành xây dựng,0,NONE
1279,Phát triển hệ thống hỗ trợ quyết định dựa trên dữ liệu lớn (Big Data),Phát triển ứng dụng di động cho việc quản lý việc thực hiện dự án,0,NONE
1280,Phát triển hệ thống hỗ trợ quyết định dựa trên dữ liệu lớn (Big Data),Nghiên cứu và triển khai công nghệ trích xuất thông tin từ các tài liệu kỹ thuật,0,NONE
1281,Phát triển hệ thống hỗ trợ quyết định dựa trên dữ liệu lớn (Big Data),Tối ưu hóa và phân tích thuật toán tìm kiếm thông tin trong dữ liệu lớn,0,NONE
1282,Phát triển hệ thống hỗ trợ quyết định dựa trên dữ liệu lớn (Big Data),Xây dựng hệ thống quản lý dự án phân tán và đa ngôn ngữ,0,NONE
1283,Phát triển hệ thống hỗ trợ quyết định dựa trên dữ liệu lớn (Big Data),Phát triển ứng dụng di động cho việc quản lý công việc trong doanh nghiệp,0,NONE
1284,Phát triển hệ thống hỗ trợ quyết định dựa trên dữ liệu lớn (Big Data),Nghiên cứu và triển khai công nghệ trí tuệ nhân tạo trong việc tự động hóa quy trình sản xuất,0,NONE
1285,Phát triển hệ thống hỗ trợ quyết định dựa trên dữ liệu lớn (Big Data),Tối ưu hóa và cải thiện hiệu suất hệ thống truyền thông âm thanh/viễn thông,0,NONE
1286,Phát triển hệ thống hỗ trợ quyết định dựa trên dữ liệu lớn (Big Data),Xây dựng hệ thống quản lý đối tác và khách hàng trực tuyến,0,NONE
1287,Phát triển hệ thống hỗ trợ quyết định dựa trên dữ liệu lớn (Big Data),Phát triển ứng dụng di động cho việc quản lý tài chính cá nhân và đầu tư,0,NONE
1288,Phát triển hệ thống hỗ trợ quyết định dựa trên dữ liệu lớn (Big Data),Nghiên cứu và triển khai công nghệ dự đoán và phân loại trong việc quản lý dữ liệu,0,NONE
1289,Phát triển hệ thống hỗ trợ quyết định dựa trên dữ liệu lớn (Big Data),Tối ưu hóa và phân tích thuật toán Machine Learning trong việc dự đoán xu hướng người dùng,0,NONE
1290,Phát triển hệ thống hỗ trợ quyết định dựa trên dữ liệu lớn (Big Data),Xây dựng hệ thống quản lý nhà trường và đào tạo trực tuyến,0,NONE
1291,Phát triển hệ thống hỗ trợ quyết định dựa trên dữ liệu lớn (Big Data),Phát triển ứng dụng di động cho việc quản lý việc giải trí và giải trí,0,NONE
1292,Phát triển hệ thống hỗ trợ quyết định dựa trên dữ liệu lớn (Big Data),Nghiên cứu và triển khai công nghệ trích xuất dữ liệu từ các tài liệu văn bản kỹ thuật,0,NONE
1293,Phát triển hệ thống hỗ trợ quyết định dựa trên dữ liệu lớn (Big Data),Tối ưu hóa và cải thiện hiệu suất hệ thống truyền thông dữ liệu lớn,0,NONE
1294,Phát triển hệ thống hỗ trợ quyết định dựa trên dữ liệu lớn (Big Data),Xây dựng hệ thống quản lý dự án phân tán và đa nền tảng dành cho doanh nghiệp,0,NONE
1295,Phát triển hệ thống hỗ trợ quyết định dựa trên dữ liệu lớn (Big Data),Phát triển ứng dụng di động cho việc quản lý việc kinh doanh và doanh nghiệp,0,NONE
1296,Phát triển hệ thống hỗ trợ quyết định dựa trên dữ liệu lớn (Big Data),Nghiên cứu và triển khai công nghệ trí tuệ nhân tạo trong việc cải thiện quá trình sản xuất,0,NONE
1297,Phát triển hệ thống hỗ trợ quyết định dựa trên dữ liệu lớn (Big Data),Tối ưu hóa và phân tích thuật toán tìm kiếm thông tin trong ứng dụng di động,0,NONE
1298,Phát triển hệ thống hỗ trợ quyết định dựa trên dữ liệu lớn (Big Data),Xây dựng hệ thống quản lý dự án phân tán và đa nền tảng dành cho ngành quảng cáo và marketing,0,NONE
1299,Phát triển hệ thống hỗ trợ quyết định dựa trên dữ liệu lớn (Big Data),Phát triển ứng dụng di động cho việc quản lý việc kinh doanh và bán hàng,0,NONE
1300,Phát triển hệ thống hỗ trợ quyết định dựa trên dữ liệu lớn (Big Data),Nghiên cứu và triển khai công nghệ xử lý ngôn ngữ tự nhiên trong ứng dụng web,0,NONE
1301,Phát triển hệ thống hỗ trợ quyết định dựa trên dữ liệu lớn (Big Data),Tối ưu hóa và cải thiện hiệu suất hệ thống điều khiển tự động trong môi trường công nghiệp,0,NONE
1302,Phát triển hệ thống hỗ trợ quyết định dựa trên dữ liệu lớn (Big Data),Xây dựng hệ thống quản lý tài chính và thu chi cá nhân trực tuyến,0,NONE
1303,Phát triển hệ thống hỗ trợ quyết định dựa trên dữ liệu lớn (Big Data),Phát triển ứng dụng di động cho việc quản lý việc học tập và nghiên cứu,0,NONE
1304,Phát triển hệ thống hỗ trợ quyết định dựa trên dữ liệu lớn (Big Data),Nghiên cứu và triển khai công nghệ trí tuệ nhân tạo trong việc tối ưu hóa dự đoán thị trường tài chính,0,NONE
1305,Phát triển hệ thống hỗ trợ quyết định dựa trên dữ liệu lớn (Big Data),Tối ưu hóa và phân tích thuật toán Machine Learning trong việc dự đoán xu hướng kỹ thuật số,0,NONE
1306,Phát triển hệ thống hỗ trợ quyết định dựa trên dữ liệu lớn (Big Data),Xây dựng hệ thống quản lý sản xuất và lịch trình sản xuất trực tuyến,0,NONE
1307,Phát triển hệ thống hỗ trợ quyết định dựa trên dữ liệu lớn (Big Data),Phát triển ứng dụng di động cho việc quản lý việc học và đào tạo,0,NONE
1308,Phát triển hệ thống hỗ trợ quyết định dựa trên dữ liệu lớn (Big Data),Nghiên cứu và triển khai công nghệ trích xuất thông tin từ ảnh và video kỹ thuật số,0,NONE
1309,Phát triển hệ thống hỗ trợ quyết định dựa trên dữ liệu lớn (Big Data),Tối ưu hóa và cải thiện hiệu suất hệ thống truyền thông trực tuyến,0,NONE
1310,Phát triển hệ thống hỗ trợ quyết định dựa trên dữ liệu lớn (Big Data),Xây dựng hệ thống quản lý nhà trường và đào tạo dành cho sinh viên,0,NONE
1311,Phát triển hệ thống hỗ trợ quyết định dựa trên dữ liệu lớn (Big Data),Phát triển ứng dụng di động cho việc quản lý công việc trong lĩnh vực giáo dục,0,NONE
1312,Phát triển hệ thống hỗ trợ quyết định dựa trên dữ liệu lớn (Big Data),Nghiên cứu và triển khai công nghệ dự đoán và phân loại dữ liệu lớn,0,NONE
1313,Phát triển hệ thống hỗ trợ quyết định dựa trên dữ liệu lớn (Big Data),Tối ưu hóa và phân tích thuật toán Machine Learning trong việc dự đoán xu hướng người dùng,0,NONE
1314,Phát triển hệ thống hỗ trợ quyết định dựa trên dữ liệu lớn (Big Data),Xây dựng hệ thống quản lý học tập và đào tạo dành cho doanh nghiệp,0,NONE
1315,Phát triển hệ thống hỗ trợ quyết định dựa trên dữ liệu lớn (Big Data),Phát triển ứng dụng di động cho việc quản lý sự kiện và tổ chức,0,NONE
1316,Phát triển hệ thống hỗ trợ quyết định dựa trên dữ liệu lớn (Big Data),Nghiên cứu và triển khai công nghệ trích xuất dữ liệu từ các tài liệu kỹ thuật,0,NONE
1317,Phát triển hệ thống hỗ trợ quyết định dựa trên dữ liệu lớn (Big Data),Tối ưu hóa và cải thiện hiệu suất hệ thống truyền thông mạng máy tính,0,NONE
1318,Phát triển hệ thống hỗ trợ quyết định dựa trên dữ liệu lớn (Big Data),Xây dựng hệ thống quản lý dự án phân tán và đa nền tảng cho các dự án nghiên cứu khoa học,0,NONE
1319,Phát triển hệ thống hỗ trợ quyết định dựa trên dữ liệu lớn (Big Data),Phát triển ứng dụng di động cho việc quản lý việc tham gia các hoạt động xã hội và tình nguyện,0,NONE
1320,Phát triển hệ thống hỗ trợ quyết định dựa trên dữ liệu lớn (Big Data),Nghiên cứu và triển khai công nghệ trí tuệ nhân tạo trong việc tự động hóa quy trình sản xuất,0,NONE
1321,Phát triển hệ thống hỗ trợ quyết định dựa trên dữ liệu lớn (Big Data),Tối ưu hóa và phân tích thuật toán tìm kiếm thông tin trong ứng dụng web,0,NONE
1322,Phát triển hệ thống hỗ trợ quyết định dựa trên dữ liệu lớn (Big Data),Xây dựng hệ thống quản lý đối tác và khách hàng trực tuyến dành cho ngành dịch vụ,0,NONE
1323,Phát triển hệ thống hỗ trợ quyết định dựa trên dữ liệu lớn (Big Data),Phát triển ứng dụng di động cho việc quản lý công việc trong doanh nghiệp,0,NONE
1324,Phát triển hệ thống hỗ trợ quyết định dựa trên dữ liệu lớn (Big Data),Nghiên cứu và triển khai công nghệ trích xuất dữ liệu từ các tài liệu văn bản kỹ thuật,0,NONE
1325,Phát triển hệ thống hỗ trợ quyết định dựa trên dữ liệu lớn (Big Data),Tối ưu hóa và cải thiện hiệu suất hệ thống truyền thông dữ liệu lớn,0,NONE
1326,Phát triển hệ thống hỗ trợ quyết định dựa trên dữ liệu lớn (Big Data),Xây dựng hệ thống quản lý dự án phân tán và đa nền tảng dành cho ngành giáo dục,0,NONE
1327,Phát triển hệ thống hỗ trợ quyết định dựa trên dữ liệu lớn (Big Data),Phát triển ứng dụng di động cho việc kinh doanh và doanh nghiệp,0,NONE
1328,Phát triển hệ thống hỗ trợ quyết định dựa trên dữ liệu lớn (Big Data),Nghiên cứu và triển khai công nghệ xử lý ngôn ngữ tự nhiên trong ứng dụng di động,0,NONE
1329,Phát triển hệ thống hỗ trợ quyết định dựa trên dữ liệu lớn (Big Data),Tối ưu hóa và cải thiện hiệu suất hệ thống điều khiển tự động trong môi trường công nghiệp,0,NONE
1330,Phát triển hệ thống hỗ trợ quyết định dựa trên dữ liệu lớn (Big Data),Xây dựng hệ thống quản lý tài chính và thu chi cá nhân trực tuyến,0,NONE
1331,Phát triển hệ thống hỗ trợ quyết định dựa trên dữ liệu lớn (Big Data),Phát triển ứng dụng di động cho việc học tập và nghiên cứu,0,NONE
1332,Phát triển hệ thống hỗ trợ quyết định dựa trên dữ liệu lớn (Big Data),Nghiên cứu và triển khai công nghệ trí tuệ nhân tạo trong việc cải thiện quá trình sản xuất,0,NONE
1333,Phát triển hệ thống hỗ trợ quyết định dựa trên dữ liệu lớn (Big Data),Tối ưu hóa và phân tích thuật toán tìm kiếm thông tin trong ứng dụng di động,0,NONE
1334,Phát triển hệ thống hỗ trợ quyết định dựa trên dữ liệu lớn (Big Data),Xây dựng hệ thống quản lý dự án phân tán và đa nền tảng dành cho ngành quảng cáo và marketing,0,NONE
1335,Phát triển hệ thống hỗ trợ quyết định dựa trên dữ liệu lớn (Big Data),Phát triển ứng dụng di động cho việc kinh doanh và bán hàng,0,NONE
1336,Phát triển hệ thống hỗ trợ quyết định dựa trên dữ liệu lớn (Big Data),Nghiên cứu và triển khai công nghệ trích xuất thông tin từ ảnh và video kỹ thuật số,0,NONE
1337,Phát triển hệ thống hỗ trợ quyết định dựa trên dữ liệu lớn (Big Data),Tối ưu hóa và cải thiện hiệu suất hệ thống truyền thông trực tuyến,0,NONE
1338,Phát triển hệ thống hỗ trợ quyết định dựa trên dữ liệu lớn (Big Data),Xây dựng hệ thống quản lý nhà trường và đào tạo dành cho sinh viên,0,NONE
1339,Phát triển hệ thống hỗ trợ quyết định dựa trên dữ liệu lớn (Big Data),Phát triển ứng dụng di động cho việc quản lý công việc trong lĩnh vực giáo dục,0,NONE
1340,Phát triển hệ thống hỗ trợ quyết định dựa trên dữ liệu lớn (Big Data),Nghiên cứu và triển khai công nghệ dự đoán và phân loại dữ liệu lớn,0,NONE
1341,Phát triển hệ thống hỗ trợ quyết định dựa trên dữ liệu lớn (Big Data),Tối ưu hóa và phân tích thuật toán Machine Learning trong việc dự đoán xu hướng người dùng,0,NONE
1342,Phát triển hệ thống hỗ trợ quyết định dựa trên dữ liệu lớn (Big Data),Xây dựng hệ thống quản lý học tập và đào tạo dành cho doanh nghiệp,0,NONE
1343,Phát triển hệ thống hỗ trợ quyết định dựa trên dữ liệu lớn (Big Data),Phát triển ứng dụng di động cho việc quản lý sự kiện và tổ chức,0,NONE
1344,Phát triển hệ thống hỗ trợ quyết định dựa trên dữ liệu lớn (Big Data),Nghiên cứu và triển khai công nghệ trích xuất dữ liệu từ các tài liệu kỹ thuật,0,NONE
1345,Phát triển hệ thống hỗ trợ quyết định dựa trên dữ liệu lớn (Big Data),Tối ưu hóa và cải thiện hiệu suất hệ thống truyền thông mạng máy tính,0,NONE
1346,Phát triển hệ thống hỗ trợ quyết định dựa trên dữ liệu lớn (Big Data),Xây dựng hệ thống quản lý dự án phân tán và đa nền tảng cho các dự án nghiên cứu khoa học,0,NONE
1347,Phát triển hệ thống hỗ trợ quyết định dựa trên dữ liệu lớn (Big Data),Phát triển ứng dụng di động cho việc quản lý việc tham gia các hoạt động xã hội và tình nguyện,0,NONE
1348,Phát triển hệ thống hỗ trợ quyết định dựa trên dữ liệu lớn (Big Data),Nghiên cứu và triển khai công nghệ trí tuệ nhân tạo trong việc tự động hóa quy trình sản xuất,0,NONE
1349,Phát triển hệ thống hỗ trợ quyết định dựa trên dữ liệu lớn (Big Data),Tối ưu hóa và phân tích thuật toán tìm kiếm thông tin trong ứng dụng web,0,NONE
1350,Phát triển hệ thống hỗ trợ quyết định dựa trên dữ liệu lớn (Big Data),Xây dựng hệ thống quản lý đối tác và khách hàng trực tuyến dành cho ngành dịch vụ,0,NONE
1351,Phát triển hệ thống hỗ trợ quyết định dựa trên dữ liệu lớn (Big Data),Phát triển ứng dụng di động cho việc quản lý công việc trong doanh nghiệp,0,NONE
1352,Phát triển hệ thống hỗ trợ quyết định dựa trên dữ liệu lớn (Big Data),Nghiên cứu và triển khai công nghệ trích xuất dữ liệu từ các tài liệu văn bản kỹ thuật,0,NONE
1353,Phát triển hệ thống hỗ trợ quyết định dựa trên dữ liệu lớn (Big Data),Tối ưu hóa và cải thiện hiệu suất hệ thống truyền thông dữ liệu lớn,0,NONE
1354,Phát triển hệ thống hỗ trợ quyết định dựa trên dữ liệu lớn (Big Data),Xây dựng hệ thống quản lý dự án phân tán và đa nền tảng dành cho ngành giáo dục,0,NONE
1355,Phát triển hệ thống hỗ trợ quyết định dựa trên dữ liệu lớn (Big Data),Phát triển ứng dụng di động cho việc quản lý việc kinh doanh và doanh nghiệp,0,NONE
1356,Phát triển hệ thống hỗ trợ quyết định dựa trên dữ liệu lớn (Big Data),Nghiên cứu và triển khai công nghệ xử lý ngôn ngữ tự nhiên trong ứng dụng di động,0,NONE
1357,Phát triển hệ thống hỗ trợ quyết định dựa trên dữ liệu lớn (Big Data),Tối ưu hóa và cải thiện hiệu suất hệ thống điều khiển tự động trong môi trường công nghiệp,0,NONE
1358,Phát triển hệ thống hỗ trợ quyết định dựa trên dữ liệu lớn (Big Data),Xây dựng hệ thống quản lý tài chính và thu chi cá nhân trực tuyến,0,NONE
1359,Phát triển hệ thống hỗ trợ quyết định dựa trên dữ liệu lớn (Big Data),Phát triển ứng dụng di động cho việc quản lý việc học tập và nghiên cứu,0,NONE
1360,Phát triển hệ thống hỗ trợ quyết định dựa trên dữ liệu lớn (Big Data),Nghiên cứu và triển khai công nghệ trí tuệ nhân tạo trong việc cải thiện quá trình sản xuất,0,NONE
1361,Phát triển hệ thống hỗ trợ quyết định dựa trên dữ liệu lớn (Big Data),Tối ưu hóa và phân tích thuật toán tìm kiếm thông tin trong ứng dụng di động,0,NONE
1362,Phát triển hệ thống hỗ trợ quyết định dựa trên dữ liệu lớn (Big Data),Xây dựng hệ thống quản lý dự án phân tán và đa nền tảng dành cho ngành quảng cáo và marketing,0,NONE
1363,Phát triển hệ thống hỗ trợ quyết định dựa trên dữ liệu lớn (Big Data),Phát triển ứng dụng di động cho việc quản lý việc kinh doanh và bán hàng,0,NONE
1364,Phát triển hệ thống hỗ trợ quyết định dựa trên dữ liệu lớn (Big Data),Nghiên cứu và triển khai công nghệ trích xuất thông tin từ ảnh và video kỹ thuật số,0,NONE
1365,Phát triển hệ thống hỗ trợ quyết định dựa trên dữ liệu lớn (Big Data),Tối ưu hóa và cải thiện hiệu suất hệ thống truyền thông trực tuyến,0,NONE
1366,Phát triển hệ thống hỗ trợ quyết định dựa trên dữ liệu lớn (Big Data),Xây dựng hệ thống quản lý nhà trường và đào tạo dành cho sinh viên,0,NONE
1367,Phát triển hệ thống hỗ trợ quyết định dựa trên dữ liệu lớn (Big Data),Phát triển ứng dụng di động cho việc quản lý công việc trong lĩnh vực giáo dục,0,NONE
1368,Phát triển hệ thống hỗ trợ quyết định dựa trên dữ liệu lớn (Big Data),Nghiên cứu và triển khai công nghệ dự đoán và phân loại dữ liệu lớn,0,NONE
1369,Phát triển hệ thống hỗ trợ quyết định dựa trên dữ liệu lớn (Big Data),Tối ưu hóa và phân tích thuật toán Machine Learning trong việc dự đoán xu hướng người dùng,0,NONE
1370,Phát triển hệ thống hỗ trợ quyết định dựa trên dữ liệu lớn (Big Data),Xây dựng hệ thống quản lý học tập và đào tạo dành cho doanh nghiệp,0,NONE
1371,Phát triển hệ thống hỗ trợ quyết định dựa trên dữ liệu lớn (Big Data),Phát triển ứng dụng di động cho việc quản lý sự kiện và tổ chức,0,NONE
1372,Phát triển hệ thống hỗ trợ quyết định dựa trên dữ liệu lớn (Big Data),Nghiên cứu và triển khai công nghệ trích xuất dữ liệu từ các tài liệu kỹ thuật,0,NONE
1373,Phân tích các phương pháp mã hóa dữ liệu trong ứng dụng di động,Tối ưu hóa thuật toán tìm kiếm trong cơ sở dữ liệu,0,NONE
1374,Phân tích các phương pháp mã hóa dữ liệu trong ứng dụng di động,Triển khai mô hình Machine Learning trong việc dự đoán doanh số bán hàng,0,NONE
1375,Phân tích các phương pháp mã hóa dữ liệu trong ứng dụng di động,Phân tích và phát triển ứng dụng chatbot trên nền tảng trí tuệ nhân tạo,0,NONE
1376,Phân tích các phương pháp mã hóa dữ liệu trong ứng dụng di động,Xây dựng hệ thống quản lý dự án trực tuyến,0,NONE
1377,Phân tích các phương pháp mã hóa dữ liệu trong ứng dụng di động,Đánh giá hiệu năng của các kiến trúc máy tính đám mây,0,NONE
1378,Phân tích các phương pháp mã hóa dữ liệu trong ứng dụng di động,Tích hợp công nghệ Blockchain trong ứng dụng giao dịch tài chính,0,NONE
1379,Phân tích các phương pháp mã hóa dữ liệu trong ứng dụng di động,Phân tích và đánh giá các nguy cơ an ninh trong ứng dụng di động,1,LOW
1380,Phân tích các phương pháp mã hóa dữ liệu trong ứng dụng di động,Xây dựng ứng dụng e-commerce với tích hợp thanh toán trực tuyến,0,NONE
1381,Phân tích các phương pháp mã hóa dữ liệu trong ứng dụng di động,Phát triển ứng dụng trợ lý ảo cho việc lập kế hoạch cá nhân,0,NONE
1382,Phân tích các phương pháp mã hóa dữ liệu trong ứng dụng di động,Xây dựng hệ thống quản lý nhân sự và lương bằng CNTT,0,NONE
1383,Phân tích các phương pháp mã hóa dữ liệu trong ứng dụng di động,Nghiên cứu và phát triển giải pháp an ninh mạng,0,NONE
1384,Phân tích các phương pháp mã hóa dữ liệu trong ứng dụng di động,Tối ưu hóa cơ sở dữ liệu NoSQL cho ứng dụng web,0,NONE
1385,Phân tích các phương pháp mã hóa dữ liệu trong ứng dụng di động,Phân tích và cải thiện hiệu suất của ứng dụng trên nền tảng di động,0,NONE
1386,Phân tích các phương pháp mã hóa dữ liệu trong ứng dụng di động,Xây dựng ứng dụng học ngoại ngữ trực tuyến,0,NONE
1387,Phân tích các phương pháp mã hóa dữ liệu trong ứng dụng di động,Phân tích và phát triển hệ thống nhận dạng khuôn mặt,0,NONE
1388,Phân tích các phương pháp mã hóa dữ liệu trong ứng dụng di động,Xây dựng hệ thống quản lý khách hàng (CRM) đa nền tảng,0,NONE
1389,Phân tích các phương pháp mã hóa dữ liệu trong ứng dụng di động,Nghiên cứu và triển khai công nghệ 5G,0,NONE
1390,Phân tích các phương pháp mã hóa dữ liệu trong ứng dụng di động,Xây dựng hệ thống thông tin địa lý (GIS) cho bản đồ trực tuyến,0,NONE
1391,Phân tích các phương pháp mã hóa dữ liệu trong ứng dụng di động,Phân tích và tối ưu hóa cấu trúc dữ liệu của ứng dụng,1,LOW
1392,Phân tích các phương pháp mã hóa dữ liệu trong ứng dụng di động,Phát triển ứng dụng hỗ trợ việc học trực tuyến,0,NONE
1393,Phân tích các phương pháp mã hóa dữ liệu trong ứng dụng di động,Nghiên cứu và triển khai công nghệ truyền dẫn âm thanh/viễn thông,0,NONE
1394,Phân tích các phương pháp mã hóa dữ liệu trong ứng dụng di động,Xây dựng ứng dụng hỗ trợ việc tạo và quản lý lịch trình,0,NONE
1395,Phân tích các phương pháp mã hóa dữ liệu trong ứng dụng di động,Nghiên cứu và triển khai hệ thống giám sát môi trường sử dụng Công nghệ Internet of Things (IoT),0,NONE
1396,Phân tích các phương pháp mã hóa dữ liệu trong ứng dụng di động,Phát triển ứng dụng di động cho việc quản lý công việc cá nhân,0,NONE
1397,Phân tích các phương pháp mã hóa dữ liệu trong ứng dụng di động,Nghiên cứu và triển khai công nghệ trí tuệ nhân tạo trong ứng dụng y tế,0,NONE
1398,Phân tích các phương pháp mã hóa dữ liệu trong ứng dụng di động,Xây dựng hệ thống quản lý tài liệu trực tuyến,0,NONE
1399,Phân tích các phương pháp mã hóa dữ liệu trong ứng dụng di động,Phân tích và phát triển hệ thống gợi ý sản phẩm cho các trang thương mại điện tử,0,NONE
1400,Phân tích các phương pháp mã hóa dữ liệu trong ứng dụng di động,Triển khai hệ thống giám sát mạng máy tính,0,NONE
1401,Phân tích các phương pháp mã hóa dữ liệu trong ứng dụng di động,Xây dựng ứng dụng trò chơi trên nền tảng di động,0,NONE
1402,Phân tích các phương pháp mã hóa dữ liệu trong ứng dụng di động,Nghiên cứu và triển khai công nghệ Blockchain trong lĩnh vực tài chính,0,NONE
1403,Phân tích các phương pháp mã hóa dữ liệu trong ứng dụng di động,Tối ưu hóa và cải thiện hiệu suất cơ sở dữ liệu SQL,0,NONE
1404,Phân tích các phương pháp mã hóa dữ liệu trong ứng dụng di động,Phát triển ứng dụng quản lý học tập trực tuyến,0,NONE
1405,Phân tích các phương pháp mã hóa dữ liệu trong ứng dụng di động,Nghiên cứu về bảo mật và đánh giá rủi ro của ứng dụng web,0,NONE
1406,Phân tích các phương pháp mã hóa dữ liệu trong ứng dụng di động,Phát triển hệ thống dự đoán thời tiết thông qua dữ liệu lớn,0,NONE
1407,Phân tích các phương pháp mã hóa dữ liệu trong ứng dụng di động,Xây dựng hệ thống điều khiển các thiết bị thông qua ứng dụng di động,0,NONE
1408,Phân tích các phương pháp mã hóa dữ liệu trong ứng dụng di động,Phân tích và phát triển hệ thống chấm công nhân viên tự động,0,NONE
1409,Phân tích các phương pháp mã hóa dữ liệu trong ứng dụng di động,Tối ưu hóa và phân tích độ phức tạp của thuật toán,0,NONE
1410,Phân tích các phương pháp mã hóa dữ liệu trong ứng dụng di động,Nghiên cứu và triển khai ứng dụng trợ lý ảo dựa trên trí tuệ nhân tạo,0,NONE
1411,Phân tích các phương pháp mã hóa dữ liệu trong ứng dụng di động,Xây dựng hệ thống quản lý nhà hàng và đặt hàng trực tuyến,0,NONE
1412,Phân tích các phương pháp mã hóa dữ liệu trong ứng dụng di động,Phát triển ứng dụng giao tiếp qua giọng nói,0,NONE
1413,Phân tích các phương pháp mã hóa dữ liệu trong ứng dụng di động,Nghiên cứu về công nghệ ảo hóa và triển khai máy ảo,0,NONE
1414,Phân tích các phương pháp mã hóa dữ liệu trong ứng dụng di động,Phát triển ứng dụng di động cho việc quản lý tài chính cá nhân,0,NONE
1415,Phân tích các phương pháp mã hóa dữ liệu trong ứng dụng di động,Tối ưu hóa và nâng cấp cơ sở dữ liệu NoSQL,0,NONE
1416,Phân tích các phương pháp mã hóa dữ liệu trong ứng dụng di động,Nghiên cứu và triển khai công nghệ mạng 5G,0,NONE
1417,Phân tích các phương pháp mã hóa dữ liệu trong ứng dụng di động,Xây dựng hệ thống đánh giá hiệu suất nhân viên dựa trên dữ liệu,0,NONE
1418,Phân tích các phương pháp mã hóa dữ liệu trong ứng dụng di động,Phát triển ứng dụng di động giúp người dùng tìm kiếm địa điểm du lịch,0,NONE
1419,Phân tích các phương pháp mã hóa dữ liệu trong ứng dụng di động,Nghiên cứu về công nghệ truyền thông âm thanh và hình ảnh,0,NONE
1420,Phân tích các phương pháp mã hóa dữ liệu trong ứng dụng di động,Xây dựng hệ thống quản lý sự kiện trực tuyến,0,NONE
1421,Phân tích các phương pháp mã hóa dữ liệu trong ứng dụng di động,Phát triển ứng dụng di động dành cho việc học ngoại ngữ,0,NONE
1422,Phân tích các phương pháp mã hóa dữ liệu trong ứng dụng di động,Tối ưu hóa và phân tích thuật toán Machine Learning,0,NONE
1423,Phân tích các phương pháp mã hóa dữ liệu trong ứng dụng di động,Nghiên cứu về công nghệ Internet of Things (IoT) trong việc quản lý năng lượng,0,NONE
1424,Phân tích các phương pháp mã hóa dữ liệu trong ứng dụng di động,Phát triển hệ thống giao dịch và thanh toán trực tuyến,0,NONE
1425,Phân tích các phương pháp mã hóa dữ liệu trong ứng dụng di động,Nghiên cứu và triển khai công nghệ trích xuất thông tin từ văn bản tự động,0,NONE
1426,Phân tích các phương pháp mã hóa dữ liệu trong ứng dụng di động,Xây dựng hệ thống quản lý kho hàng trực tuyến,0,NONE
1427,Phân tích các phương pháp mã hóa dữ liệu trong ứng dụng di động,Phát triển ứng dụng di động cho việc chăm sóc sức khỏe,0,NONE
1428,Phân tích các phương pháp mã hóa dữ liệu trong ứng dụng di động,Nghiên cứu và triển khai công nghệ trích xuất dữ liệu từ hình ảnh và video,0,NONE
1429,Phân tích các phương pháp mã hóa dữ liệu trong ứng dụng di động,Tối ưu hóa và nâng cao hiệu suất hệ thống điều khiển tự động,0,NONE
1430,Phân tích các phương pháp mã hóa dữ liệu trong ứng dụng di động,Xây dựng hệ thống quản lý dự án trực tuyến,0,NONE
1431,Phân tích các phương pháp mã hóa dữ liệu trong ứng dụng di động,Phát triển ứng dụng di động cho việc quản lý thời gian làm việc,0,NONE
1432,Phân tích các phương pháp mã hóa dữ liệu trong ứng dụng di động,Nghiên cứu về công nghệ trích xuất dữ liệu từ âm thanh và giọng nói,0,NONE
1433,Phân tích các phương pháp mã hóa dữ liệu trong ứng dụng di động,Tối ưu hóa và phân tích thuật toán tìm kiếm trực tuyến,0,NONE
1434,Phân tích các phương pháp mã hóa dữ liệu trong ứng dụng di động,Xây dựng hệ thống quản lý điểm danh và chấm công trực tuyến,0,NONE
1435,Phân tích các phương pháp mã hóa dữ liệu trong ứng dụng di động,Phát triển ứng dụng di động cho việc tìm kiếm nhà ở,0,NONE
1436,Phân tích các phương pháp mã hóa dữ liệu trong ứng dụng di động,Nghiên cứu và triển khai công nghệ xử lý ngôn ngữ tự nhiên,0,NONE
1437,Phân tích các phương pháp mã hóa dữ liệu trong ứng dụng di động,Tối ưu hóa và cải thiện hiệu suất hệ thống điều khiển đồng thời,0,NONE
1438,Phân tích các phương pháp mã hóa dữ liệu trong ứng dụng di động,Xây dựng hệ thống quản lý đào tạo và đánh giá nhân viên,0,NONE
1439,Phân tích các phương pháp mã hóa dữ liệu trong ứng dụng di động,Phát triển ứng dụng di động cho việc quản lý chi tiêu,0,NONE
1440,Phân tích các phương pháp mã hóa dữ liệu trong ứng dụng di động,Nghiên cứu và triển khai công nghệ trí tuệ nhân tạo trong ứng dụng thương mại điện tử,0,NONE
1441,Phân tích các phương pháp mã hóa dữ liệu trong ứng dụng di động,Tối ưu hóa và phân tích thuật toán Machine Learning sử dụng dữ liệu lớn,0,NONE
1442,Phân tích các phương pháp mã hóa dữ liệu trong ứng dụng di động,Xây dựng hệ thống quản lý chất lượng dịch vụ trực tuyến,0,NONE
1443,Phân tích các phương pháp mã hóa dữ liệu trong ứng dụng di động,Phát triển ứng dụng di động cho việc quản lý việc mua sắm,0,NONE
1444,Phân tích các phương pháp mã hóa dữ liệu trong ứng dụng di động,Nghiên cứu và triển khai công nghệ trích xuất dữ liệu từ các tài liệu văn bản,0,NONE
1445,Phân tích các phương pháp mã hóa dữ liệu trong ứng dụng di động,Tối ưu hóa và cải thiện hiệu suất hệ thống điều khiển thiết bị IoT,0,NONE
1446,Phân tích các phương pháp mã hóa dữ liệu trong ứng dụng di động,Xây dựng hệ thống quản lý tài nguyên con người trực tuyến,0,NONE
1447,Phân tích các phương pháp mã hóa dữ liệu trong ứng dụng di động,Phát triển ứng dụng di động cho việc quản lý công việc nhóm,0,NONE
1448,Phân tích các phương pháp mã hóa dữ liệu trong ứng dụng di động,Nghiên cứu và triển khai công nghệ dự đoán và phân loại dữ liệu,0,NONE
1449,Phân tích các phương pháp mã hóa dữ liệu trong ứng dụng di động,Tối ưu hóa và phân tích thuật toán tối ưu trong quản lý dự án,0,NONE
1450,Phân tích các phương pháp mã hóa dữ liệu trong ứng dụng di động,Xây dựng hệ thống quản lý vận hành nhà máy trực tuyến,0,NONE
1451,Phân tích các phương pháp mã hóa dữ liệu trong ứng dụng di động,Phát triển ứng dụng di động cho việc học và rèn luyện kỹ năng,0,NONE
1452,Phân tích các phương pháp mã hóa dữ liệu trong ứng dụng di động,Nghiên cứu và triển khai công nghệ trí tuệ nhân tạo trong lĩnh vực giáo dục,0,NONE
1453,Phân tích các phương pháp mã hóa dữ liệu trong ứng dụng di động,Tối ưu hóa và cải thiện hiệu suất hệ thống quản lý lưu trữ dữ liệu,0,NONE
1454,Phân tích các phương pháp mã hóa dữ liệu trong ứng dụng di động,Xây dựng hệ thống quản lý dự án phân tán và đa nền tảng,0,NONE
1455,Phân tích các phương pháp mã hóa dữ liệu trong ứng dụng di động,Phát triển ứng dụng di động cho việc quản lý việc du lịch,0,NONE
1456,Phân tích các phương pháp mã hóa dữ liệu trong ứng dụng di động,Nghiên cứu và triển khai công nghệ trí tuệ nhân tạo trong việc dự đoán thị trường tài chính,0,NONE
1457,Phân tích các phương pháp mã hóa dữ liệu trong ứng dụng di động,Tối ưu hóa và phân tích thuật toán trong lĩnh vực trích xuất thông tin từ ảnh và video,0,NONE
1458,Phân tích các phương pháp mã hóa dữ liệu trong ứng dụng di động,Xây dựng hệ thống quản lý tài nguyên nhân sự trực tuyến,0,NONE
1459,Phân tích các phương pháp mã hóa dữ liệu trong ứng dụng di động,Phát triển ứng dụng di động cho việc quản lý sức khỏe và thể dục,0,NONE
1460,Phân tích các phương pháp mã hóa dữ liệu trong ứng dụng di động,Nghiên cứu và triển khai công nghệ dự đoán và phân tích dữ liệu lớn,0,NONE
1461,Phân tích các phương pháp mã hóa dữ liệu trong ứng dụng di động,Tối ưu hóa và cải thiện hiệu suất hệ thống truyền thông đa phương tiện,0,NONE
1462,Phân tích các phương pháp mã hóa dữ liệu trong ứng dụng di động,Xây dựng hệ thống quản lý hoạt động bán lẻ trực tuyến,0,NONE
1463,Phân tích các phương pháp mã hóa dữ liệu trong ứng dụng di động,Phát triển ứng dụng di động cho việc quản lý tài sản cá nhân,0,NONE
1464,Phân tích các phương pháp mã hóa dữ liệu trong ứng dụng di động,Nghiên cứu và triển khai công nghệ trí tuệ nhân tạo trong việc tối ưu hóa quá trình sản xuất,0,NONE
1465,Phân tích các phương pháp mã hóa dữ liệu trong ứng dụng di động,Tối ưu hóa và phân tích thuật toán Machine Learning trong việc dự đoán xu hướng thị trường,0,NONE
1466,Phân tích các phương pháp mã hóa dữ liệu trong ứng dụng di động,Xây dựng hệ thống quản lý học tập và đào tạo trực tuyến,0,NONE
1467,Phân tích các phương pháp mã hóa dữ liệu trong ứng dụng di động,Phát triển ứng dụng di động cho việc quản lý lịch trình cá nhân,0,NONE
1468,Phân tích các phương pháp mã hóa dữ liệu trong ứng dụng di động,Nghiên cứu và triển khai công nghệ xử lý ngôn ngữ tự nhiên trong ứng dụng di động,0,NONE
1469,Phân tích các phương pháp mã hóa dữ liệu trong ứng dụng di động,Tối ưu hóa và cải thiện hiệu suất hệ thống điều khiển tự động bằng Machine Learning,0,NONE
1470,Phân tích các phương pháp mã hóa dữ liệu trong ứng dụng di động,Xây dựng hệ thống quản lý dự án trực tuyến dành cho ngành xây dựng,0,NONE
1471,Phân tích các phương pháp mã hóa dữ liệu trong ứng dụng di động,Phát triển ứng dụng di động cho việc quản lý việc thực hiện dự án,0,NONE
1472,Phân tích các phương pháp mã hóa dữ liệu trong ứng dụng di động,Nghiên cứu và triển khai công nghệ trích xuất thông tin từ các tài liệu kỹ thuật,0,NONE
1473,Phân tích các phương pháp mã hóa dữ liệu trong ứng dụng di động,Tối ưu hóa và phân tích thuật toán tìm kiếm thông tin trong dữ liệu lớn,1,LOW
1474,Phân tích các phương pháp mã hóa dữ liệu trong ứng dụng di động,Xây dựng hệ thống quản lý dự án phân tán và đa ngôn ngữ,0,NONE
1475,Phân tích các phương pháp mã hóa dữ liệu trong ứng dụng di động,Phát triển ứng dụng di động cho việc quản lý công việc trong doanh nghiệp,0,NONE
1476,Phân tích các phương pháp mã hóa dữ liệu trong ứng dụng di động,Nghiên cứu và triển khai công nghệ trí tuệ nhân tạo trong việc tự động hóa quy trình sản xuất,0,NONE
1477,Phân tích các phương pháp mã hóa dữ liệu trong ứng dụng di động,Tối ưu hóa và cải thiện hiệu suất hệ thống truyền thông âm thanh/viễn thông,0,NONE
1478,Phân tích các phương pháp mã hóa dữ liệu trong ứng dụng di động,Xây dựng hệ thống quản lý đối tác và khách hàng trực tuyến,0,NONE
1479,Phân tích các phương pháp mã hóa dữ liệu trong ứng dụng di động,Phát triển ứng dụng di động cho việc quản lý tài chính cá nhân và đầu tư,0,NONE
1480,Phân tích các phương pháp mã hóa dữ liệu trong ứng dụng di động,Nghiên cứu và triển khai công nghệ dự đoán và phân loại trong việc quản lý dữ liệu,0,NONE
1481,Phân tích các phương pháp mã hóa dữ liệu trong ứng dụng di động,Tối ưu hóa và phân tích thuật toán Machine Learning trong việc dự đoán xu hướng người dùng,0,NONE
1482,Phân tích các phương pháp mã hóa dữ liệu trong ứng dụng di động,Xây dựng hệ thống quản lý nhà trường và đào tạo trực tuyến,0,NONE
1483,Phân tích các phương pháp mã hóa dữ liệu trong ứng dụng di động,Phát triển ứng dụng di động cho việc quản lý việc giải trí và giải trí,0,NONE
1484,Phân tích các phương pháp mã hóa dữ liệu trong ứng dụng di động,Nghiên cứu và triển khai công nghệ trích xuất dữ liệu từ các tài liệu văn bản kỹ thuật,0,NONE
1485,Phân tích các phương pháp mã hóa dữ liệu trong ứng dụng di động,Tối ưu hóa và cải thiện hiệu suất hệ thống truyền thông dữ liệu lớn,0,NONE
1486,Phân tích các phương pháp mã hóa dữ liệu trong ứng dụng di động,Xây dựng hệ thống quản lý dự án phân tán và đa nền tảng dành cho doanh nghiệp,0,NONE
1487,Phân tích các phương pháp mã hóa dữ liệu trong ứng dụng di động,Phát triển ứng dụng di động cho việc quản lý việc kinh doanh và doanh nghiệp,0,NONE
1488,Phân tích các phương pháp mã hóa dữ liệu trong ứng dụng di động,Nghiên cứu và triển khai công nghệ trí tuệ nhân tạo trong việc cải thiện quá trình sản xuất,0,NONE
1489,Phân tích các phương pháp mã hóa dữ liệu trong ứng dụng di động,Tối ưu hóa và phân tích thuật toán tìm kiếm thông tin trong ứng dụng di động,1,LOW
1490,Phân tích các phương pháp mã hóa dữ liệu trong ứng dụng di động,Xây dựng hệ thống quản lý dự án phân tán và đa nền tảng dành cho ngành quảng cáo và marketing,0,NONE
1491,Phân tích các phương pháp mã hóa dữ liệu trong ứng dụng di động,Phát triển ứng dụng di động cho việc quản lý việc kinh doanh và bán hàng,0,NONE
1492,Phân tích các phương pháp mã hóa dữ liệu trong ứng dụng di động,Nghiên cứu và triển khai công nghệ xử lý ngôn ngữ tự nhiên trong ứng dụng web,0,NONE
1493,Phân tích các phương pháp mã hóa dữ liệu trong ứng dụng di động,Tối ưu hóa và cải thiện hiệu suất hệ thống điều khiển tự động trong môi trường công nghiệp,0,NONE
1494,Phân tích các phương pháp mã hóa dữ liệu trong ứng dụng di động,Xây dựng hệ thống quản lý tài chính và thu chi cá nhân trực tuyến,0,NONE
1495,Phân tích các phương pháp mã hóa dữ liệu trong ứng dụng di động,Phát triển ứng dụng di động cho việc quản lý việc học tập và nghiên cứu,0,NONE
1496,Phân tích các phương pháp mã hóa dữ liệu trong ứng dụng di động,Nghiên cứu và triển khai công nghệ trí tuệ nhân tạo trong việc tối ưu hóa dự đoán thị trường tài chính,0,NONE
1497,Phân tích các phương pháp mã hóa dữ liệu trong ứng dụng di động,Tối ưu hóa và phân tích thuật toán Machine Learning trong việc dự đoán xu hướng kỹ thuật số,0,NONE
1498,Phân tích các phương pháp mã hóa dữ liệu trong ứng dụng di động,Xây dựng hệ thống quản lý sản xuất và lịch trình sản xuất trực tuyến,0,NONE
1499,Phân tích các phương pháp mã hóa dữ liệu trong ứng dụng di động,Phát triển ứng dụng di động cho việc quản lý việc học và đào tạo,0,NONE
1500,Phân tích các phương pháp mã hóa dữ liệu trong ứng dụng di động,Nghiên cứu và triển khai công nghệ trích xuất thông tin từ ảnh và video kỹ thuật số,0,NONE
1501,Phân tích các phương pháp mã hóa dữ liệu trong ứng dụng di động,Tối ưu hóa và cải thiện hiệu suất hệ thống truyền thông trực tuyến,0,NONE
1502,Phân tích các phương pháp mã hóa dữ liệu trong ứng dụng di động,Xây dựng hệ thống quản lý nhà trường và đào tạo dành cho sinh viên,0,NONE
1503,Phân tích các phương pháp mã hóa dữ liệu trong ứng dụng di động,Phát triển ứng dụng di động cho việc quản lý công việc trong lĩnh vực giáo dục,0,NONE
1504,Phân tích các phương pháp mã hóa dữ liệu trong ứng dụng di động,Nghiên cứu và triển khai công nghệ dự đoán và phân loại dữ liệu lớn,0,NONE
1505,Phân tích các phương pháp mã hóa dữ liệu trong ứng dụng di động,Tối ưu hóa và phân tích thuật toán Machine Learning trong việc dự đoán xu hướng người dùng,0,NONE
1506,Phân tích các phương pháp mã hóa dữ liệu trong ứng dụng di động,Xây dựng hệ thống quản lý học tập và đào tạo dành cho doanh nghiệp,0,NONE
1507,Phân tích các phương pháp mã hóa dữ liệu trong ứng dụng di động,Phát triển ứng dụng di động cho việc quản lý sự kiện và tổ chức,0,NONE
1508,Phân tích các phương pháp mã hóa dữ liệu trong ứng dụng di động,Nghiên cứu và triển khai công nghệ trích xuất dữ liệu từ các tài liệu kỹ thuật,0,NONE
1509,Phân tích các phương pháp mã hóa dữ liệu trong ứng dụng di động,Tối ưu hóa và cải thiện hiệu suất hệ thống truyền thông mạng máy tính,0,NONE
1510,Phân tích các phương pháp mã hóa dữ liệu trong ứng dụng di động,Xây dựng hệ thống quản lý dự án phân tán và đa nền tảng cho các dự án nghiên cứu khoa học,0,NONE
1511,Phân tích các phương pháp mã hóa dữ liệu trong ứng dụng di động,Phát triển ứng dụng di động cho việc quản lý việc tham gia các hoạt động xã hội và tình nguyện,0,NONE
1512,Phân tích các phương pháp mã hóa dữ liệu trong ứng dụng di động,Nghiên cứu và triển khai công nghệ trí tuệ nhân tạo trong việc tự động hóa quy trình sản xuất,0,NONE
1513,Phân tích các phương pháp mã hóa dữ liệu trong ứng dụng di động,Tối ưu hóa và phân tích thuật toán tìm kiếm thông tin trong ứng dụng web,0,NONE
1514,Phân tích các phương pháp mã hóa dữ liệu trong ứng dụng di động,Xây dựng hệ thống quản lý đối tác và khách hàng trực tuyến dành cho ngành dịch vụ,0,NONE
1515,Phân tích các phương pháp mã hóa dữ liệu trong ứng dụng di động,Phát triển ứng dụng di động cho việc quản lý công việc trong doanh nghiệp,0,NONE
1516,Phân tích các phương pháp mã hóa dữ liệu trong ứng dụng di động,Nghiên cứu và triển khai công nghệ trích xuất dữ liệu từ các tài liệu văn bản kỹ thuật,0,NONE
1517,Phân tích các phương pháp mã hóa dữ liệu trong ứng dụng di động,Tối ưu hóa và cải thiện hiệu suất hệ thống truyền thông dữ liệu lớn,0,NONE
1518,Phân tích các phương pháp mã hóa dữ liệu trong ứng dụng di động,Xây dựng hệ thống quản lý dự án phân tán và đa nền tảng dành cho ngành giáo dục,0,NONE
1519,Phân tích các phương pháp mã hóa dữ liệu trong ứng dụng di động,Phát triển ứng dụng di động cho việc kinh doanh và doanh nghiệp,0,NONE
1520,Phân tích các phương pháp mã hóa dữ liệu trong ứng dụng di động,Nghiên cứu và triển khai công nghệ xử lý ngôn ngữ tự nhiên trong ứng dụng di động,0,NONE
1521,Phân tích các phương pháp mã hóa dữ liệu trong ứng dụng di động,Tối ưu hóa và cải thiện hiệu suất hệ thống điều khiển tự động trong môi trường công nghiệp,0,NONE
1522,Phân tích các phương pháp mã hóa dữ liệu trong ứng dụng di động,Xây dựng hệ thống quản lý tài chính và thu chi cá nhân trực tuyến,0,NONE
1523,Phân tích các phương pháp mã hóa dữ liệu trong ứng dụng di động,Phát triển ứng dụng di động cho việc học tập và nghiên cứu,0,NONE
1524,Phân tích các phương pháp mã hóa dữ liệu trong ứng dụng di động,Nghiên cứu và triển khai công nghệ trí tuệ nhân tạo trong việc cải thiện quá trình sản xuất,0,NONE
1525,Phân tích các phương pháp mã hóa dữ liệu trong ứng dụng di động,Tối ưu hóa và phân tích thuật toán tìm kiếm thông tin trong ứng dụng di động,1,LOW
1526,Phân tích các phương pháp mã hóa dữ liệu trong ứng dụng di động,Xây dựng hệ thống quản lý dự án phân tán và đa nền tảng dành cho ngành quảng cáo và marketing,0,NONE
1527,Phân tích các phương pháp mã hóa dữ liệu trong ứng dụng di động,Phát triển ứng dụng di động cho việc kinh doanh và bán hàng,0,NONE
1528,Phân tích các phương pháp mã hóa dữ liệu trong ứng dụng di động,Nghiên cứu và triển khai công nghệ trích xuất thông tin từ ảnh và video kỹ thuật số,0,NONE
1529,Phân tích các phương pháp mã hóa dữ liệu trong ứng dụng di động,Tối ưu hóa và cải thiện hiệu suất hệ thống truyền thông trực tuyến,0,NONE
1530,Phân tích các phương pháp mã hóa dữ liệu trong ứng dụng di động,Xây dựng hệ thống quản lý nhà trường và đào tạo dành cho sinh viên,0,NONE
1531,Phân tích các phương pháp mã hóa dữ liệu trong ứng dụng di động,Phát triển ứng dụng di động cho việc quản lý công việc trong lĩnh vực giáo dục,0,NONE
1532,Phân tích các phương pháp mã hóa dữ liệu trong ứng dụng di động,Nghiên cứu và triển khai công nghệ dự đoán và phân loại dữ liệu lớn,0,NONE
1533,Phân tích các phương pháp mã hóa dữ liệu trong ứng dụng di động,Tối ưu hóa và phân tích thuật toán Machine Learning trong việc dự đoán xu hướng người dùng,0,NONE
1534,Phân tích các phương pháp mã hóa dữ liệu trong ứng dụng di động,Xây dựng hệ thống quản lý học tập và đào tạo dành cho doanh nghiệp,0,NONE
1535,Phân tích các phương pháp mã hóa dữ liệu trong ứng dụng di động,Phát triển ứng dụng di động cho việc quản lý sự kiện và tổ chức,0,NONE
1536,Phân tích các phương pháp mã hóa dữ liệu trong ứng dụng di động,Nghiên cứu và triển khai công nghệ trích xuất dữ liệu từ các tài liệu kỹ thuật,0,NONE
1537,Phân tích các phương pháp mã hóa dữ liệu trong ứng dụng di động,Tối ưu hóa và cải thiện hiệu suất hệ thống truyền thông mạng máy tính,0,NONE
1538,Phân tích các phương pháp mã hóa dữ liệu trong ứng dụng di động,Xây dựng hệ thống quản lý dự án phân tán và đa nền tảng cho các dự án nghiên cứu khoa học,0,NONE
1539,Phân tích các phương pháp mã hóa dữ liệu trong ứng dụng di động,Phát triển ứng dụng di động cho việc quản lý việc tham gia các hoạt động xã hội và tình nguyện,0,NONE
1540,Phân tích các phương pháp mã hóa dữ liệu trong ứng dụng di động,Nghiên cứu và triển khai công nghệ trí tuệ nhân tạo trong việc tự động hóa quy trình sản xuất,0,NONE
1541,Phân tích các phương pháp mã hóa dữ liệu trong ứng dụng di động,Tối ưu hóa và phân tích thuật toán tìm kiếm thông tin trong ứng dụng web,0,NONE
1542,Phân tích các phương pháp mã hóa dữ liệu trong ứng dụng di động,Xây dựng hệ thống quản lý đối tác và khách hàng trực tuyến dành cho ngành dịch vụ,0,NONE
1543,Phân tích các phương pháp mã hóa dữ liệu trong ứng dụng di động,Phát triển ứng dụng di động cho việc quản lý công việc trong doanh nghiệp,0,NONE
1544,Phân tích các phương pháp mã hóa dữ liệu trong ứng dụng di động,Nghiên cứu và triển khai công nghệ trích xuất dữ liệu từ các tài liệu văn bản kỹ thuật,0,NONE
1545,Phân tích các phương pháp mã hóa dữ liệu trong ứng dụng di động,Tối ưu hóa và cải thiện hiệu suất hệ thống truyền thông dữ liệu lớn,0,NONE
1546,Phân tích các phương pháp mã hóa dữ liệu trong ứng dụng di động,Xây dựng hệ thống quản lý dự án phân tán và đa nền tảng dành cho ngành giáo dục,0,NONE
1547,Phân tích các phương pháp mã hóa dữ liệu trong ứng dụng di động,Phát triển ứng dụng di động cho việc quản lý việc kinh doanh và doanh nghiệp,0,NONE
1548,Phân tích các phương pháp mã hóa dữ liệu trong ứng dụng di động,Nghiên cứu và triển khai công nghệ xử lý ngôn ngữ tự nhiên trong ứng dụng di động,0,NONE
1549,Phân tích các phương pháp mã hóa dữ liệu trong ứng dụng di động,Tối ưu hóa và cải thiện hiệu suất hệ thống điều khiển tự động trong môi trường công nghiệp,0,NONE
1550,Phân tích các phương pháp mã hóa dữ liệu trong ứng dụng di động,Xây dựng hệ thống quản lý tài chính và thu chi cá nhân trực tuyến,0,NONE
1551,Phân tích các phương pháp mã hóa dữ liệu trong ứng dụng di động,Phát triển ứng dụng di động cho việc quản lý việc học tập và nghiên cứu,0,NONE
1552,Phân tích các phương pháp mã hóa dữ liệu trong ứng dụng di động,Nghiên cứu và triển khai công nghệ trí tuệ nhân tạo trong việc cải thiện quá trình sản xuất,0,NONE
1553,Phân tích các phương pháp mã hóa dữ liệu trong ứng dụng di động,Tối ưu hóa và phân tích thuật toán tìm kiếm thông tin trong ứng dụng di động,1,LOW
1554,Phân tích các phương pháp mã hóa dữ liệu trong ứng dụng di động,Xây dựng hệ thống quản lý dự án phân tán và đa nền tảng dành cho ngành quảng cáo và marketing,0,NONE
1555,Phân tích các phương pháp mã hóa dữ liệu trong ứng dụng di động,Phát triển ứng dụng di động cho việc quản lý việc kinh doanh và bán hàng,0,NONE
1556,Phân tích các phương pháp mã hóa dữ liệu trong ứng dụng di động,Nghiên cứu và triển khai công nghệ trích xuất thông tin từ ảnh và video kỹ thuật số,0,NONE
1557,Phân tích các phương pháp mã hóa dữ liệu trong ứng dụng di động,Tối ưu hóa và cải thiện hiệu suất hệ thống truyền thông trực tuyến,0,NONE
1558,Phân tích các phương pháp mã hóa dữ liệu trong ứng dụng di động,Xây dựng hệ thống quản lý nhà trường và đào tạo dành cho sinh viên,0,NONE
1559,Phân tích các phương pháp mã hóa dữ liệu trong ứng dụng di động,Phát triển ứng dụng di động cho việc quản lý công việc trong lĩnh vực giáo dục,0,NONE
1560,Phân tích các phương pháp mã hóa dữ liệu trong ứng dụng di động,Nghiên cứu và triển khai công nghệ dự đoán và phân loại dữ liệu lớn,0,NONE
1561,Phân tích các phương pháp mã hóa dữ liệu trong ứng dụng di động,Tối ưu hóa và phân tích thuật toán Machine Learning trong việc dự đoán xu hướng người dùng,0,NONE
1562,Phân tích các phương pháp mã hóa dữ liệu trong ứng dụng di động,Xây dựng hệ thống quản lý học tập và đào tạo dành cho doanh nghiệp,0,NONE
1563,Phân tích các phương pháp mã hóa dữ liệu trong ứng dụng di động,Phát triển ứng dụng di động cho việc quản lý sự kiện và tổ chức,0,NONE
1564,Phân tích các phương pháp mã hóa dữ liệu trong ứng dụng di động,Nghiên cứu và triển khai công nghệ trích xuất dữ liệu từ các tài liệu kỹ thuật,0,NONE
1565,Tối ưu hóa thuật toán tìm kiếm trong cơ sở dữ liệu,Triển khai mô hình Machine Learning trong việc dự đoán doanh số bán hàng,0,NONE
1566,Tối ưu hóa thuật toán tìm kiếm trong cơ sở dữ liệu,Phân tích và phát triển ứng dụng chatbot trên nền tảng trí tuệ nhân tạo,0,NONE
1567,Tối ưu hóa thuật toán tìm kiếm trong cơ sở dữ liệu,Xây dựng hệ thống quản lý dự án trực tuyến,0,NONE
1568,Tối ưu hóa thuật toán tìm kiếm trong cơ sở dữ liệu,Đánh giá hiệu năng của các kiến trúc máy tính đám mây,0,NONE
1569,Tối ưu hóa thuật toán tìm kiếm trong cơ sở dữ liệu,Tích hợp công nghệ Blockchain trong ứng dụng giao dịch tài chính,0,NONE
1570,Tối ưu hóa thuật toán tìm kiếm trong cơ sở dữ liệu,Phân tích và đánh giá các nguy cơ an ninh trong ứng dụng di động,0,NONE
1571,Tối ưu hóa thuật toán tìm kiếm trong cơ sở dữ liệu,Xây dựng ứng dụng e-commerce với tích hợp thanh toán trực tuyến,0,NONE
1572,Tối ưu hóa thuật toán tìm kiếm trong cơ sở dữ liệu,Phát triển ứng dụng trợ lý ảo cho việc lập kế hoạch cá nhân,0,NONE
1573,Tối ưu hóa thuật toán tìm kiếm trong cơ sở dữ liệu,Xây dựng hệ thống quản lý nhân sự và lương bằng CNTT,0,NONE
1574,Tối ưu hóa thuật toán tìm kiếm trong cơ sở dữ liệu,Nghiên cứu và phát triển giải pháp an ninh mạng,0,NONE
1575,Tối ưu hóa thuật toán tìm kiếm trong cơ sở dữ liệu,Tối ưu hóa cơ sở dữ liệu NoSQL cho ứng dụng web,1,LOW
1576,Tối ưu hóa thuật toán tìm kiếm trong cơ sở dữ liệu,Phân tích và cải thiện hiệu suất của ứng dụng trên nền tảng di động,0,NONE
1577,Tối ưu hóa thuật toán tìm kiếm trong cơ sở dữ liệu,Xây dựng ứng dụng học ngoại ngữ trực tuyến,0,NONE
1578,Tối ưu hóa thuật toán tìm kiếm trong cơ sở dữ liệu,Phân tích và phát triển hệ thống nhận dạng khuôn mặt,0,NONE
1579,Tối ưu hóa thuật toán tìm kiếm trong cơ sở dữ liệu,Xây dựng hệ thống quản lý khách hàng (CRM) đa nền tảng,0,NONE
1580,Tối ưu hóa thuật toán tìm kiếm trong cơ sở dữ liệu,Nghiên cứu và triển khai công nghệ 5G,0,NONE
1581,Tối ưu hóa thuật toán tìm kiếm trong cơ sở dữ liệu,Xây dựng hệ thống thông tin địa lý (GIS) cho bản đồ trực tuyến,0,NONE
1582,Tối ưu hóa thuật toán tìm kiếm trong cơ sở dữ liệu,Phân tích và tối ưu hóa cấu trúc dữ liệu của ứng dụng,0,NONE
1583,Tối ưu hóa thuật toán tìm kiếm trong cơ sở dữ liệu,Phát triển ứng dụng hỗ trợ việc học trực tuyến,0,NONE
1584,Tối ưu hóa thuật toán tìm kiếm trong cơ sở dữ liệu,Nghiên cứu và triển khai công nghệ truyền dẫn âm thanh/viễn thông,0,NONE
1585,Tối ưu hóa thuật toán tìm kiếm trong cơ sở dữ liệu,Xây dựng ứng dụng hỗ trợ việc tạo và quản lý lịch trình,0,NONE
1586,Tối ưu hóa thuật toán tìm kiếm trong cơ sở dữ liệu,Nghiên cứu và triển khai hệ thống giám sát môi trường sử dụng Công nghệ Internet of Things (IoT),0,NONE
1587,Tối ưu hóa thuật toán tìm kiếm trong cơ sở dữ liệu,Phát triển ứng dụng di động cho việc quản lý công việc cá nhân,0,NONE
1588,Tối ưu hóa thuật toán tìm kiếm trong cơ sở dữ liệu,Nghiên cứu và triển khai công nghệ trí tuệ nhân tạo trong ứng dụng y tế,0,NONE
1589,Tối ưu hóa thuật toán tìm kiếm trong cơ sở dữ liệu,Xây dựng hệ thống quản lý tài liệu trực tuyến,0,NONE
1590,Tối ưu hóa thuật toán tìm kiếm trong cơ sở dữ liệu,Phân tích và phát triển hệ thống gợi ý sản phẩm cho các trang thương mại điện tử,0,NONE
1591,Tối ưu hóa thuật toán tìm kiếm trong cơ sở dữ liệu,Triển khai hệ thống giám sát mạng máy tính,0,NONE
1592,Tối ưu hóa thuật toán tìm kiếm trong cơ sở dữ liệu,Xây dựng ứng dụng trò chơi trên nền tảng di động,0,NONE
1593,Tối ưu hóa thuật toán tìm kiếm trong cơ sở dữ liệu,Nghiên cứu và triển khai công nghệ Blockchain trong lĩnh vực tài chính,0,NONE
1594,Tối ưu hóa thuật toán tìm kiếm trong cơ sở dữ liệu,Tối ưu hóa và cải thiện hiệu suất cơ sở dữ liệu SQL,1,LOW
1595,Tối ưu hóa thuật toán tìm kiếm trong cơ sở dữ liệu,Phát triển ứng dụng quản lý học tập trực tuyến,0,NONE
1596,Tối ưu hóa thuật toán tìm kiếm trong cơ sở dữ liệu,Nghiên cứu về bảo mật và đánh giá rủi ro của ứng dụng web,0,NONE
1597,Tối ưu hóa thuật toán tìm kiếm trong cơ sở dữ liệu,Phát triển hệ thống dự đoán thời tiết thông qua dữ liệu lớn,0,NONE
1598,Tối ưu hóa thuật toán tìm kiếm trong cơ sở dữ liệu,Xây dựng hệ thống điều khiển các thiết bị thông qua ứng dụng di động,0,NONE
1599,Tối ưu hóa thuật toán tìm kiếm trong cơ sở dữ liệu,Phân tích và phát triển hệ thống chấm công nhân viên tự động,0,NONE
1600,Tối ưu hóa thuật toán tìm kiếm trong cơ sở dữ liệu,Tối ưu hóa và phân tích độ phức tạp của thuật toán,1,LOW
1601,Tối ưu hóa thuật toán tìm kiếm trong cơ sở dữ liệu,Nghiên cứu và triển khai ứng dụng trợ lý ảo dựa trên trí tuệ nhân tạo,0,NONE
1602,Tối ưu hóa thuật toán tìm kiếm trong cơ sở dữ liệu,Xây dựng hệ thống quản lý nhà hàng và đặt hàng trực tuyến,0,NONE
1603,Tối ưu hóa thuật toán tìm kiếm trong cơ sở dữ liệu,Phát triển ứng dụng giao tiếp qua giọng nói,0,NONE
1604,Tối ưu hóa thuật toán tìm kiếm trong cơ sở dữ liệu,Nghiên cứu về công nghệ ảo hóa và triển khai máy ảo,0,NONE
1605,Tối ưu hóa thuật toán tìm kiếm trong cơ sở dữ liệu,Phát triển ứng dụng di động cho việc quản lý tài chính cá nhân,0,NONE
1606,Tối ưu hóa thuật toán tìm kiếm trong cơ sở dữ liệu,Tối ưu hóa và nâng cấp cơ sở dữ liệu NoSQL,1,LOW
1607,Tối ưu hóa thuật toán tìm kiếm trong cơ sở dữ liệu,Nghiên cứu và triển khai công nghệ mạng 5G,0,NONE
1608,Tối ưu hóa thuật toán tìm kiếm trong cơ sở dữ liệu,Xây dựng hệ thống đánh giá hiệu suất nhân viên dựa trên dữ liệu,0,NONE
1609,Tối ưu hóa thuật toán tìm kiếm trong cơ sở dữ liệu,Phát triển ứng dụng di động giúp người dùng tìm kiếm địa điểm du lịch,0,NONE
1610,Tối ưu hóa thuật toán tìm kiếm trong cơ sở dữ liệu,Nghiên cứu về công nghệ truyền thông âm thanh và hình ảnh,0,NONE
1611,Tối ưu hóa thuật toán tìm kiếm trong cơ sở dữ liệu,Xây dựng hệ thống quản lý sự kiện trực tuyến,0,NONE
1612,Tối ưu hóa thuật toán tìm kiếm trong cơ sở dữ liệu,Phát triển ứng dụng di động dành cho việc học ngoại ngữ,0,NONE
1613,Tối ưu hóa thuật toán tìm kiếm trong cơ sở dữ liệu,Tối ưu hóa và phân tích thuật toán Machine Learning,1,LOW
1614,Tối ưu hóa thuật toán tìm kiếm trong cơ sở dữ liệu,Nghiên cứu về công nghệ Internet of Things (IoT) trong việc quản lý năng lượng,0,NONE
1615,Tối ưu hóa thuật toán tìm kiếm trong cơ sở dữ liệu,Phát triển hệ thống giao dịch và thanh toán trực tuyến,0,NONE
1616,Tối ưu hóa thuật toán tìm kiếm trong cơ sở dữ liệu,Nghiên cứu và triển khai công nghệ trích xuất thông tin từ văn bản tự động,0,NONE
1617,Tối ưu hóa thuật toán tìm kiếm trong cơ sở dữ liệu,Xây dựng hệ thống quản lý kho hàng trực tuyến,0,NONE
1618,Tối ưu hóa thuật toán tìm kiếm trong cơ sở dữ liệu,Phát triển ứng dụng di động cho việc chăm sóc sức khỏe,0,NONE
1619,Tối ưu hóa thuật toán tìm kiếm trong cơ sở dữ liệu,Nghiên cứu và triển khai công nghệ trích xuất dữ liệu từ hình ảnh và video,0,NONE
1620,Tối ưu hóa thuật toán tìm kiếm trong cơ sở dữ liệu,Tối ưu hóa và nâng cao hiệu suất hệ thống điều khiển tự động,0,NONE
1621,Tối ưu hóa thuật toán tìm kiếm trong cơ sở dữ liệu,Xây dựng hệ thống quản lý dự án trực tuyến,0,NONE
1622,Tối ưu hóa thuật toán tìm kiếm trong cơ sở dữ liệu,Phát triển ứng dụng di động cho việc quản lý thời gian làm việc,0,NONE
1623,Tối ưu hóa thuật toán tìm kiếm trong cơ sở dữ liệu,Nghiên cứu về công nghệ trích xuất dữ liệu từ âm thanh và giọng nói,0,NONE
1624,Tối ưu hóa thuật toán tìm kiếm trong cơ sở dữ liệu,Tối ưu hóa và phân tích thuật toán tìm kiếm trực tuyến,2,MEDIUM
1625,Tối ưu hóa thuật toán tìm kiếm trong cơ sở dữ liệu,Xây dựng hệ thống quản lý điểm danh và chấm công trực tuyến,0,NONE
1626,Tối ưu hóa thuật toán tìm kiếm trong cơ sở dữ liệu,Phát triển ứng dụng di động cho việc tìm kiếm nhà ở,1,LOW
1627,Tối ưu hóa thuật toán tìm kiếm trong cơ sở dữ liệu,Nghiên cứu và triển khai công nghệ xử lý ngôn ngữ tự nhiên,0,NONE
1628,Tối ưu hóa thuật toán tìm kiếm trong cơ sở dữ liệu,Tối ưu hóa và cải thiện hiệu suất hệ thống điều khiển đồng thời,0,NONE
1629,Tối ưu hóa thuật toán tìm kiếm trong cơ sở dữ liệu,Xây dựng hệ thống quản lý đào tạo và đánh giá nhân viên,0,NONE
1630,Tối ưu hóa thuật toán tìm kiếm trong cơ sở dữ liệu,Phát triển ứng dụng di động cho việc quản lý chi tiêu,0,NONE
1631,Tối ưu hóa thuật toán tìm kiếm trong cơ sở dữ liệu,Nghiên cứu và triển khai công nghệ trí tuệ nhân tạo trong ứng dụng thương mại điện tử,0,NONE
1632,Tối ưu hóa thuật toán tìm kiếm trong cơ sở dữ liệu,Tối ưu hóa và phân tích thuật toán Machine Learning sử dụng dữ liệu lớn,1,LOW
1633,Tối ưu hóa thuật toán tìm kiếm trong cơ sở dữ liệu,Xây dựng hệ thống quản lý chất lượng dịch vụ trực tuyến,0,NONE
1634,Tối ưu hóa thuật toán tìm kiếm trong cơ sở dữ liệu,Phát triển ứng dụng di động cho việc quản lý việc mua sắm,0,NONE
1635,Tối ưu hóa thuật toán tìm kiếm trong cơ sở dữ liệu,Nghiên cứu và triển khai công nghệ trích xuất dữ liệu từ các tài liệu văn bản,0,NONE
1636,Tối ưu hóa thuật toán tìm kiếm trong cơ sở dữ liệu,Tối ưu hóa và cải thiện hiệu suất hệ thống điều khiển thiết bị IoT,0,NONE
1637,Tối ưu hóa thuật toán tìm kiếm trong cơ sở dữ liệu,Xây dựng hệ thống quản lý tài nguyên con người trực tuyến,0,NONE
1638,Tối ưu hóa thuật toán tìm kiếm trong cơ sở dữ liệu,Phát triển ứng dụng di động cho việc quản lý công việc nhóm,0,NONE
1639,Tối ưu hóa thuật toán tìm kiếm trong cơ sở dữ liệu,Nghiên cứu và triển khai công nghệ dự đoán và phân loại dữ liệu,0,NONE
1640,Tối ưu hóa thuật toán tìm kiếm trong cơ sở dữ liệu,Tối ưu hóa và phân tích thuật toán tối ưu trong quản lý dự án,2,MEDIUM
1641,Tối ưu hóa thuật toán tìm kiếm trong cơ sở dữ liệu,Xây dựng hệ thống quản lý vận hành nhà máy trực tuyến,0,NONE
1642,Tối ưu hóa thuật toán tìm kiếm trong cơ sở dữ liệu,Phát triển ứng dụng di động cho việc học và rèn luyện kỹ năng,0,NONE
1643,Tối ưu hóa thuật toán tìm kiếm trong cơ sở dữ liệu,Nghiên cứu và triển khai công nghệ trí tuệ nhân tạo trong lĩnh vực giáo dục,0,NONE
1644,Tối ưu hóa thuật toán tìm kiếm trong cơ sở dữ liệu,Tối ưu hóa và cải thiện hiệu suất hệ thống quản lý lưu trữ dữ liệu,0,NONE
1645,Tối ưu hóa thuật toán tìm kiếm trong cơ sở dữ liệu,Xây dựng hệ thống quản lý dự án phân tán và đa nền tảng,0,NONE
1646,Tối ưu hóa thuật toán tìm kiếm trong cơ sở dữ liệu,Phát triển ứng dụng di động cho việc quản lý việc du lịch,0,NONE
1647,Tối ưu hóa thuật toán tìm kiếm trong cơ sở dữ liệu,Nghiên cứu và triển khai công nghệ trí tuệ nhân tạo trong việc dự đoán thị trường tài chính,0,NONE
1648,Tối ưu hóa thuật toán tìm kiếm trong cơ sở dữ liệu,Tối ưu hóa và phân tích thuật toán trong lĩnh vực trích xuất thông tin từ ảnh và video,1,LOW
1649,Tối ưu hóa thuật toán tìm kiếm trong cơ sở dữ liệu,Xây dựng hệ thống quản lý tài nguyên nhân sự trực tuyến,0,NONE
1650,Tối ưu hóa thuật toán tìm kiếm trong cơ sở dữ liệu,Phát triển ứng dụng di động cho việc quản lý sức khỏe và thể dục,0,NONE
1651,Tối ưu hóa thuật toán tìm kiếm trong cơ sở dữ liệu,Nghiên cứu và triển khai công nghệ dự đoán và phân tích dữ liệu lớn,0,NONE
1652,Tối ưu hóa thuật toán tìm kiếm trong cơ sở dữ liệu,Tối ưu hóa và cải thiện hiệu suất hệ thống truyền thông đa phương tiện,0,NONE
1653,Tối ưu hóa thuật toán tìm kiếm trong cơ sở dữ liệu,Xây dựng hệ thống quản lý hoạt động bán lẻ trực tuyến,0,NONE
1654,Tối ưu hóa thuật toán tìm kiếm trong cơ sở dữ liệu,Phát triển ứng dụng di động cho việc quản lý tài sản cá nhân,0,NONE
1655,Tối ưu hóa thuật toán tìm kiếm trong cơ sở dữ liệu,Nghiên cứu và triển khai công nghệ trí tuệ nhân tạo trong việc tối ưu hóa quá trình sản xuất,0,NONE
1656,Tối ưu hóa thuật toán tìm kiếm trong cơ sở dữ liệu,Tối ưu hóa và phân tích thuật toán Machine Learning trong việc dự đoán xu hướng thị trường,1,LOW
1657,Tối ưu hóa thuật toán tìm kiếm trong cơ sở dữ liệu,Xây dựng hệ thống quản lý học tập và đào tạo trực tuyến,0,NONE
1658,Tối ưu hóa thuật toán tìm kiếm trong cơ sở dữ liệu,Phát triển ứng dụng di động cho việc quản lý lịch trình cá nhân,0,NONE
1659,Tối ưu hóa thuật toán tìm kiếm trong cơ sở dữ liệu,Nghiên cứu và triển khai công nghệ xử lý ngôn ngữ tự nhiên trong ứng dụng di động,0,NONE
1660,Tối ưu hóa thuật toán tìm kiếm trong cơ sở dữ liệu,Tối ưu hóa và cải thiện hiệu suất hệ thống điều khiển tự động bằng Machine Learning,0,NONE
1661,Tối ưu hóa thuật toán tìm kiếm trong cơ sở dữ liệu,Xây dựng hệ thống quản lý dự án trực tuyến dành cho ngành xây dựng,0,NONE
1662,Tối ưu hóa thuật toán tìm kiếm trong cơ sở dữ liệu,Phát triển ứng dụng di động cho việc quản lý việc thực hiện dự án,0,NONE
1663,Tối ưu hóa thuật toán tìm kiếm trong cơ sở dữ liệu,Nghiên cứu và triển khai công nghệ trích xuất thông tin từ các tài liệu kỹ thuật,0,NONE
1664,Tối ưu hóa thuật toán tìm kiếm trong cơ sở dữ liệu,Tối ưu hóa và phân tích thuật toán tìm kiếm thông tin trong dữ liệu lớn,2,MEDIUM
1665,Tối ưu hóa thuật toán tìm kiếm trong cơ sở dữ liệu,Xây dựng hệ thống quản lý dự án phân tán và đa ngôn ngữ,0,NONE
1666,Tối ưu hóa thuật toán tìm kiếm trong cơ sở dữ liệu,Phát triển ứng dụng di động cho việc quản lý công việc trong doanh nghiệp,0,NONE
1667,Tối ưu hóa thuật toán tìm kiếm trong cơ sở dữ liệu,Nghiên cứu và triển khai công nghệ trí tuệ nhân tạo trong việc tự động hóa quy trình sản xuất,0,NONE
1668,Tối ưu hóa thuật toán tìm kiếm trong cơ sở dữ liệu,Tối ưu hóa và cải thiện hiệu suất hệ thống truyền thông âm thanh/viễn thông,0,NONE
1669,Tối ưu hóa thuật toán tìm kiếm trong cơ sở dữ liệu,Xây dựng hệ thống quản lý đối tác và khách hàng trực tuyến,0,NONE
1670,Tối ưu hóa thuật toán tìm kiếm trong cơ sở dữ liệu,Phát triển ứng dụng di động cho việc quản lý tài chính cá nhân và đầu tư,0,NONE
1671,Tối ưu hóa thuật toán tìm kiếm trong cơ sở dữ liệu,Nghiên cứu và triển khai công nghệ dự đoán và phân loại trong việc quản lý dữ liệu,0,NONE
1672,Tối ưu hóa thuật toán tìm kiếm trong cơ sở dữ liệu,Tối ưu hóa và phân tích thuật toán Machine Learning trong việc dự đoán xu hướng người dùng,1,LOW
1673,Tối ưu hóa thuật toán tìm kiếm trong cơ sở dữ liệu,Xây dựng hệ thống quản lý nhà trường và đào tạo trực tuyến,0,NONE
1674,Tối ưu hóa thuật toán tìm kiếm trong cơ sở dữ liệu,Phát triển ứng dụng di động cho việc quản lý việc giải trí và giải trí,0,NONE
1675,Tối ưu hóa thuật toán tìm kiếm trong cơ sở dữ liệu,Nghiên cứu và triển khai công nghệ trích xuất dữ liệu từ các tài liệu văn bản kỹ thuật,0,NONE
1676,Tối ưu hóa thuật toán tìm kiếm trong cơ sở dữ liệu,Tối ưu hóa và cải thiện hiệu suất hệ thống truyền thông dữ liệu lớn,0,NONE
1677,Tối ưu hóa thuật toán tìm kiếm trong cơ sở dữ liệu,Xây dựng hệ thống quản lý dự án phân tán và đa nền tảng dành cho doanh nghiệp,0,NONE
1678,Tối ưu hóa thuật toán tìm kiếm trong cơ sở dữ liệu,Phát triển ứng dụng di động cho việc quản lý việc kinh doanh và doanh nghiệp,0,NONE
1679,Tối ưu hóa thuật toán tìm kiếm trong cơ sở dữ liệu,Nghiên cứu và triển khai công nghệ trí tuệ nhân tạo trong việc cải thiện quá trình sản xuất,0,NONE
1680,Tối ưu hóa thuật toán tìm kiếm trong cơ sở dữ liệu,Tối ưu hóa và phân tích thuật toán tìm kiếm thông tin trong ứng dụng di động,2,MEDIUM
1681,Tối ưu hóa thuật toán tìm kiếm trong cơ sở dữ liệu,Xây dựng hệ thống quản lý dự án phân tán và đa nền tảng dành cho ngành quảng cáo và marketing,0,NONE
1682,Tối ưu hóa thuật toán tìm kiếm trong cơ sở dữ liệu,Phát triển ứng dụng di động cho việc quản lý việc kinh doanh và bán hàng,0,NONE
1683,Tối ưu hóa thuật toán tìm kiếm trong cơ sở dữ liệu,Nghiên cứu và triển khai công nghệ xử lý ngôn ngữ tự nhiên trong ứng dụng web,0,NONE
1684,Tối ưu hóa thuật toán tìm kiếm trong cơ sở dữ liệu,Tối ưu hóa và cải thiện hiệu suất hệ thống điều khiển tự động trong môi trường công nghiệp,0,NONE
1685,Tối ưu hóa thuật toán tìm kiếm trong cơ sở dữ liệu,Xây dựng hệ thống quản lý tài chính và thu chi cá nhân trực tuyến,0,NONE
1686,Tối ưu hóa thuật toán tìm kiếm trong cơ sở dữ liệu,Phát triển ứng dụng di động cho việc quản lý việc học tập và nghiên cứu,0,NONE
1687,Tối ưu hóa thuật toán tìm kiếm trong cơ sở dữ liệu,Nghiên cứu và triển khai công nghệ trí tuệ nhân tạo trong việc tối ưu hóa dự đoán thị trường tài chính,0,NONE
1688,Tối ưu hóa thuật toán tìm kiếm trong cơ sở dữ liệu,Tối ưu hóa và phân tích thuật toán Machine Learning trong việc dự đoán xu hướng kỹ thuật số,1,LOW
1689,Tối ưu hóa thuật toán tìm kiếm trong cơ sở dữ liệu,Xây dựng hệ thống quản lý sản xuất và lịch trình sản xuất trực tuyến,0,NONE
1690,Tối ưu hóa thuật toán tìm kiếm trong cơ sở dữ liệu,Phát triển ứng dụng di động cho việc quản lý việc học và đào tạo,0,NONE
1691,Tối ưu hóa thuật toán tìm kiếm trong cơ sở dữ liệu,Nghiên cứu và triển khai công nghệ trích xuất thông tin từ ảnh và video kỹ thuật số,0,NONE
1692,Tối ưu hóa thuật toán tìm kiếm trong cơ sở dữ liệu,Tối ưu hóa và cải thiện hiệu suất hệ thống truyền thông trực tuyến,0,NONE
1693,Tối ưu hóa thuật toán tìm kiếm trong cơ sở dữ liệu,Xây dựng hệ thống quản lý nhà trường và đào tạo dành cho sinh viên,0,NONE
1694,Tối ưu hóa thuật toán tìm kiếm trong cơ sở dữ liệu,Phát triển ứng dụng di động cho việc quản lý công việc trong lĩnh vực giáo dục,0,NONE
1695,Tối ưu hóa thuật toán tìm kiếm trong cơ sở dữ liệu,Nghiên cứu và triển khai công nghệ dự đoán và phân loại dữ liệu lớn,0,NONE
1696,Tối ưu hóa thuật toán tìm kiếm trong cơ sở dữ liệu,Tối ưu hóa và phân tích thuật toán Machine Learning trong việc dự đoán xu hướng người dùng,1,LOW
1697,Tối ưu hóa thuật toán tìm kiếm trong cơ sở dữ liệu,Xây dựng hệ thống quản lý học tập và đào tạo dành cho doanh nghiệp,0,NONE
1698,Tối ưu hóa thuật toán tìm kiếm trong cơ sở dữ liệu,Phát triển ứng dụng di động cho việc quản lý sự kiện và tổ chức,0,NONE
1699,Tối ưu hóa thuật toán tìm kiếm trong cơ sở dữ liệu,Nghiên cứu và triển khai công nghệ trích xuất dữ liệu từ các tài liệu kỹ thuật,0,NONE
1700,Tối ưu hóa thuật toán tìm kiếm trong cơ sở dữ liệu,Tối ưu hóa và cải thiện hiệu suất hệ thống truyền thông mạng máy tính,0,NONE
1701,Tối ưu hóa thuật toán tìm kiếm trong cơ sở dữ liệu,Xây dựng hệ thống quản lý dự án phân tán và đa nền tảng cho các dự án nghiên cứu khoa học,0,NONE
1702,Tối ưu hóa thuật toán tìm kiếm trong cơ sở dữ liệu,Phát triển ứng dụng di động cho việc quản lý việc tham gia các hoạt động xã hội và tình nguyện,0,NONE
1703,Tối ưu hóa thuật toán tìm kiếm trong cơ sở dữ liệu,Nghiên cứu và triển khai công nghệ trí tuệ nhân tạo trong việc tự động hóa quy trình sản xuất,0,NONE
1704,Tối ưu hóa thuật toán tìm kiếm trong cơ sở dữ liệu,Tối ưu hóa và phân tích thuật toán tìm kiếm thông tin trong ứng dụng web,2,MEDIUM
1705,Tối ưu hóa thuật toán tìm kiếm trong cơ sở dữ liệu,Xây dựng hệ thống quản lý đối tác và khách hàng trực tuyến dành cho ngành dịch vụ,0,NONE
1706,Tối ưu hóa thuật toán tìm kiếm trong cơ sở dữ liệu,Phát triển ứng dụng di động cho việc quản lý công việc trong doanh nghiệp,0,NONE
1707,Tối ưu hóa thuật toán tìm kiếm trong cơ sở dữ liệu,Nghiên cứu và triển khai công nghệ trích xuất dữ liệu từ các tài liệu văn bản kỹ thuật,0,NONE
1708,Tối ưu hóa thuật toán tìm kiếm trong cơ sở dữ liệu,Tối ưu hóa và cải thiện hiệu suất hệ thống truyền thông dữ liệu lớn,0,NONE
1709,Tối ưu hóa thuật toán tìm kiếm trong cơ sở dữ liệu,Xây dựng hệ thống quản lý dự án phân tán và đa nền tảng dành cho ngành giáo dục,0,NONE
1710,Tối ưu hóa thuật toán tìm kiếm trong cơ sở dữ liệu,Phát triển ứng dụng di động cho việc kinh doanh và doanh nghiệp,0,NONE
1711,Tối ưu hóa thuật toán tìm kiếm trong cơ sở dữ liệu,Nghiên cứu và triển khai công nghệ xử lý ngôn ngữ tự nhiên trong ứng dụng di động,0,NONE
1712,Tối ưu hóa thuật toán tìm kiếm trong cơ sở dữ liệu,Tối ưu hóa và cải thiện hiệu suất hệ thống điều khiển tự động trong môi trường công nghiệp,0,NONE
1713,Tối ưu hóa thuật toán tìm kiếm trong cơ sở dữ liệu,Xây dựng hệ thống quản lý tài chính và thu chi cá nhân trực tuyến,0,NONE
1714,Tối ưu hóa thuật toán tìm kiếm trong cơ sở dữ liệu,Phát triển ứng dụng di động cho việc học tập và nghiên cứu,0,NONE
1715,Tối ưu hóa thuật toán tìm kiếm trong cơ sở dữ liệu,Nghiên cứu và triển khai công nghệ trí tuệ nhân tạo trong việc cải thiện quá trình sản xuất,0,NONE
1716,Tối ưu hóa thuật toán tìm kiếm trong cơ sở dữ liệu,Tối ưu hóa và phân tích thuật toán tìm kiếm thông tin trong ứng dụng di động,2,MEDIUM
1717,Tối ưu hóa thuật toán tìm kiếm trong cơ sở dữ liệu,Xây dựng hệ thống quản lý dự án phân tán và đa nền tảng dành cho ngành quảng cáo và marketing,0,NONE
1718,Tối ưu hóa thuật toán tìm kiếm trong cơ sở dữ liệu,Phát triển ứng dụng di động cho việc kinh doanh và bán hàng,0,NONE
1719,Tối ưu hóa thuật toán tìm kiếm trong cơ sở dữ liệu,Nghiên cứu và triển khai công nghệ trích xuất thông tin từ ảnh và video kỹ thuật số,0,NONE
1720,Tối ưu hóa thuật toán tìm kiếm trong cơ sở dữ liệu,Tối ưu hóa và cải thiện hiệu suất hệ thống truyền thông trực tuyến,0,NONE
1721,Tối ưu hóa thuật toán tìm kiếm trong cơ sở dữ liệu,Xây dựng hệ thống quản lý nhà trường và đào tạo dành cho sinh viên,0,NONE
1722,Tối ưu hóa thuật toán tìm kiếm trong cơ sở dữ liệu,Phát triển ứng dụng di động cho việc quản lý công việc trong lĩnh vực giáo dục,0,NONE
1723,Tối ưu hóa thuật toán tìm kiếm trong cơ sở dữ liệu,Nghiên cứu và triển khai công nghệ dự đoán và phân loại dữ liệu lớn,0,NONE
1724,Tối ưu hóa thuật toán tìm kiếm trong cơ sở dữ liệu,Tối ưu hóa và phân tích thuật toán Machine Learning trong việc dự đoán xu hướng người dùng,1,LOW
1725,Tối ưu hóa thuật toán tìm kiếm trong cơ sở dữ liệu,Xây dựng hệ thống quản lý học tập và đào tạo dành cho doanh nghiệp,0,NONE
1726,Tối ưu hóa thuật toán tìm kiếm trong cơ sở dữ liệu,Phát triển ứng dụng di động cho việc quản lý sự kiện và tổ chức,0,NONE
1727,Tối ưu hóa thuật toán tìm kiếm trong cơ sở dữ liệu,Nghiên cứu và triển khai công nghệ trích xuất dữ liệu từ các tài liệu kỹ thuật,0,NONE
1728,Tối ưu hóa thuật toán tìm kiếm trong cơ sở dữ liệu,Tối ưu hóa và cải thiện hiệu suất hệ thống truyền thông mạng máy tính,0,NONE
1729,Tối ưu hóa thuật toán tìm kiếm trong cơ sở dữ liệu,Xây dựng hệ thống quản lý dự án phân tán và đa nền tảng cho các dự án nghiên cứu khoa học,0,NONE
1730,Tối ưu hóa thuật toán tìm kiếm trong cơ sở dữ liệu,Phát triển ứng dụng di động cho việc quản lý việc tham gia các hoạt động xã hội và tình nguyện,0,NONE
1731,Tối ưu hóa thuật toán tìm kiếm trong cơ sở dữ liệu,Nghiên cứu và triển khai công nghệ trí tuệ nhân tạo trong việc tự động hóa quy trình sản xuất,0,NONE
1732,Tối ưu hóa thuật toán tìm kiếm trong cơ sở dữ liệu,Tối ưu hóa và phân tích thuật toán tìm kiếm thông tin trong ứng dụng web,2,MEDIUM
1733,Tối ưu hóa thuật toán tìm kiếm trong cơ sở dữ liệu,Xây dựng hệ thống quản lý đối tác và khách hàng trực tuyến dành cho ngành dịch vụ,0,NONE
1734,Tối ưu hóa thuật toán tìm kiếm trong cơ sở dữ liệu,Phát triển ứng dụng di động cho việc quản lý công việc trong doanh nghiệp,0,NONE
1735,Tối ưu hóa thuật toán tìm kiếm trong cơ sở dữ liệu,Nghiên cứu và triển khai công nghệ trích xuất dữ liệu từ các tài liệu văn bản kỹ thuật,0,NONE
1736,Tối ưu hóa thuật toán tìm kiếm trong cơ sở dữ liệu,Tối ưu hóa và cải thiện hiệu suất hệ thống truyền thông dữ liệu lớn,0,NONE
1737,Tối ưu hóa thuật toán tìm kiếm trong cơ sở dữ liệu,Xây dựng hệ thống quản lý dự án phân tán và đa nền tảng dành cho ngành giáo dục,0,NONE
1738,Tối ưu hóa thuật toán tìm kiếm trong cơ sở dữ liệu,Phát triển ứng dụng di động cho việc quản lý việc kinh doanh và doanh nghiệp,0,NONE
1739,Tối ưu hóa thuật toán tìm kiếm trong cơ sở dữ liệu,Nghiên cứu và triển khai công nghệ xử lý ngôn ngữ tự nhiên trong ứng dụng di động,0,NONE
1740,Tối ưu hóa thuật toán tìm kiếm trong cơ sở dữ liệu,Tối ưu hóa và cải thiện hiệu suất hệ thống điều khiển tự động trong môi trường công nghiệp,0,NONE
1741,Tối ưu hóa thuật toán tìm kiếm trong cơ sở dữ liệu,Xây dựng hệ thống quản lý tài chính và thu chi cá nhân trực tuyến,0,NONE
1742,Tối ưu hóa thuật toán tìm kiếm trong cơ sở dữ liệu,Phát triển ứng dụng di động cho việc quản lý việc học tập và nghiên cứu,0,NONE
1743,Tối ưu hóa thuật toán tìm kiếm trong cơ sở dữ liệu,Nghiên cứu và triển khai công nghệ trí tuệ nhân tạo trong việc cải thiện quá trình sản xuất,0,NONE
1744,Tối ưu hóa thuật toán tìm kiếm trong cơ sở dữ liệu,Tối ưu hóa và phân tích thuật toán tìm kiếm thông tin trong ứng dụng di động,2,MEDIUM
1745,Tối ưu hóa thuật toán tìm kiếm trong cơ sở dữ liệu,Xây dựng hệ thống quản lý dự án phân tán và đa nền tảng dành cho ngành quảng cáo và marketing,0,NONE
1746,Tối ưu hóa thuật toán tìm kiếm trong cơ sở dữ liệu,Phát triển ứng dụng di động cho việc quản lý việc kinh doanh và bán hàng,0,NONE
1747,Tối ưu hóa thuật toán tìm kiếm trong cơ sở dữ liệu,Nghiên cứu và triển khai công nghệ trích xuất thông tin từ ảnh và video kỹ thuật số,0,NONE
1748,Tối ưu hóa thuật toán tìm kiếm trong cơ sở dữ liệu,Tối ưu hóa và cải thiện hiệu suất hệ thống truyền thông trực tuyến,0,NONE
1749,Tối ưu hóa thuật toán tìm kiếm trong cơ sở dữ liệu,Xây dựng hệ thống quản lý nhà trường và đào tạo dành cho sinh viên,0,NONE
1750,Tối ưu hóa thuật toán tìm kiếm trong cơ sở dữ liệu,Phát triển ứng dụng di động cho việc quản lý công việc trong lĩnh vực giáo dục,0,NONE
1751,Tối ưu hóa thuật toán tìm kiếm trong cơ sở dữ liệu,Nghiên cứu và triển khai công nghệ dự đoán và phân loại dữ liệu lớn,0,NONE
1752,Tối ưu hóa thuật toán tìm kiếm trong cơ sở dữ liệu,Tối ưu hóa và phân tích thuật toán Machine Learning trong việc dự đoán xu hướng người dùng,1,LOW
1753,Tối ưu hóa thuật toán tìm kiếm trong cơ sở dữ liệu,Xây dựng hệ thống quản lý học tập và đào tạo dành cho doanh nghiệp,0,NONE
1754,Tối ưu hóa thuật toán tìm kiếm trong cơ sở dữ liệu,Phát triển ứng dụng di động cho việc quản lý sự kiện và tổ chức,0,NONE
1755,Tối ưu hóa thuật toán tìm kiếm trong cơ sở dữ liệu,Nghiên cứu và triển khai công nghệ trích xuất dữ liệu từ các tài liệu kỹ thuật,0,NONE
1756,Triển khai mô hình Machine Learning trong việc dự đoán doanh số bán hàng,Phân tích và phát triển ứng dụng chatbot trên nền tảng trí tuệ nhân tạo,0,NONE
1757,Triển khai mô hình Machine Learning trong việc dự đoán doanh số bán hàng,Xây dựng hệ thống quản lý dự án trực tuyến,0,NONE
1758,Triển khai mô hình Machine Learning trong việc dự đoán doanh số bán hàng,Đánh giá hiệu năng của các kiến trúc máy tính đám mây,0,NONE
1759,Triển khai mô hình Machine Learning trong việc dự đoán doanh số bán hàng,Tích hợp công nghệ Blockchain trong ứng dụng giao dịch tài chính,0,NONE
1760,Triển khai mô hình Machine Learning trong việc dự đoán doanh số bán hàng,Phân tích và đánh giá các nguy cơ an ninh trong ứng dụng di động,0,NONE
1761,Triển khai mô hình Machine Learning trong việc dự đoán doanh số bán hàng,Xây dựng ứng dụng e-commerce với tích hợp thanh toán trực tuyến,0,NONE
1762,Triển khai mô hình Machine Learning trong việc dự đoán doanh số bán hàng,Phát triển ứng dụng trợ lý ảo cho việc lập kế hoạch cá nhân,0,NONE
1763,Triển khai mô hình Machine Learning trong việc dự đoán doanh số bán hàng,Xây dựng hệ thống quản lý nhân sự và lương bằng CNTT,0,NONE
1764,Triển khai mô hình Machine Learning trong việc dự đoán doanh số bán hàng,Nghiên cứu và phát triển giải pháp an ninh mạng,0,NONE
1765,Triển khai mô hình Machine Learning trong việc dự đoán doanh số bán hàng,Tối ưu hóa cơ sở dữ liệu NoSQL cho ứng dụng web,0,NONE
1766,Triển khai mô hình Machine Learning trong việc dự đoán doanh số bán hàng,Phân tích và cải thiện hiệu suất của ứng dụng trên nền tảng di động,0,NONE
1767,Triển khai mô hình Machine Learning trong việc dự đoán doanh số bán hàng,Xây dựng ứng dụng học ngoại ngữ trực tuyến,0,NONE
1768,Triển khai mô hình Machine Learning trong việc dự đoán doanh số bán hàng,Phân tích và phát triển hệ thống nhận dạng khuôn mặt,0,NONE
1769,Triển khai mô hình Machine Learning trong việc dự đoán doanh số bán hàng,Xây dựng hệ thống quản lý khách hàng (CRM) đa nền tảng,0,NONE
1770,Triển khai mô hình Machine Learning trong việc dự đoán doanh số bán hàng,Nghiên cứu và triển khai công nghệ 5G,0,NONE
1771,Triển khai mô hình Machine Learning trong việc dự đoán doanh số bán hàng,Xây dựng hệ thống thông tin địa lý (GIS) cho bản đồ trực tuyến,0,NONE
1772,Triển khai mô hình Machine Learning trong việc dự đoán doanh số bán hàng,Phân tích và tối ưu hóa cấu trúc dữ liệu của ứng dụng,0,NONE
1773,Triển khai mô hình Machine Learning trong việc dự đoán doanh số bán hàng,Phát triển ứng dụng hỗ trợ việc học trực tuyến,0,NONE
1774,Triển khai mô hình Machine Learning trong việc dự đoán doanh số bán hàng,Nghiên cứu và triển khai công nghệ truyền dẫn âm thanh/viễn thông,0,NONE
1775,Triển khai mô hình Machine Learning trong việc dự đoán doanh số bán hàng,Xây dựng ứng dụng hỗ trợ việc tạo và quản lý lịch trình,0,NONE
1776,Triển khai mô hình Machine Learning trong việc dự đoán doanh số bán hàng,Nghiên cứu và triển khai hệ thống giám sát môi trường sử dụng Công nghệ Internet of Things (IoT),0,NONE
1777,Triển khai mô hình Machine Learning trong việc dự đoán doanh số bán hàng,Phát triển ứng dụng di động cho việc quản lý công việc cá nhân,0,NONE
1778,Triển khai mô hình Machine Learning trong việc dự đoán doanh số bán hàng,Nghiên cứu và triển khai công nghệ trí tuệ nhân tạo trong ứng dụng y tế,0,NONE
1779,Triển khai mô hình Machine Learning trong việc dự đoán doanh số bán hàng,Xây dựng hệ thống quản lý tài liệu trực tuyến,0,NONE
1780,Triển khai mô hình Machine Learning trong việc dự đoán doanh số bán hàng,Phân tích và phát triển hệ thống gợi ý sản phẩm cho các trang thương mại điện tử,0,NONE
1781,Triển khai mô hình Machine Learning trong việc dự đoán doanh số bán hàng,Triển khai hệ thống giám sát mạng máy tính,0,NONE
1782,Triển khai mô hình Machine Learning trong việc dự đoán doanh số bán hàng,Xây dựng ứng dụng trò chơi trên nền tảng di động,0,NONE
1783,Triển khai mô hình Machine Learning trong việc dự đoán doanh số bán hàng,Nghiên cứu và triển khai công nghệ Blockchain trong lĩnh vực tài chính,0,NONE
1784,Triển khai mô hình Machine Learning trong việc dự đoán doanh số bán hàng,Tối ưu hóa và cải thiện hiệu suất cơ sở dữ liệu SQL,0,NONE
1785,Triển khai mô hình Machine Learning trong việc dự đoán doanh số bán hàng,Phát triển ứng dụng quản lý học tập trực tuyến,0,NONE
1786,Triển khai mô hình Machine Learning trong việc dự đoán doanh số bán hàng,Nghiên cứu về bảo mật và đánh giá rủi ro của ứng dụng web,0,NONE
1787,Triển khai mô hình Machine Learning trong việc dự đoán doanh số bán hàng,Phát triển hệ thống dự đoán thời tiết thông qua dữ liệu lớn,0,NONE
1788,Triển khai mô hình Machine Learning trong việc dự đoán doanh số bán hàng,Xây dựng hệ thống điều khiển các thiết bị thông qua ứng dụng di động,0,NONE
1789,Triển khai mô hình Machine Learning trong việc dự đoán doanh số bán hàng,Phân tích và phát triển hệ thống chấm công nhân viên tự động,0,NONE
1790,Triển khai mô hình Machine Learning trong việc dự đoán doanh số bán hàng,Tối ưu hóa và phân tích độ phức tạp của thuật toán,0,NONE
1791,Triển khai mô hình Machine Learning trong việc dự đoán doanh số bán hàng,Nghiên cứu và triển khai ứng dụng trợ lý ảo dựa trên trí tuệ nhân tạo,0,NONE
1792,Triển khai mô hình Machine Learning trong việc dự đoán doanh số bán hàng,Xây dựng hệ thống quản lý nhà hàng và đặt hàng trực tuyến,0,NONE
1793,Triển khai mô hình Machine Learning trong việc dự đoán doanh số bán hàng,Phát triển ứng dụng giao tiếp qua giọng nói,0,NONE
1794,Triển khai mô hình Machine Learning trong việc dự đoán doanh số bán hàng,Nghiên cứu về công nghệ ảo hóa và triển khai máy ảo,0,NONE
1795,Triển khai mô hình Machine Learning trong việc dự đoán doanh số bán hàng,Phát triển ứng dụng di động cho việc quản lý tài chính cá nhân,0,NONE
1796,Triển khai mô hình Machine Learning trong việc dự đoán doanh số bán hàng,Tối ưu hóa và nâng cấp cơ sở dữ liệu NoSQL,0,NONE
1797,Triển khai mô hình Machine Learning trong việc dự đoán doanh số bán hàng,Nghiên cứu và triển khai công nghệ mạng 5G,0,NONE
1798,Triển khai mô hình Machine Learning trong việc dự đoán doanh số bán hàng,Xây dựng hệ thống đánh giá hiệu suất nhân viên dựa trên dữ liệu,0,NONE
1799,Triển khai mô hình Machine Learning trong việc dự đoán doanh số bán hàng,Phát triển ứng dụng di động giúp người dùng tìm kiếm địa điểm du lịch,0,NONE
1800,Triển khai mô hình Machine Learning trong việc dự đoán doanh số bán hàng,Nghiên cứu về công nghệ truyền thông âm thanh và hình ảnh,0,NONE
1801,Triển khai mô hình Machine Learning trong việc dự đoán doanh số bán hàng,Xây dựng hệ thống quản lý sự kiện trực tuyến,0,NONE
1802,Triển khai mô hình Machine Learning trong việc dự đoán doanh số bán hàng,Phát triển ứng dụng di động dành cho việc học ngoại ngữ,0,NONE
1803,Triển khai mô hình Machine Learning trong việc dự đoán doanh số bán hàng,Tối ưu hóa và phân tích thuật toán Machine Learning,1,LOW
1804,Triển khai mô hình Machine Learning trong việc dự đoán doanh số bán hàng,Nghiên cứu về công nghệ Internet of Things (IoT) trong việc quản lý năng lượng,0,NONE
1805,Triển khai mô hình Machine Learning trong việc dự đoán doanh số bán hàng,Phát triển hệ thống giao dịch và thanh toán trực tuyến,0,NONE
1806,Triển khai mô hình Machine Learning trong việc dự đoán doanh số bán hàng,Nghiên cứu và triển khai công nghệ trích xuất thông tin từ văn bản tự động,0,NONE
1807,Triển khai mô hình Machine Learning trong việc dự đoán doanh số bán hàng,Xây dựng hệ thống quản lý kho hàng trực tuyến,0,NONE
1808,Triển khai mô hình Machine Learning trong việc dự đoán doanh số bán hàng,Phát triển ứng dụng di động cho việc chăm sóc sức khỏe,0,NONE
1809,Triển khai mô hình Machine Learning trong việc dự đoán doanh số bán hàng,Nghiên cứu và triển khai công nghệ trích xuất dữ liệu từ hình ảnh và video,0,NONE
1810,Triển khai mô hình Machine Learning trong việc dự đoán doanh số bán hàng,Tối ưu hóa và nâng cao hiệu suất hệ thống điều khiển tự động,0,NONE
1811,Triển khai mô hình Machine Learning trong việc dự đoán doanh số bán hàng,Xây dựng hệ thống quản lý dự án trực tuyến,0,NONE
1812,Triển khai mô hình Machine Learning trong việc dự đoán doanh số bán hàng,Phát triển ứng dụng di động cho việc quản lý thời gian làm việc,0,NONE
1813,Triển khai mô hình Machine Learning trong việc dự đoán doanh số bán hàng,Nghiên cứu về công nghệ trích xuất dữ liệu từ âm thanh và giọng nói,0,NONE
1814,Triển khai mô hình Machine Learning trong việc dự đoán doanh số bán hàng,Tối ưu hóa và phân tích thuật toán tìm kiếm trực tuyến,0,NONE
1815,Triển khai mô hình Machine Learning trong việc dự đoán doanh số bán hàng,Xây dựng hệ thống quản lý điểm danh và chấm công trực tuyến,0,NONE
1816,Triển khai mô hình Machine Learning trong việc dự đoán doanh số bán hàng,Phát triển ứng dụng di động cho việc tìm kiếm nhà ở,0,NONE
1817,Triển khai mô hình Machine Learning trong việc dự đoán doanh số bán hàng,Nghiên cứu và triển khai công nghệ xử lý ngôn ngữ tự nhiên,0,NONE
1818,Triển khai mô hình Machine Learning trong việc dự đoán doanh số bán hàng,Tối ưu hóa và cải thiện hiệu suất hệ thống điều khiển đồng thời,0,NONE
1819,Triển khai mô hình Machine Learning trong việc dự đoán doanh số bán hàng,Xây dựng hệ thống quản lý đào tạo và đánh giá nhân viên,0,NONE
1820,Triển khai mô hình Machine Learning trong việc dự đoán doanh số bán hàng,Phát triển ứng dụng di động cho việc quản lý chi tiêu,0,NONE
1821,Triển khai mô hình Machine Learning trong việc dự đoán doanh số bán hàng,Nghiên cứu và triển khai công nghệ trí tuệ nhân tạo trong ứng dụng thương mại điện tử,0,NONE
1822,Triển khai mô hình Machine Learning trong việc dự đoán doanh số bán hàng,Tối ưu hóa và phân tích thuật toán Machine Learning sử dụng dữ liệu lớn,1,LOW
1823,Triển khai mô hình Machine Learning trong việc dự đoán doanh số bán hàng,Xây dựng hệ thống quản lý chất lượng dịch vụ trực tuyến,0,NONE
1824,Triển khai mô hình Machine Learning trong việc dự đoán doanh số bán hàng,Phát triển ứng dụng di động cho việc quản lý việc mua sắm,0,NONE
1825,Triển khai mô hình Machine Learning trong việc dự đoán doanh số bán hàng,Nghiên cứu và triển khai công nghệ trích xuất dữ liệu từ các tài liệu văn bản,0,NONE
1826,Triển khai mô hình Machine Learning trong việc dự đoán doanh số bán hàng,Tối ưu hóa và cải thiện hiệu suất hệ thống điều khiển thiết bị IoT,0,NONE
1827,Triển khai mô hình Machine Learning trong việc dự đoán doanh số bán hàng,Xây dựng hệ thống quản lý tài nguyên con người trực tuyến,0,NONE
1828,Triển khai mô hình Machine Learning trong việc dự đoán doanh số bán hàng,Phát triển ứng dụng di động cho việc quản lý công việc nhóm,0,NONE
1829,Triển khai mô hình Machine Learning trong việc dự đoán doanh số bán hàng,Nghiên cứu và triển khai công nghệ dự đoán và phân loại dữ liệu,0,NONE
1830,Triển khai mô hình Machine Learning trong việc dự đoán doanh số bán hàng,Tối ưu hóa và phân tích thuật toán tối ưu trong quản lý dự án,0,NONE
1831,Triển khai mô hình Machine Learning trong việc dự đoán doanh số bán hàng,Xây dựng hệ thống quản lý vận hành nhà máy trực tuyến,0,NONE
1832,Triển khai mô hình Machine Learning trong việc dự đoán doanh số bán hàng,Phát triển ứng dụng di động cho việc học và rèn luyện kỹ năng,0,NONE
1833,Triển khai mô hình Machine Learning trong việc dự đoán doanh số bán hàng,Nghiên cứu và triển khai công nghệ trí tuệ nhân tạo trong lĩnh vực giáo dục,0,NONE
1834,Triển khai mô hình Machine Learning trong việc dự đoán doanh số bán hàng,Tối ưu hóa và cải thiện hiệu suất hệ thống quản lý lưu trữ dữ liệu,0,NONE
1835,Triển khai mô hình Machine Learning trong việc dự đoán doanh số bán hàng,Xây dựng hệ thống quản lý dự án phân tán và đa nền tảng,0,NONE
1836,Triển khai mô hình Machine Learning trong việc dự đoán doanh số bán hàng,Phát triển ứng dụng di động cho việc quản lý việc du lịch,0,NONE
1837,Triển khai mô hình Machine Learning trong việc dự đoán doanh số bán hàng,Nghiên cứu và triển khai công nghệ trí tuệ nhân tạo trong việc dự đoán thị trường tài chính,0,NONE
1838,Triển khai mô hình Machine Learning trong việc dự đoán doanh số bán hàng,Tối ưu hóa và phân tích thuật toán trong lĩnh vực trích xuất thông tin từ ảnh và video,0,NONE
1839,Triển khai mô hình Machine Learning trong việc dự đoán doanh số bán hàng,Xây dựng hệ thống quản lý tài nguyên nhân sự trực tuyến,0,NONE
1840,Triển khai mô hình Machine Learning trong việc dự đoán doanh số bán hàng,Phát triển ứng dụng di động cho việc quản lý sức khỏe và thể dục,0,NONE
1841,Triển khai mô hình Machine Learning trong việc dự đoán doanh số bán hàng,Nghiên cứu và triển khai công nghệ dự đoán và phân tích dữ liệu lớn,0,NONE
1842,Triển khai mô hình Machine Learning trong việc dự đoán doanh số bán hàng,Tối ưu hóa và cải thiện hiệu suất hệ thống truyền thông đa phương tiện,0,NONE
1843,Triển khai mô hình Machine Learning trong việc dự đoán doanh số bán hàng,Xây dựng hệ thống quản lý hoạt động bán lẻ trực tuyến,0,NONE
1844,Triển khai mô hình Machine Learning trong việc dự đoán doanh số bán hàng,Phát triển ứng dụng di động cho việc quản lý tài sản cá nhân,0,NONE
1845,Triển khai mô hình Machine Learning trong việc dự đoán doanh số bán hàng,Nghiên cứu và triển khai công nghệ trí tuệ nhân tạo trong việc tối ưu hóa quá trình sản xuất,0,NONE
1846,Triển khai mô hình Machine Learning trong việc dự đoán doanh số bán hàng,Tối ưu hóa và phân tích thuật toán Machine Learning trong việc dự đoán xu hướng thị trường,1,LOW
1847,Triển khai mô hình Machine Learning trong việc dự đoán doanh số bán hàng,Xây dựng hệ thống quản lý học tập và đào tạo trực tuyến,0,NONE
1848,Triển khai mô hình Machine Learning trong việc dự đoán doanh số bán hàng,Phát triển ứng dụng di động cho việc quản lý lịch trình cá nhân,0,NONE
1849,Triển khai mô hình Machine Learning trong việc dự đoán doanh số bán hàng,Nghiên cứu và triển khai công nghệ xử lý ngôn ngữ tự nhiên trong ứng dụng di động,0,NONE
1850,Triển khai mô hình Machine Learning trong việc dự đoán doanh số bán hàng,Tối ưu hóa và cải thiện hiệu suất hệ thống điều khiển tự động bằng Machine Learning,1,LOW
1851,Triển khai mô hình Machine Learning trong việc dự đoán doanh số bán hàng,Xây dựng hệ thống quản lý dự án trực tuyến dành cho ngành xây dựng,0,NONE
1852,Triển khai mô hình Machine Learning trong việc dự đoán doanh số bán hàng,Phát triển ứng dụng di động cho việc quản lý việc thực hiện dự án,0,NONE
1853,Triển khai mô hình Machine Learning trong việc dự đoán doanh số bán hàng,Nghiên cứu và triển khai công nghệ trích xuất thông tin từ các tài liệu kỹ thuật,0,NONE
1854,Triển khai mô hình Machine Learning trong việc dự đoán doanh số bán hàng,Tối ưu hóa và phân tích thuật toán tìm kiếm thông tin trong dữ liệu lớn,0,NONE
1855,Triển khai mô hình Machine Learning trong việc dự đoán doanh số bán hàng,Xây dựng hệ thống quản lý dự án phân tán và đa ngôn ngữ,0,NONE
1856,Triển khai mô hình Machine Learning trong việc dự đoán doanh số bán hàng,Phát triển ứng dụng di động cho việc quản lý công việc trong doanh nghiệp,0,NONE
1857,Triển khai mô hình Machine Learning trong việc dự đoán doanh số bán hàng,Nghiên cứu và triển khai công nghệ trí tuệ nhân tạo trong việc tự động hóa quy trình sản xuất,0,NONE
1858,Triển khai mô hình Machine Learning trong việc dự đoán doanh số bán hàng,Tối ưu hóa và cải thiện hiệu suất hệ thống truyền thông âm thanh/viễn thông,0,NONE
1859,Triển khai mô hình Machine Learning trong việc dự đoán doanh số bán hàng,Xây dựng hệ thống quản lý đối tác và khách hàng trực tuyến,0,NONE
1860,Triển khai mô hình Machine Learning trong việc dự đoán doanh số bán hàng,Phát triển ứng dụng di động cho việc quản lý tài chính cá nhân và đầu tư,0,NONE
1861,Triển khai mô hình Machine Learning trong việc dự đoán doanh số bán hàng,Nghiên cứu và triển khai công nghệ dự đoán và phân loại trong việc quản lý dữ liệu,0,NONE
1862,Triển khai mô hình Machine Learning trong việc dự đoán doanh số bán hàng,Tối ưu hóa và phân tích thuật toán Machine Learning trong việc dự đoán xu hướng người dùng,1,LOW
1863,Triển khai mô hình Machine Learning trong việc dự đoán doanh số bán hàng,Xây dựng hệ thống quản lý nhà trường và đào tạo trực tuyến,0,NONE
1864,Triển khai mô hình Machine Learning trong việc dự đoán doanh số bán hàng,Phát triển ứng dụng di động cho việc quản lý việc giải trí và giải trí,0,NONE
1865,Triển khai mô hình Machine Learning trong việc dự đoán doanh số bán hàng,Nghiên cứu và triển khai công nghệ trích xuất dữ liệu từ các tài liệu văn bản kỹ thuật,0,NONE
1866,Triển khai mô hình Machine Learning trong việc dự đoán doanh số bán hàng,Tối ưu hóa và cải thiện hiệu suất hệ thống truyền thông dữ liệu lớn,0,NONE
1867,Triển khai mô hình Machine Learning trong việc dự đoán doanh số bán hàng,Xây dựng hệ thống quản lý dự án phân tán và đa nền tảng dành cho doanh nghiệp,0,NONE
1868,Triển khai mô hình Machine Learning trong việc dự đoán doanh số bán hàng,Phát triển ứng dụng di động cho việc quản lý việc kinh doanh và doanh nghiệp,0,NONE
1869,Triển khai mô hình Machine Learning trong việc dự đoán doanh số bán hàng,Nghiên cứu và triển khai công nghệ trí tuệ nhân tạo trong việc cải thiện quá trình sản xuất,0,NONE
1870,Triển khai mô hình Machine Learning trong việc dự đoán doanh số bán hàng,Tối ưu hóa và phân tích thuật toán tìm kiếm thông tin trong ứng dụng di động,0,NONE
1871,Triển khai mô hình Machine Learning trong việc dự đoán doanh số bán hàng,Xây dựng hệ thống quản lý dự án phân tán và đa nền tảng dành cho ngành quảng cáo và marketing,0,NONE
1872,Triển khai mô hình Machine Learning trong việc dự đoán doanh số bán hàng,Phát triển ứng dụng di động cho việc quản lý việc kinh doanh và bán hàng,1,LOW
1873,Triển khai mô hình Machine Learning trong việc dự đoán doanh số bán hàng,Nghiên cứu và triển khai công nghệ xử lý ngôn ngữ tự nhiên trong ứng dụng web,0,NONE
1874,Triển khai mô hình Machine Learning trong việc dự đoán doanh số bán hàng,Tối ưu hóa và cải thiện hiệu suất hệ thống điều khiển tự động trong môi trường công nghiệp,0,NONE
1875,Triển khai mô hình Machine Learning trong việc dự đoán doanh số bán hàng,Xây dựng hệ thống quản lý tài chính và thu chi cá nhân trực tuyến,0,NONE
1876,Triển khai mô hình Machine Learning trong việc dự đoán doanh số bán hàng,Phát triển ứng dụng di động cho việc quản lý việc học tập và nghiên cứu,0,NONE
1877,Triển khai mô hình Machine Learning trong việc dự đoán doanh số bán hàng,Nghiên cứu và triển khai công nghệ trí tuệ nhân tạo trong việc tối ưu hóa dự đoán thị trường tài chính,0,NONE
1878,Triển khai mô hình Machine Learning trong việc dự đoán doanh số bán hàng,Tối ưu hóa và phân tích thuật toán Machine Learning trong việc dự đoán xu hướng kỹ thuật số,2,MEDIUM
1879,Triển khai mô hình Machine Learning trong việc dự đoán doanh số bán hàng,Xây dựng hệ thống quản lý sản xuất và lịch trình sản xuất trực tuyến,0,NONE
1880,Triển khai mô hình Machine Learning trong việc dự đoán doanh số bán hàng,Phát triển ứng dụng di động cho việc quản lý việc học và đào tạo,0,NONE
1881,Triển khai mô hình Machine Learning trong việc dự đoán doanh số bán hàng,Nghiên cứu và triển khai công nghệ trích xuất thông tin từ ảnh và video kỹ thuật số,0,NONE
1882,Triển khai mô hình Machine Learning trong việc dự đoán doanh số bán hàng,Tối ưu hóa và cải thiện hiệu suất hệ thống truyền thông trực tuyến,0,NONE
1883,Triển khai mô hình Machine Learning trong việc dự đoán doanh số bán hàng,Xây dựng hệ thống quản lý nhà trường và đào tạo dành cho sinh viên,0,NONE
1884,Triển khai mô hình Machine Learning trong việc dự đoán doanh số bán hàng,Phát triển ứng dụng di động cho việc quản lý công việc trong lĩnh vực giáo dục,0,NONE
1885,Triển khai mô hình Machine Learning trong việc dự đoán doanh số bán hàng,Nghiên cứu và triển khai công nghệ dự đoán và phân loại dữ liệu lớn,0,NONE
1886,Triển khai mô hình Machine Learning trong việc dự đoán doanh số bán hàng,Tối ưu hóa và phân tích thuật toán Machine Learning trong việc dự đoán xu hướng người dùng,1,LOW
1887,Triển khai mô hình Machine Learning trong việc dự đoán doanh số bán hàng,Xây dựng hệ thống quản lý học tập và đào tạo dành cho doanh nghiệp,0,NONE
1888,Triển khai mô hình Machine Learning trong việc dự đoán doanh số bán hàng,Phát triển ứng dụng di động cho việc quản lý sự kiện và tổ chức,0,NONE
1889,Triển khai mô hình Machine Learning trong việc dự đoán doanh số bán hàng,Nghiên cứu và triển khai công nghệ trích xuất dữ liệu từ các tài liệu kỹ thuật,0,NONE
1890,Triển khai mô hình Machine Learning trong việc dự đoán doanh số bán hàng,Tối ưu hóa và cải thiện hiệu suất hệ thống truyền thông mạng máy tính,0,NONE
1891,Triển khai mô hình Machine Learning trong việc dự đoán doanh số bán hàng,Xây dựng hệ thống quản lý dự án phân tán và đa nền tảng cho các dự án nghiên cứu khoa học,0,NONE
1892,Triển khai mô hình Machine Learning trong việc dự đoán doanh số bán hàng,Phát triển ứng dụng di động cho việc quản lý việc tham gia các hoạt động xã hội và tình nguyện,0,NONE
1893,Triển khai mô hình Machine Learning trong việc dự đoán doanh số bán hàng,Nghiên cứu và triển khai công nghệ trí tuệ nhân tạo trong việc tự động hóa quy trình sản xuất,0,NONE
1894,Triển khai mô hình Machine Learning trong việc dự đoán doanh số bán hàng,Tối ưu hóa và phân tích thuật toán tìm kiếm thông tin trong ứng dụng web,0,NONE
1895,Triển khai mô hình Machine Learning trong việc dự đoán doanh số bán hàng,Xây dựng hệ thống quản lý đối tác và khách hàng trực tuyến dành cho ngành dịch vụ,0,NONE
1896,Triển khai mô hình Machine Learning trong việc dự đoán doanh số bán hàng,Phát triển ứng dụng di động cho việc quản lý công việc trong doanh nghiệp,0,NONE
1897,Triển khai mô hình Machine Learning trong việc dự đoán doanh số bán hàng,Nghiên cứu và triển khai công nghệ trích xuất dữ liệu từ các tài liệu văn bản kỹ thuật,0,NONE
1898,Triển khai mô hình Machine Learning trong việc dự đoán doanh số bán hàng,Tối ưu hóa và cải thiện hiệu suất hệ thống truyền thông dữ liệu lớn,0,NONE
1899,Triển khai mô hình Machine Learning trong việc dự đoán doanh số bán hàng,Xây dựng hệ thống quản lý dự án phân tán và đa nền tảng dành cho ngành giáo dục,0,NONE
1900,Triển khai mô hình Machine Learning trong việc dự đoán doanh số bán hàng,Phát triển ứng dụng di động cho việc kinh doanh và doanh nghiệp,0,NONE
1901,Triển khai mô hình Machine Learning trong việc dự đoán doanh số bán hàng,Nghiên cứu và triển khai công nghệ xử lý ngôn ngữ tự nhiên trong ứng dụng di động,0,NONE
1902,Triển khai mô hình Machine Learning trong việc dự đoán doanh số bán hàng,Tối ưu hóa và cải thiện hiệu suất hệ thống điều khiển tự động trong môi trường công nghiệp,0,NONE
1903,Triển khai mô hình Machine Learning trong việc dự đoán doanh số bán hàng,Xây dựng hệ thống quản lý tài chính và thu chi cá nhân trực tuyến,0,NONE
1904,Triển khai mô hình Machine Learning trong việc dự đoán doanh số bán hàng,Phát triển ứng dụng di động cho việc học tập và nghiên cứu,0,NONE
1905,Triển khai mô hình Machine Learning trong việc dự đoán doanh số bán hàng,Nghiên cứu và triển khai công nghệ trí tuệ nhân tạo trong việc cải thiện quá trình sản xuất,0,NONE
1906,Triển khai mô hình Machine Learning trong việc dự đoán doanh số bán hàng,Tối ưu hóa và phân tích thuật toán tìm kiếm thông tin trong ứng dụng di động,0,NONE
1907,Triển khai mô hình Machine Learning trong việc dự đoán doanh số bán hàng,Xây dựng hệ thống quản lý dự án phân tán và đa nền tảng dành cho ngành quảng cáo và marketing,0,NONE
1908,Triển khai mô hình Machine Learning trong việc dự đoán doanh số bán hàng,Phát triển ứng dụng di động cho việc kinh doanh và bán hàng,1,LOW
1909,Triển khai mô hình Machine Learning trong việc dự đoán doanh số bán hàng,Nghiên cứu và triển khai công nghệ trích xuất thông tin từ ảnh và video kỹ thuật số,0,NONE
1910,Triển khai mô hình Machine Learning trong việc dự đoán doanh số bán hàng,Tối ưu hóa và cải thiện hiệu suất hệ thống truyền thông trực tuyến,0,NONE
1911,Triển khai mô hình Machine Learning trong việc dự đoán doanh số bán hàng,Xây dựng hệ thống quản lý nhà trường và đào tạo dành cho sinh viên,0,NONE
1912,Triển khai mô hình Machine Learning trong việc dự đoán doanh số bán hàng,Phát triển ứng dụng di động cho việc quản lý công việc trong lĩnh vực giáo dục,0,NONE
1913,Triển khai mô hình Machine Learning trong việc dự đoán doanh số bán hàng,Nghiên cứu và triển khai công nghệ dự đoán và phân loại dữ liệu lớn,0,NONE
1914,Triển khai mô hình Machine Learning trong việc dự đoán doanh số bán hàng,Tối ưu hóa và phân tích thuật toán Machine Learning trong việc dự đoán xu hướng người dùng,1,LOW
1915,Triển khai mô hình Machine Learning trong việc dự đoán doanh số bán hàng,Xây dựng hệ thống quản lý học tập và đào tạo dành cho doanh nghiệp,0,NONE
1916,Triển khai mô hình Machine Learning trong việc dự đoán doanh số bán hàng,Phát triển ứng dụng di động cho việc quản lý sự kiện và tổ chức,0,NONE
1917,Triển khai mô hình Machine Learning trong việc dự đoán doanh số bán hàng,Nghiên cứu và triển khai công nghệ trích xuất dữ liệu từ các tài liệu kỹ thuật,0,NONE
1918,Triển khai mô hình Machine Learning trong việc dự đoán doanh số bán hàng,Tối ưu hóa và cải thiện hiệu suất hệ thống truyền thông mạng máy tính,0,NONE
1919,Triển khai mô hình Machine Learning trong việc dự đoán doanh số bán hàng,Xây dựng hệ thống quản lý dự án phân tán và đa nền tảng cho các dự án nghiên cứu khoa học,0,NONE
1920,Triển khai mô hình Machine Learning trong việc dự đoán doanh số bán hàng,Phát triển ứng dụng di động cho việc quản lý việc tham gia các hoạt động xã hội và tình nguyện,0,NONE
1921,Triển khai mô hình Machine Learning trong việc dự đoán doanh số bán hàng,Nghiên cứu và triển khai công nghệ trí tuệ nhân tạo trong việc tự động hóa quy trình sản xuất,0,NONE
1922,Triển khai mô hình Machine Learning trong việc dự đoán doanh số bán hàng,Tối ưu hóa và phân tích thuật toán tìm kiếm thông tin trong ứng dụng web,0,NONE
1923,Triển khai mô hình Machine Learning trong việc dự đoán doanh số bán hàng,Xây dựng hệ thống quản lý đối tác và khách hàng trực tuyến dành cho ngành dịch vụ,0,NONE
1924,Triển khai mô hình Machine Learning trong việc dự đoán doanh số bán hàng,Phát triển ứng dụng di động cho việc quản lý công việc trong doanh nghiệp,0,NONE
1925,Triển khai mô hình Machine Learning trong việc dự đoán doanh số bán hàng,Nghiên cứu và triển khai công nghệ trích xuất dữ liệu từ các tài liệu văn bản kỹ thuật,0,NONE
1926,Triển khai mô hình Machine Learning trong việc dự đoán doanh số bán hàng,Tối ưu hóa và cải thiện hiệu suất hệ thống truyền thông dữ liệu lớn,0,NONE
1927,Triển khai mô hình Machine Learning trong việc dự đoán doanh số bán hàng,Xây dựng hệ thống quản lý dự án phân tán và đa nền tảng dành cho ngành giáo dục,0,NONE
1928,Triển khai mô hình Machine Learning trong việc dự đoán doanh số bán hàng,Phát triển ứng dụng di động cho việc quản lý việc kinh doanh và doanh nghiệp,0,NONE
1929,Triển khai mô hình Machine Learning trong việc dự đoán doanh số bán hàng,Nghiên cứu và triển khai công nghệ xử lý ngôn ngữ tự nhiên trong ứng dụng di động,0,NONE
1930,Triển khai mô hình Machine Learning trong việc dự đoán doanh số bán hàng,Tối ưu hóa và cải thiện hiệu suất hệ thống điều khiển tự động trong môi trường công nghiệp,0,NONE
1931,Triển khai mô hình Machine Learning trong việc dự đoán doanh số bán hàng,Xây dựng hệ thống quản lý tài chính và thu chi cá nhân trực tuyến,0,NONE
1932,Triển khai mô hình Machine Learning trong việc dự đoán doanh số bán hàng,Phát triển ứng dụng di động cho việc quản lý việc học tập và nghiên cứu,0,NONE
1933,Triển khai mô hình Machine Learning trong việc dự đoán doanh số bán hàng,Nghiên cứu và triển khai công nghệ trí tuệ nhân tạo trong việc cải thiện quá trình sản xuất,0,NONE
1934,Triển khai mô hình Machine Learning trong việc dự đoán doanh số bán hàng,Tối ưu hóa và phân tích thuật toán tìm kiếm thông tin trong ứng dụng di động,0,NONE
1935,Triển khai mô hình Machine Learning trong việc dự đoán doanh số bán hàng,Xây dựng hệ thống quản lý dự án phân tán và đa nền tảng dành cho ngành quảng cáo và marketing,0,NONE
1936,Triển khai mô hình Machine Learning trong việc dự đoán doanh số bán hàng,Phát triển ứng dụng di động cho việc quản lý việc kinh doanh và bán hàng,1,LOW
1937,Triển khai mô hình Machine Learning trong việc dự đoán doanh số bán hàng,Nghiên cứu và triển khai công nghệ trích xuất thông tin từ ảnh và video kỹ thuật số,0,NONE
1938,Triển khai mô hình Machine Learning trong việc dự đoán doanh số bán hàng,Tối ưu hóa và cải thiện hiệu suất hệ thống truyền thông trực tuyến,0,NONE
1939,Triển khai mô hình Machine Learning trong việc dự đoán doanh số bán hàng,Xây dựng hệ thống quản lý nhà trường và đào tạo dành cho sinh viên,0,NONE
1940,Triển khai mô hình Machine Learning trong việc dự đoán doanh số bán hàng,Phát triển ứng dụng di động cho việc quản lý công việc trong lĩnh vực giáo dục,0,NONE
1941,Triển khai mô hình Machine Learning trong việc dự đoán doanh số bán hàng,Nghiên cứu và triển khai công nghệ dự đoán và phân loại dữ liệu lớn,0,NONE
1942,Triển khai mô hình Machine Learning trong việc dự đoán doanh số bán hàng,Tối ưu hóa và phân tích thuật toán Machine Learning trong việc dự đoán xu hướng người dùng,1,LOW
1943,Triển khai mô hình Machine Learning trong việc dự đoán doanh số bán hàng,Xây dựng hệ thống quản lý học tập và đào tạo dành cho doanh nghiệp,0,NONE
1944,Triển khai mô hình Machine Learning trong việc dự đoán doanh số bán hàng,Phát triển ứng dụng di động cho việc quản lý sự kiện và tổ chức,0,NONE
1945,Triển khai mô hình Machine Learning trong việc dự đoán doanh số bán hàng,Nghiên cứu và triển khai công nghệ trích xuất dữ liệu từ các tài liệu kỹ thuật,0,NONE
1946,Phân tích và phát triển ứng dụng chatbot trên nền tảng trí tuệ nhân tạo,Xây dựng hệ thống quản lý dự án trực tuyến,0,NONE
1947,Phân tích và phát triển ứng dụng chatbot trên nền tảng trí tuệ nhân tạo,Đánh giá hiệu năng của các kiến trúc máy tính đám mây,0,NONE
1948,Phân tích và phát triển ứng dụng chatbot trên nền tảng trí tuệ nhân tạo,Tích hợp công nghệ Blockchain trong ứng dụng giao dịch tài chính,0,NONE
1949,Phân tích và phát triển ứng dụng chatbot trên nền tảng trí tuệ nhân tạo,Phân tích và đánh giá các nguy cơ an ninh trong ứng dụng di động,0,NONE
1950,Phân tích và phát triển ứng dụng chatbot trên nền tảng trí tuệ nhân tạo,Xây dựng ứng dụng e-commerce với tích hợp thanh toán trực tuyến,0,NONE
1951,Phân tích và phát triển ứng dụng chatbot trên nền tảng trí tuệ nhân tạo,Phát triển ứng dụng trợ lý ảo cho việc lập kế hoạch cá nhân,0,NONE
1952,Phân tích và phát triển ứng dụng chatbot trên nền tảng trí tuệ nhân tạo,Xây dựng hệ thống quản lý nhân sự và lương bằng CNTT,0,NONE
1953,Phân tích và phát triển ứng dụng chatbot trên nền tảng trí tuệ nhân tạo,Nghiên cứu và phát triển giải pháp an ninh mạng,0,NONE
1954,Phân tích và phát triển ứng dụng chatbot trên nền tảng trí tuệ nhân tạo,Tối ưu hóa cơ sở dữ liệu NoSQL cho ứng dụng web,0,NONE
1955,Phân tích và phát triển ứng dụng chatbot trên nền tảng trí tuệ nhân tạo,Phân tích và cải thiện hiệu suất của ứng dụng trên nền tảng di động,1,LOW
1956,Phân tích và phát triển ứng dụng chatbot trên nền tảng trí tuệ nhân tạo,Xây dựng ứng dụng học ngoại ngữ trực tuyến,0,NONE
1957,Phân tích và phát triển ứng dụng chatbot trên nền tảng trí tuệ nhân tạo,Phân tích và phát triển hệ thống nhận dạng khuôn mặt,0,NONE
1958,Phân tích và phát triển ứng dụng chatbot trên nền tảng trí tuệ nhân tạo,Xây dựng hệ thống quản lý khách hàng (CRM) đa nền tảng,0,NONE
1959,Phân tích và phát triển ứng dụng chatbot trên nền tảng trí tuệ nhân tạo,Nghiên cứu và triển khai công nghệ 5G,0,NONE
1960,Phân tích và phát triển ứng dụng chatbot trên nền tảng trí tuệ nhân tạo,Xây dựng hệ thống thông tin địa lý (GIS) cho bản đồ trực tuyến,0,NONE
1961,Phân tích và phát triển ứng dụng chatbot trên nền tảng trí tuệ nhân tạo,Phân tích và tối ưu hóa cấu trúc dữ liệu của ứng dụng,0,NONE
1962,Phân tích và phát triển ứng dụng chatbot trên nền tảng trí tuệ nhân tạo,Phát triển ứng dụng hỗ trợ việc học trực tuyến,0,NONE
1963,Phân tích và phát triển ứng dụng chatbot trên nền tảng trí tuệ nhân tạo,Nghiên cứu và triển khai công nghệ truyền dẫn âm thanh/viễn thông,0,NONE
1964,Phân tích và phát triển ứng dụng chatbot trên nền tảng trí tuệ nhân tạo,Xây dựng ứng dụng hỗ trợ việc tạo và quản lý lịch trình,0,NONE
1965,Phân tích và phát triển ứng dụng chatbot trên nền tảng trí tuệ nhân tạo,Nghiên cứu và triển khai hệ thống giám sát môi trường sử dụng Công nghệ Internet of Things (IoT),0,NONE
1966,Phân tích và phát triển ứng dụng chatbot trên nền tảng trí tuệ nhân tạo,Phát triển ứng dụng di động cho việc quản lý công việc cá nhân,0,NONE
1967,Phân tích và phát triển ứng dụng chatbot trên nền tảng trí tuệ nhân tạo,Nghiên cứu và triển khai công nghệ trí tuệ nhân tạo trong ứng dụng y tế,1,LOW
1968,Phân tích và phát triển ứng dụng chatbot trên nền tảng trí tuệ nhân tạo,Xây dựng hệ thống quản lý tài liệu trực tuyến,0,NONE
1969,Phân tích và phát triển ứng dụng chatbot trên nền tảng trí tuệ nhân tạo,Phân tích và phát triển hệ thống gợi ý sản phẩm cho các trang thương mại điện tử,0,NONE
1970,Phân tích và phát triển ứng dụng chatbot trên nền tảng trí tuệ nhân tạo,Triển khai hệ thống giám sát mạng máy tính,0,NONE
1971,Phân tích và phát triển ứng dụng chatbot trên nền tảng trí tuệ nhân tạo,Xây dựng ứng dụng trò chơi trên nền tảng di động,1,LOW
1972,Phân tích và phát triển ứng dụng chatbot trên nền tảng trí tuệ nhân tạo,Nghiên cứu và triển khai công nghệ Blockchain trong lĩnh vực tài chính,0,NONE
1973,Phân tích và phát triển ứng dụng chatbot trên nền tảng trí tuệ nhân tạo,Tối ưu hóa và cải thiện hiệu suất cơ sở dữ liệu SQL,0,NONE
1974,Phân tích và phát triển ứng dụng chatbot trên nền tảng trí tuệ nhân tạo,Phát triển ứng dụng quản lý học tập trực tuyến,0,NONE
1975,Phân tích và phát triển ứng dụng chatbot trên nền tảng trí tuệ nhân tạo,Nghiên cứu về bảo mật và đánh giá rủi ro của ứng dụng web,0,NONE
1976,Phân tích và phát triển ứng dụng chatbot trên nền tảng trí tuệ nhân tạo,Phát triển hệ thống dự đoán thời tiết thông qua dữ liệu lớn,0,NONE
1977,Phân tích và phát triển ứng dụng chatbot trên nền tảng trí tuệ nhân tạo,Xây dựng hệ thống điều khiển các thiết bị thông qua ứng dụng di động,0,NONE
1978,Phân tích và phát triển ứng dụng chatbot trên nền tảng trí tuệ nhân tạo,Phân tích và phát triển hệ thống chấm công nhân viên tự động,1,LOW
1979,Phân tích và phát triển ứng dụng chatbot trên nền tảng trí tuệ nhân tạo,Tối ưu hóa và phân tích độ phức tạp của thuật toán,0,NONE
1980,Phân tích và phát triển ứng dụng chatbot trên nền tảng trí tuệ nhân tạo,Nghiên cứu và triển khai ứng dụng trợ lý ảo dựa trên trí tuệ nhân tạo,1,LOW
1981,Phân tích và phát triển ứng dụng chatbot trên nền tảng trí tuệ nhân tạo,Xây dựng hệ thống quản lý nhà hàng và đặt hàng trực tuyến,0,NONE
1982,Phân tích và phát triển ứng dụng chatbot trên nền tảng trí tuệ nhân tạo,Phát triển ứng dụng giao tiếp qua giọng nói,0,NONE
1983,Phân tích và phát triển ứng dụng chatbot trên nền tảng trí tuệ nhân tạo,Nghiên cứu về công nghệ ảo hóa và triển khai máy ảo,0,NONE
1984,Phân tích và phát triển ứng dụng chatbot trên nền tảng trí tuệ nhân tạo,Phát triển ứng dụng di động cho việc quản lý tài chính cá nhân,0,NONE
1985,Phân tích và phát triển ứng dụng chatbot trên nền tảng trí tuệ nhân tạo,Tối ưu hóa và nâng cấp cơ sở dữ liệu NoSQL,0,NONE
1986,Phân tích và phát triển ứng dụng chatbot trên nền tảng trí tuệ nhân tạo,Nghiên cứu và triển khai công nghệ mạng 5G,0,NONE
1987,Phân tích và phát triển ứng dụng chatbot trên nền tảng trí tuệ nhân tạo,Xây dựng hệ thống đánh giá hiệu suất nhân viên dựa trên dữ liệu,0,NONE
1988,Phân tích và phát triển ứng dụng chatbot trên nền tảng trí tuệ nhân tạo,Phát triển ứng dụng di động giúp người dùng tìm kiếm địa điểm du lịch,0,NONE
1989,Phân tích và phát triển ứng dụng chatbot trên nền tảng trí tuệ nhân tạo,Nghiên cứu về công nghệ truyền thông âm thanh và hình ảnh,0,NONE
1990,Phân tích và phát triển ứng dụng chatbot trên nền tảng trí tuệ nhân tạo,Xây dựng hệ thống quản lý sự kiện trực tuyến,0,NONE
1991,Phân tích và phát triển ứng dụng chatbot trên nền tảng trí tuệ nhân tạo,Phát triển ứng dụng di động dành cho việc học ngoại ngữ,0,NONE
1992,Phân tích và phát triển ứng dụng chatbot trên nền tảng trí tuệ nhân tạo,Tối ưu hóa và phân tích thuật toán Machine Learning,0,NONE
1993,Phân tích và phát triển ứng dụng chatbot trên nền tảng trí tuệ nhân tạo,Nghiên cứu về công nghệ Internet of Things (IoT) trong việc quản lý năng lượng,0,NONE
1994,Phân tích và phát triển ứng dụng chatbot trên nền tảng trí tuệ nhân tạo,Phát triển hệ thống giao dịch và thanh toán trực tuyến,0,NONE
1995,Phân tích và phát triển ứng dụng chatbot trên nền tảng trí tuệ nhân tạo,Nghiên cứu và triển khai công nghệ trích xuất thông tin từ văn bản tự động,0,NONE
1996,Phân tích và phát triển ứng dụng chatbot trên nền tảng trí tuệ nhân tạo,Xây dựng hệ thống quản lý kho hàng trực tuyến,0,NONE
1997,Phân tích và phát triển ứng dụng chatbot trên nền tảng trí tuệ nhân tạo,Phát triển ứng dụng di động cho việc chăm sóc sức khỏe,0,NONE
1998,Phân tích và phát triển ứng dụng chatbot trên nền tảng trí tuệ nhân tạo,Nghiên cứu và triển khai công nghệ trích xuất dữ liệu từ hình ảnh và video,0,NONE
1999,Phân tích và phát triển ứng dụng chatbot trên nền tảng trí tuệ nhân tạo,Tối ưu hóa và nâng cao hiệu suất hệ thống điều khiển tự động,0,NONE
2000,Phân tích và phát triển ứng dụng chatbot trên nền tảng trí tuệ nhân tạo,Xây dựng hệ thống quản lý dự án trực tuyến,0,NONE
2001,Phân tích và phát triển ứng dụng chatbot trên nền tảng trí tuệ nhân tạo,Phát triển ứng dụng di động cho việc quản lý thời gian làm việc,0,NONE
2002,Phân tích và phát triển ứng dụng chatbot trên nền tảng trí tuệ nhân tạo,Nghiên cứu về công nghệ trích xuất dữ liệu từ âm thanh và giọng nói,0,NONE
2003,Phân tích và phát triển ứng dụng chatbot trên nền tảng trí tuệ nhân tạo,Tối ưu hóa và phân tích thuật toán tìm kiếm trực tuyến,0,NONE
2004,Phân tích và phát triển ứng dụng chatbot trên nền tảng trí tuệ nhân tạo,Xây dựng hệ thống quản lý điểm danh và chấm công trực tuyến,0,NONE
2005,Phân tích và phát triển ứng dụng chatbot trên nền tảng trí tuệ nhân tạo,Phát triển ứng dụng di động cho việc tìm kiếm nhà ở,0,NONE
2006,Phân tích và phát triển ứng dụng chatbot trên nền tảng trí tuệ nhân tạo,Nghiên cứu và triển khai công nghệ xử lý ngôn ngữ tự nhiên,0,NONE
2007,Phân tích và phát triển ứng dụng chatbot trên nền tảng trí tuệ nhân tạo,Tối ưu hóa và cải thiện hiệu suất hệ thống điều khiển đồng thời,0,NONE
2008,Phân tích và phát triển ứng dụng chatbot trên nền tảng trí tuệ nhân tạo,Xây dựng hệ thống quản lý đào tạo và đánh giá nhân viên,0,NONE
2009,Phân tích và phát triển ứng dụng chatbot trên nền tảng trí tuệ nhân tạo,Phát triển ứng dụng di động cho việc quản lý chi tiêu,0,NONE
2010,Phân tích và phát triển ứng dụng chatbot trên nền tảng trí tuệ nhân tạo,Nghiên cứu và triển khai công nghệ trí tuệ nhân tạo trong ứng dụng thương mại điện tử,0,NONE
2011,Phân tích và phát triển ứng dụng chatbot trên nền tảng trí tuệ nhân tạo,Tối ưu hóa và phân tích thuật toán Machine Learning sử dụng dữ liệu lớn,0,NONE
2012,Phân tích và phát triển ứng dụng chatbot trên nền tảng trí tuệ nhân tạo,Xây dựng hệ thống quản lý chất lượng dịch vụ trực tuyến,0,NONE
2013,Phân tích và phát triển ứng dụng chatbot trên nền tảng trí tuệ nhân tạo,Phát triển ứng dụng di động cho việc quản lý việc mua sắm,0,NONE
2014,Phân tích và phát triển ứng dụng chatbot trên nền tảng trí tuệ nhân tạo,Nghiên cứu và triển khai công nghệ trích xuất dữ liệu từ các tài liệu văn bản,0,NONE
2015,Phân tích và phát triển ứng dụng chatbot trên nền tảng trí tuệ nhân tạo,Tối ưu hóa và cải thiện hiệu suất hệ thống điều khiển thiết bị IoT,0,NONE
2016,Phân tích và phát triển ứng dụng chatbot trên nền tảng trí tuệ nhân tạo,Xây dựng hệ thống quản lý tài nguyên con người trực tuyến,0,NONE
2017,Phân tích và phát triển ứng dụng chatbot trên nền tảng trí tuệ nhân tạo,Phát triển ứng dụng di động cho việc quản lý công việc nhóm,0,NONE
2018,Phân tích và phát triển ứng dụng chatbot trên nền tảng trí tuệ nhân tạo,Nghiên cứu và triển khai công nghệ dự đoán và phân loại dữ liệu,0,NONE
2019,Phân tích và phát triển ứng dụng chatbot trên nền tảng trí tuệ nhân tạo,Tối ưu hóa và phân tích thuật toán tối ưu trong quản lý dự án,0,NONE
2020,Phân tích và phát triển ứng dụng chatbot trên nền tảng trí tuệ nhân tạo,Xây dựng hệ thống quản lý vận hành nhà máy trực tuyến,0,NONE
2021,Phân tích và phát triển ứng dụng chatbot trên nền tảng trí tuệ nhân tạo,Phát triển ứng dụng di động cho việc học và rèn luyện kỹ năng,0,NONE
2022,Phân tích và phát triển ứng dụng chatbot trên nền tảng trí tuệ nhân tạo,Nghiên cứu và triển khai công nghệ trí tuệ nhân tạo trong lĩnh vực giáo dục,0,NONE
2023,Phân tích và phát triển ứng dụng chatbot trên nền tảng trí tuệ nhân tạo,Tối ưu hóa và cải thiện hiệu suất hệ thống quản lý lưu trữ dữ liệu,0,NONE
2024,Phân tích và phát triển ứng dụng chatbot trên nền tảng trí tuệ nhân tạo,Xây dựng hệ thống quản lý dự án phân tán và đa nền tảng,1,LOW
2025,Phân tích và phát triển ứng dụng chatbot trên nền tảng trí tuệ nhân tạo,Phát triển ứng dụng di động cho việc quản lý việc du lịch,0,NONE
2026,Phân tích và phát triển ứng dụng chatbot trên nền tảng trí tuệ nhân tạo,Nghiên cứu và triển khai công nghệ trí tuệ nhân tạo trong việc dự đoán thị trường tài chính,0,NONE
2027,Phân tích và phát triển ứng dụng chatbot trên nền tảng trí tuệ nhân tạo,Tối ưu hóa và phân tích thuật toán trong lĩnh vực trích xuất thông tin từ ảnh và video,0,NONE
2028,Phân tích và phát triển ứng dụng chatbot trên nền tảng trí tuệ nhân tạo,Xây dựng hệ thống quản lý tài nguyên nhân sự trực tuyến,0,NONE
2029,Phân tích và phát triển ứng dụng chatbot trên nền tảng trí tuệ nhân tạo,Phát triển ứng dụng di động cho việc quản lý sức khỏe và thể dục,0,NONE
2030,Phân tích và phát triển ứng dụng chatbot trên nền tảng trí tuệ nhân tạo,Nghiên cứu và triển khai công nghệ dự đoán và phân tích dữ liệu lớn,0,NONE
2031,Phân tích và phát triển ứng dụng chatbot trên nền tảng trí tuệ nhân tạo,Tối ưu hóa và cải thiện hiệu suất hệ thống truyền thông đa phương tiện,0,NONE
2032,Phân tích và phát triển ứng dụng chatbot trên nền tảng trí tuệ nhân tạo,Xây dựng hệ thống quản lý hoạt động bán lẻ trực tuyến,0,NONE
2033,Phân tích và phát triển ứng dụng chatbot trên nền tảng trí tuệ nhân tạo,Phát triển ứng dụng di động cho việc quản lý tài sản cá nhân,0,NONE
2034,Phân tích và phát triển ứng dụng chatbot trên nền tảng trí tuệ nhân tạo,Nghiên cứu và triển khai công nghệ trí tuệ nhân tạo trong việc tối ưu hóa quá trình sản xuất,0,NONE
2035,Phân tích và phát triển ứng dụng chatbot trên nền tảng trí tuệ nhân tạo,Tối ưu hóa và phân tích thuật toán Machine Learning trong việc dự đoán xu hướng thị trường,0,NONE
2036,Phân tích và phát triển ứng dụng chatbot trên nền tảng trí tuệ nhân tạo,Xây dựng hệ thống quản lý học tập và đào tạo trực tuyến,0,NONE
2037,Phân tích và phát triển ứng dụng chatbot trên nền tảng trí tuệ nhân tạo,Phát triển ứng dụng di động cho việc quản lý lịch trình cá nhân,0,NONE
2038,Phân tích và phát triển ứng dụng chatbot trên nền tảng trí tuệ nhân tạo,Nghiên cứu và triển khai công nghệ xử lý ngôn ngữ tự nhiên trong ứng dụng di động,0,NONE
2039,Phân tích và phát triển ứng dụng chatbot trên nền tảng trí tuệ nhân tạo,Tối ưu hóa và cải thiện hiệu suất hệ thống điều khiển tự động bằng Machine Learning,0,NONE
2040,Phân tích và phát triển ứng dụng chatbot trên nền tảng trí tuệ nhân tạo,Xây dựng hệ thống quản lý dự án trực tuyến dành cho ngành xây dựng,0,NONE
2041,Phân tích và phát triển ứng dụng chatbot trên nền tảng trí tuệ nhân tạo,Phát triển ứng dụng di động cho việc quản lý việc thực hiện dự án,0,NONE
2042,Phân tích và phát triển ứng dụng chatbot trên nền tảng trí tuệ nhân tạo,Nghiên cứu và triển khai công nghệ trích xuất thông tin từ các tài liệu kỹ thuật,0,NONE
2043,Phân tích và phát triển ứng dụng chatbot trên nền tảng trí tuệ nhân tạo,Tối ưu hóa và phân tích thuật toán tìm kiếm thông tin trong dữ liệu lớn,0,NONE
2044,Phân tích và phát triển ứng dụng chatbot trên nền tảng trí tuệ nhân tạo,Xây dựng hệ thống quản lý dự án phân tán và đa ngôn ngữ,0,NONE
2045,Phân tích và phát triển ứng dụng chatbot trên nền tảng trí tuệ nhân tạo,Phát triển ứng dụng di động cho việc quản lý công việc trong doanh nghiệp,0,NONE
2046,Phân tích và phát triển ứng dụng chatbot trên nền tảng trí tuệ nhân tạo,Nghiên cứu và triển khai công nghệ trí tuệ nhân tạo trong việc tự động hóa quy trình sản xuất,0,NONE
2047,Phân tích và phát triển ứng dụng chatbot trên nền tảng trí tuệ nhân tạo,Tối ưu hóa và cải thiện hiệu suất hệ thống truyền thông âm thanh/viễn thông,0,NONE
2048,Phân tích và phát triển ứng dụng chatbot trên nền tảng trí tuệ nhân tạo,Xây dựng hệ thống quản lý đối tác và khách hàng trực tuyến,0,NONE
2049,Phân tích và phát triển ứng dụng chatbot trên nền tảng trí tuệ nhân tạo,Phát triển ứng dụng di động cho việc quản lý tài chính cá nhân và đầu tư,0,NONE
2050,Phân tích và phát triển ứng dụng chatbot trên nền tảng trí tuệ nhân tạo,Nghiên cứu và triển khai công nghệ dự đoán và phân loại trong việc quản lý dữ liệu,0,NONE
2051,Phân tích và phát triển ứng dụng chatbot trên nền tảng trí tuệ nhân tạo,Tối ưu hóa và phân tích thuật toán Machine Learning trong việc dự đoán xu hướng người dùng,0,NONE
2052,Phân tích và phát triển ứng dụng chatbot trên nền tảng trí tuệ nhân tạo,Xây dựng hệ thống quản lý nhà trường và đào tạo trực tuyến,0,NONE
2053,Phân tích và phát triển ứng dụng chatbot trên nền tảng trí tuệ nhân tạo,Phát triển ứng dụng di động cho việc quản lý việc giải trí và giải trí,0,NONE
2054,Phân tích và phát triển ứng dụng chatbot trên nền tảng trí tuệ nhân tạo,Nghiên cứu và triển khai công nghệ trích xuất dữ liệu từ các tài liệu văn bản kỹ thuật,0,NONE
2055,Phân tích và phát triển ứng dụng chatbot trên nền tảng trí tuệ nhân tạo,Tối ưu hóa và cải thiện hiệu suất hệ thống truyền thông dữ liệu lớn,0,NONE
2056,Phân tích và phát triển ứng dụng chatbot trên nền tảng trí tuệ nhân tạo,Xây dựng hệ thống quản lý dự án phân tán và đa nền tảng dành cho doanh nghiệp,0,NONE
2057,Phân tích và phát triển ứng dụng chatbot trên nền tảng trí tuệ nhân tạo,Phát triển ứng dụng di động cho việc quản lý việc kinh doanh và doanh nghiệp,0,NONE
2058,Phân tích và phát triển ứng dụng chatbot trên nền tảng trí tuệ nhân tạo,Nghiên cứu và triển khai công nghệ trí tuệ nhân tạo trong việc cải thiện quá trình sản xuất,0,NONE
2059,Phân tích và phát triển ứng dụng chatbot trên nền tảng trí tuệ nhân tạo,Tối ưu hóa và phân tích thuật toán tìm kiếm thông tin trong ứng dụng di động,0,NONE
2060,Phân tích và phát triển ứng dụng chatbot trên nền tảng trí tuệ nhân tạo,Xây dựng hệ thống quản lý dự án phân tán và đa nền tảng dành cho ngành quảng cáo và marketing,0,NONE
2061,Phân tích và phát triển ứng dụng chatbot trên nền tảng trí tuệ nhân tạo,Phát triển ứng dụng di động cho việc quản lý việc kinh doanh và bán hàng,0,NONE
2062,Phân tích và phát triển ứng dụng chatbot trên nền tảng trí tuệ nhân tạo,Nghiên cứu và triển khai công nghệ xử lý ngôn ngữ tự nhiên trong ứng dụng web,0,NONE
2063,Phân tích và phát triển ứng dụng chatbot trên nền tảng trí tuệ nhân tạo,Tối ưu hóa và cải thiện hiệu suất hệ thống điều khiển tự động trong môi trường công nghiệp,0,NONE
2064,Phân tích và phát triển ứng dụng chatbot trên nền tảng trí tuệ nhân tạo,Xây dựng hệ thống quản lý tài chính và thu chi cá nhân trực tuyến,0,NONE
2065,Phân tích và phát triển ứng dụng chatbot trên nền tảng trí tuệ nhân tạo,Phát triển ứng dụng di động cho việc quản lý việc học tập và nghiên cứu,0,NONE
2066,Phân tích và phát triển ứng dụng chatbot trên nền tảng trí tuệ nhân tạo,Nghiên cứu và triển khai công nghệ trí tuệ nhân tạo trong việc tối ưu hóa dự đoán thị trường tài chính,0,NONE
2067,Phân tích và phát triển ứng dụng chatbot trên nền tảng trí tuệ nhân tạo,Tối ưu hóa và phân tích thuật toán Machine Learning trong việc dự đoán xu hướng kỹ thuật số,0,NONE
2068,Phân tích và phát triển ứng dụng chatbot trên nền tảng trí tuệ nhân tạo,Xây dựng hệ thống quản lý sản xuất và lịch trình sản xuất trực tuyến,0,NONE
2069,Phân tích và phát triển ứng dụng chatbot trên nền tảng trí tuệ nhân tạo,Phát triển ứng dụng di động cho việc quản lý việc học và đào tạo,0,NONE
2070,Phân tích và phát triển ứng dụng chatbot trên nền tảng trí tuệ nhân tạo,Nghiên cứu và triển khai công nghệ trích xuất thông tin từ ảnh và video kỹ thuật số,0,NONE
2071,Phân tích và phát triển ứng dụng chatbot trên nền tảng trí tuệ nhân tạo,Tối ưu hóa và cải thiện hiệu suất hệ thống truyền thông trực tuyến,0,NONE
2072,Phân tích và phát triển ứng dụng chatbot trên nền tảng trí tuệ nhân tạo,Xây dựng hệ thống quản lý nhà trường và đào tạo dành cho sinh viên,0,NONE
2073,Phân tích và phát triển ứng dụng chatbot trên nền tảng trí tuệ nhân tạo,Phát triển ứng dụng di động cho việc quản lý công việc trong lĩnh vực giáo dục,0,NONE
2074,Phân tích và phát triển ứng dụng chatbot trên nền tảng trí tuệ nhân tạo,Nghiên cứu và triển khai công nghệ dự đoán và phân loại dữ liệu lớn,0,NONE
2075,Phân tích và phát triển ứng dụng chatbot trên nền tảng trí tuệ nhân tạo,Tối ưu hóa và phân tích thuật toán Machine Learning trong việc dự đoán xu hướng người dùng,0,NONE
2076,Phân tích và phát triển ứng dụng chatbot trên nền tảng trí tuệ nhân tạo,Xây dựng hệ thống quản lý học tập và đào tạo dành cho doanh nghiệp,0,NONE
2077,Phân tích và phát triển ứng dụng chatbot trên nền tảng trí tuệ nhân tạo,Phát triển ứng dụng di động cho việc quản lý sự kiện và tổ chức,0,NONE
2078,Phân tích và phát triển ứng dụng chatbot trên nền tảng trí tuệ nhân tạo,Nghiên cứu và triển khai công nghệ trích xuất dữ liệu từ các tài liệu kỹ thuật,0,NONE
2079,Phân tích và phát triển ứng dụng chatbot trên nền tảng trí tuệ nhân tạo,Tối ưu hóa và cải thiện hiệu suất hệ thống truyền thông mạng máy tính,0,NONE
2080,Phân tích và phát triển ứng dụng chatbot trên nền tảng trí tuệ nhân tạo,Xây dựng hệ thống quản lý dự án phân tán và đa nền tảng cho các dự án nghiên cứu khoa học,0,NONE
2081,Phân tích và phát triển ứng dụng chatbot trên nền tảng trí tuệ nhân tạo,Phát triển ứng dụng di động cho việc quản lý việc tham gia các hoạt động xã hội và tình nguyện,0,NONE
2082,Phân tích và phát triển ứng dụng chatbot trên nền tảng trí tuệ nhân tạo,Nghiên cứu và triển khai công nghệ trí tuệ nhân tạo trong việc tự động hóa quy trình sản xuất,0,NONE
2083,Phân tích và phát triển ứng dụng chatbot trên nền tảng trí tuệ nhân tạo,Tối ưu hóa và phân tích thuật toán tìm kiếm thông tin trong ứng dụng web,0,NONE
2084,Phân tích và phát triển ứng dụng chatbot trên nền tảng trí tuệ nhân tạo,Xây dựng hệ thống quản lý đối tác và khách hàng trực tuyến dành cho ngành dịch vụ,0,NONE
2085,Phân tích và phát triển ứng dụng chatbot trên nền tảng trí tuệ nhân tạo,Phát triển ứng dụng di động cho việc quản lý công việc trong doanh nghiệp,0,NONE
2086,Phân tích và phát triển ứng dụng chatbot trên nền tảng trí tuệ nhân tạo,Nghiên cứu và triển khai công nghệ trích xuất dữ liệu từ các tài liệu văn bản kỹ thuật,0,NONE
2087,Phân tích và phát triển ứng dụng chatbot trên nền tảng trí tuệ nhân tạo,Tối ưu hóa và cải thiện hiệu suất hệ thống truyền thông dữ liệu lớn,0,NONE
2088,Phân tích và phát triển ứng dụng chatbot trên nền tảng trí tuệ nhân tạo,Xây dựng hệ thống quản lý dự án phân tán và đa nền tảng dành cho ngành giáo dục,0,NONE
2089,Phân tích và phát triển ứng dụng chatbot trên nền tảng trí tuệ nhân tạo,Phát triển ứng dụng di động cho việc kinh doanh và doanh nghiệp,0,NONE
2090,Phân tích và phát triển ứng dụng chatbot trên nền tảng trí tuệ nhân tạo,Nghiên cứu và triển khai công nghệ xử lý ngôn ngữ tự nhiên trong ứng dụng di động,0,NONE
2091,Phân tích và phát triển ứng dụng chatbot trên nền tảng trí tuệ nhân tạo,Tối ưu hóa và cải thiện hiệu suất hệ thống điều khiển tự động trong môi trường công nghiệp,0,NONE
2092,Phân tích và phát triển ứng dụng chatbot trên nền tảng trí tuệ nhân tạo,Xây dựng hệ thống quản lý tài chính và thu chi cá nhân trực tuyến,0,NONE
2093,Phân tích và phát triển ứng dụng chatbot trên nền tảng trí tuệ nhân tạo,Phát triển ứng dụng di động cho việc học tập và nghiên cứu,0,NONE
2094,Phân tích và phát triển ứng dụng chatbot trên nền tảng trí tuệ nhân tạo,Nghiên cứu và triển khai công nghệ trí tuệ nhân tạo trong việc cải thiện quá trình sản xuất,0,NONE
2095,Phân tích và phát triển ứng dụng chatbot trên nền tảng trí tuệ nhân tạo,Tối ưu hóa và phân tích thuật toán tìm kiếm thông tin trong ứng dụng di động,0,NONE
2096,Phân tích và phát triển ứng dụng chatbot trên nền tảng trí tuệ nhân tạo,Xây dựng hệ thống quản lý dự án phân tán và đa nền tảng dành cho ngành quảng cáo và marketing,0,NONE
2097,Phân tích và phát triển ứng dụng chatbot trên nền tảng trí tuệ nhân tạo,Phát triển ứng dụng di động cho việc kinh doanh và bán hàng,0,NONE
2098,Phân tích và phát triển ứng dụng chatbot trên nền tảng trí tuệ nhân tạo,Nghiên cứu và triển khai công nghệ trích xuất thông tin từ ảnh và video kỹ thuật số,0,NONE
2099,Phân tích và phát triển ứng dụng chatbot trên nền tảng trí tuệ nhân tạo,Tối ưu hóa và cải thiện hiệu suất hệ thống truyền thông trực tuyến,0,NONE
2100,Phân tích và phát triển ứng dụng chatbot trên nền tảng trí tuệ nhân tạo,Xây dựng hệ thống quản lý nhà trường và đào tạo dành cho sinh viên,0,NONE
2101,Phân tích và phát triển ứng dụng chatbot trên nền tảng trí tuệ nhân tạo,Phát triển ứng dụng di động cho việc quản lý công việc trong lĩnh vực giáo dục,0,NONE
2102,Phân tích và phát triển ứng dụng chatbot trên nền tảng trí tuệ nhân tạo,Nghiên cứu và triển khai công nghệ dự đoán và phân loại dữ liệu lớn,0,NONE
2103,Phân tích và phát triển ứng dụng chatbot trên nền tảng trí tuệ nhân tạo,Tối ưu hóa và phân tích thuật toán Machine Learning trong việc dự đoán xu hướng người dùng,0,NONE
2104,Phân tích và phát triển ứng dụng chatbot trên nền tảng trí tuệ nhân tạo,Xây dựng hệ thống quản lý học tập và đào tạo dành cho doanh nghiệp,0,NONE
2105,Phân tích và phát triển ứng dụng chatbot trên nền tảng trí tuệ nhân tạo,Phát triển ứng dụng di động cho việc quản lý sự kiện và tổ chức,0,NONE
2106,Phân tích và phát triển ứng dụng chatbot trên nền tảng trí tuệ nhân tạo,Nghiên cứu và triển khai công nghệ trích xuất dữ liệu từ các tài liệu kỹ thuật,0,NONE
2107,Phân tích và phát triển ứng dụng chatbot trên nền tảng trí tuệ nhân tạo,Tối ưu hóa và cải thiện hiệu suất hệ thống truyền thông mạng máy tính,0,NONE
2108,Phân tích và phát triển ứng dụng chatbot trên nền tảng trí tuệ nhân tạo,Xây dựng hệ thống quản lý dự án phân tán và đa nền tảng cho các dự án nghiên cứu khoa học,0,NONE
2109,Phân tích và phát triển ứng dụng chatbot trên nền tảng trí tuệ nhân tạo,Phát triển ứng dụng di động cho việc quản lý việc tham gia các hoạt động xã hội và tình nguyện,0,NONE
2110,Phân tích và phát triển ứng dụng chatbot trên nền tảng trí tuệ nhân tạo,Nghiên cứu và triển khai công nghệ trí tuệ nhân tạo trong việc tự động hóa quy trình sản xuất,0,NONE
2111,Phân tích và phát triển ứng dụng chatbot trên nền tảng trí tuệ nhân tạo,Tối ưu hóa và phân tích thuật toán tìm kiếm thông tin trong ứng dụng web,0,NONE
2112,Phân tích và phát triển ứng dụng chatbot trên nền tảng trí tuệ nhân tạo,Xây dựng hệ thống quản lý đối tác và khách hàng trực tuyến dành cho ngành dịch vụ,0,NONE
2113,Phân tích và phát triển ứng dụng chatbot trên nền tảng trí tuệ nhân tạo,Phát triển ứng dụng di động cho việc quản lý công việc trong doanh nghiệp,0,NONE
2114,Phân tích và phát triển ứng dụng chatbot trên nền tảng trí tuệ nhân tạo,Nghiên cứu và triển khai công nghệ trích xuất dữ liệu từ các tài liệu văn bản kỹ thuật,0,NONE
2115,Phân tích và phát triển ứng dụng chatbot trên nền tảng trí tuệ nhân tạo,Tối ưu hóa và cải thiện hiệu suất hệ thống truyền thông dữ liệu lớn,0,NONE
2116,Phân tích và phát triển ứng dụng chatbot trên nền tảng trí tuệ nhân tạo,Xây dựng hệ thống quản lý dự án phân tán và đa nền tảng dành cho ngành giáo dục,0,NONE
2117,Phân tích và phát triển ứng dụng chatbot trên nền tảng trí tuệ nhân tạo,Phát triển ứng dụng di động cho việc quản lý việc kinh doanh và doanh nghiệp,0,NONE
2118,Phân tích và phát triển ứng dụng chatbot trên nền tảng trí tuệ nhân tạo,Nghiên cứu và triển khai công nghệ xử lý ngôn ngữ tự nhiên trong ứng dụng di động,0,NONE
2119,Phân tích và phát triển ứng dụng chatbot trên nền tảng trí tuệ nhân tạo,Tối ưu hóa và cải thiện hiệu suất hệ thống điều khiển tự động trong môi trường công nghiệp,0,NONE
2120,Phân tích và phát triển ứng dụng chatbot trên nền tảng trí tuệ nhân tạo,Xây dựng hệ thống quản lý tài chính và thu chi cá nhân trực tuyến,0,NONE
2121,Phân tích và phát triển ứng dụng chatbot trên nền tảng trí tuệ nhân tạo,Phát triển ứng dụng di động cho việc quản lý việc học tập và nghiên cứu,0,NONE
2122,Phân tích và phát triển ứng dụng chatbot trên nền tảng trí tuệ nhân tạo,Nghiên cứu và triển khai công nghệ trí tuệ nhân tạo trong việc cải thiện quá trình sản xuất,0,NONE
2123,Phân tích và phát triển ứng dụng chatbot trên nền tảng trí tuệ nhân tạo,Tối ưu hóa và phân tích thuật toán tìm kiếm thông tin trong ứng dụng di động,0,NONE
2124,Phân tích và phát triển ứng dụng chatbot trên nền tảng trí tuệ nhân tạo,Xây dựng hệ thống quản lý dự án phân tán và đa nền tảng dành cho ngành quảng cáo và marketing,0,NONE
2125,Phân tích và phát triển ứng dụng chatbot trên nền tảng trí tuệ nhân tạo,Phát triển ứng dụng di động cho việc quản lý việc kinh doanh và bán hàng,0,NONE
2126,Phân tích và phát triển ứng dụng chatbot trên nền tảng trí tuệ nhân tạo,Nghiên cứu và triển khai công nghệ trích xuất thông tin từ ảnh và video kỹ thuật số,0,NONE
2127,Phân tích và phát triển ứng dụng chatbot trên nền tảng trí tuệ nhân tạo,Tối ưu hóa và cải thiện hiệu suất hệ thống truyền thông trực tuyến,0,NONE
2128,Phân tích và phát triển ứng dụng chatbot trên nền tảng trí tuệ nhân tạo,Xây dựng hệ thống quản lý nhà trường và đào tạo dành cho sinh viên,0,NONE
2129,Phân tích và phát triển ứng dụng chatbot trên nền tảng trí tuệ nhân tạo,Phát triển ứng dụng di động cho việc quản lý công việc trong lĩnh vực giáo dục,0,NONE
2130,Phân tích và phát triển ứng dụng chatbot trên nền tảng trí tuệ nhân tạo,Nghiên cứu và triển khai công nghệ dự đoán và phân loại dữ liệu lớn,0,NONE
2131,Phân tích và phát triển ứng dụng chatbot trên nền tảng trí tuệ nhân tạo,Tối ưu hóa và phân tích thuật toán Machine Learning trong việc dự đoán xu hướng người dùng,0,NONE
2132,Phân tích và phát triển ứng dụng chatbot trên nền tảng trí tuệ nhân tạo,Xây dựng hệ thống quản lý học tập và đào tạo dành cho doanh nghiệp,0,NONE
2133,Phân tích và phát triển ứng dụng chatbot trên nền tảng trí tuệ nhân tạo,Phát triển ứng dụng di động cho việc quản lý sự kiện và tổ chức,0,NONE
2134,Phân tích và phát triển ứng dụng chatbot trên nền tảng trí tuệ nhân tạo,Nghiên cứu và triển khai công nghệ trích xuất dữ liệu từ các tài liệu kỹ thuật,0,NONE
2135,Xây dựng hệ thống quản lý dự án trực tuyến,Đánh giá hiệu năng của các kiến trúc máy tính đám mây,0,NONE
2136,Xây dựng hệ thống quản lý dự án trực tuyến,Tích hợp công nghệ Blockchain trong ứng dụng giao dịch tài chính,0,NONE
2137,Xây dựng hệ thống quản lý dự án trực tuyến,Phân tích và đánh giá các nguy cơ an ninh trong ứng dụng di động,0,NONE
2138,Xây dựng hệ thống quản lý dự án trực tuyến,Xây dựng ứng dụng e-commerce với tích hợp thanh toán trực tuyến,0,NONE
2139,Xây dựng hệ thống quản lý dự án trực tuyến,Phát triển ứng dụng trợ lý ảo cho việc lập kế hoạch cá nhân,0,NONE
2140,Xây dựng hệ thống quản lý dự án trực tuyến,Xây dựng hệ thống quản lý nhân sự và lương bằng CNTT,0,NONE
2141,Xây dựng hệ thống quản lý dự án trực tuyến,Nghiên cứu và phát triển giải pháp an ninh mạng,0,NONE
2142,Xây dựng hệ thống quản lý dự án trực tuyến,Tối ưu hóa cơ sở dữ liệu NoSQL cho ứng dụng web,0,NONE
2143,Xây dựng hệ thống quản lý dự án trực tuyến,Phân tích và cải thiện hiệu suất của ứng dụng trên nền tảng di động,0,NONE
2144,Xây dựng hệ thống quản lý dự án trực tuyến,Xây dựng ứng dụng học ngoại ngữ trực tuyến,1,LOW
2145,Xây dựng hệ thống quản lý dự án trực tuyến,Phân tích và phát triển hệ thống nhận dạng khuôn mặt,0,NONE
2146,Xây dựng hệ thống quản lý dự án trực tuyến,Xây dựng hệ thống quản lý khách hàng (CRM) đa nền tảng,0,NONE
2147,Xây dựng hệ thống quản lý dự án trực tuyến,Nghiên cứu và triển khai công nghệ 5G,0,NONE
2148,Xây dựng hệ thống quản lý dự án trực tuyến,Xây dựng hệ thống thông tin địa lý (GIS) cho bản đồ trực tuyến,2,MEDIUM
2149,Xây dựng hệ thống quản lý dự án trực tuyến,Phân tích và tối ưu hóa cấu trúc dữ liệu của ứng dụng,0,NONE
2150,Xây dựng hệ thống quản lý dự án trực tuyến,Phát triển ứng dụng hỗ trợ việc học trực tuyến,1,LOW
2151,Xây dựng hệ thống quản lý dự án trực tuyến,Nghiên cứu và triển khai công nghệ truyền dẫn âm thanh/viễn thông,0,NONE
2152,Xây dựng hệ thống quản lý dự án trực tuyến,Xây dựng ứng dụng hỗ trợ việc tạo và quản lý lịch trình,0,NONE
2153,Xây dựng hệ thống quản lý dự án trực tuyến,Nghiên cứu và triển khai hệ thống giám sát môi trường sử dụng Công nghệ Internet of Things (IoT),0,NONE
2154,Xây dựng hệ thống quản lý dự án trực tuyến,Phát triển ứng dụng di động cho việc quản lý công việc cá nhân,0,NONE
2155,Xây dựng hệ thống quản lý dự án trực tuyến,Nghiên cứu và triển khai công nghệ trí tuệ nhân tạo trong ứng dụng y tế,0,NONE
2156,Xây dựng hệ thống quản lý dự án trực tuyến,Xây dựng hệ thống quản lý tài liệu trực tuyến,3,HIGH
2157,Xây dựng hệ thống quản lý dự án trực tuyến,Phân tích và phát triển hệ thống gợi ý sản phẩm cho các trang thương mại điện tử,0,NONE
2158,Xây dựng hệ thống quản lý dự án trực tuyến,Triển khai hệ thống giám sát mạng máy tính,0,NONE
2159,Xây dựng hệ thống quản lý dự án trực tuyến,Xây dựng ứng dụng trò chơi trên nền tảng di động,0,NONE
2160,Xây dựng hệ thống quản lý dự án trực tuyến,Nghiên cứu và triển khai công nghệ Blockchain trong lĩnh vực tài chính,0,NONE
2161,Xây dựng hệ thống quản lý dự án trực tuyến,Tối ưu hóa và cải thiện hiệu suất cơ sở dữ liệu SQL,0,NONE
2162,Xây dựng hệ thống quản lý dự án trực tuyến,Phát triển ứng dụng quản lý học tập trực tuyến,1,LOW
2163,Xây dựng hệ thống quản lý dự án trực tuyến,Nghiên cứu về bảo mật và đánh giá rủi ro của ứng dụng web,0,NONE
2164,Xây dựng hệ thống quản lý dự án trực tuyến,Phát triển hệ thống dự đoán thời tiết thông qua dữ liệu lớn,0,NONE
2165,Xây dựng hệ thống quản lý dự án trực tuyến,Xây dựng hệ thống điều khiển các thiết bị thông qua ứng dụng di động,0,NONE
2166,Xây dựng hệ thống quản lý dự án trực tuyến,Phân tích và phát triển hệ thống chấm công nhân viên tự động,0,NONE
2167,Xây dựng hệ thống quản lý dự án trực tuyến,Tối ưu hóa và phân tích độ phức tạp của thuật toán,0,NONE
2168,Xây dựng hệ thống quản lý dự án trực tuyến,Nghiên cứu và triển khai ứng dụng trợ lý ảo dựa trên trí tuệ nhân tạo,0,NONE
2169,Xây dựng hệ thống quản lý dự án trực tuyến,Xây dựng hệ thống quản lý nhà hàng và đặt hàng trực tuyến,2,MEDIUM
2170,Xây dựng hệ thống quản lý dự án trực tuyến,Phát triển ứng dụng giao tiếp qua giọng nói,0,NONE
2171,Xây dựng hệ thống quản lý dự án trực tuyến,Nghiên cứu về công nghệ ảo hóa và triển khai máy ảo,0,NONE
2172,Xây dựng hệ thống quản lý dự án trực tuyến,Phát triển ứng dụng di động cho việc quản lý tài chính cá nhân,0,NONE
2173,Xây dựng hệ thống quản lý dự án trực tuyến,Tối ưu hóa và nâng cấp cơ sở dữ liệu NoSQL,0,NONE
2174,Xây dựng hệ thống quản lý dự án trực tuyến,Nghiên cứu và triển khai công nghệ mạng 5G,0,NONE
2175,Xây dựng hệ thống quản lý dự án trực tuyến,Xây dựng hệ thống đánh giá hiệu suất nhân viên dựa trên dữ liệu,0,NONE
2176,Xây dựng hệ thống quản lý dự án trực tuyến,Phát triển ứng dụng di động giúp người dùng tìm kiếm địa điểm du lịch,0,NONE
2177,Xây dựng hệ thống quản lý dự án trực tuyến,Nghiên cứu về công nghệ truyền thông âm thanh và hình ảnh,0,NONE
2178,Xây dựng hệ thống quản lý dự án trực tuyến,Xây dựng hệ thống quản lý sự kiện trực tuyến,2,MEDIUM
2179,Xây dựng hệ thống quản lý dự án trực tuyến,Phát triển ứng dụng di động dành cho việc học ngoại ngữ,0,NONE
2180,Xây dựng hệ thống quản lý dự án trực tuyến,Tối ưu hóa và phân tích thuật toán Machine Learning,0,NONE
2181,Xây dựng hệ thống quản lý dự án trực tuyến,Nghiên cứu về công nghệ Internet of Things (IoT) trong việc quản lý năng lượng,0,NONE
2182,Xây dựng hệ thống quản lý dự án trực tuyến,Phát triển hệ thống giao dịch và thanh toán trực tuyến,1,LOW
2183,Xây dựng hệ thống quản lý dự án trực tuyến,Nghiên cứu và triển khai công nghệ trích xuất thông tin từ văn bản tự động,0,NONE
2184,Xây dựng hệ thống quản lý dự án trực tuyến,Xây dựng hệ thống quản lý kho hàng trực tuyến,2,MEDIUM
2185,Xây dựng hệ thống quản lý dự án trực tuyến,Phát triển ứng dụng di động cho việc chăm sóc sức khỏe,0,NONE
2186,Xây dựng hệ thống quản lý dự án trực tuyến,Nghiên cứu và triển khai công nghệ trích xuất dữ liệu từ hình ảnh và video,0,NONE
2187,Xây dựng hệ thống quản lý dự án trực tuyến,Tối ưu hóa và nâng cao hiệu suất hệ thống điều khiển tự động,0,NONE
2188,Xây dựng hệ thống quản lý dự án trực tuyến,Xây dựng hệ thống quản lý dự án trực tuyến,4,NEAR_DUPLICATE
2189,Xây dựng hệ thống quản lý dự án trực tuyến,Phát triển ứng dụng di động cho việc quản lý thời gian làm việc,0,NONE
2190,Xây dựng hệ thống quản lý dự án trực tuyến,Nghiên cứu về công nghệ trích xuất dữ liệu từ âm thanh và giọng nói,0,NONE
2191,Xây dựng hệ thống quản lý dự án trực tuyến,Tối ưu hóa và phân tích thuật toán tìm kiếm trực tuyến,0,NONE
2192,Xây dựng hệ thống quản lý dự án trực tuyến,Xây dựng hệ thống quản lý điểm danh và chấm công trực tuyến,2,MEDIUM
2193,Xây dựng hệ thống quản lý dự án trực tuyến,Phát triển ứng dụng di động cho việc tìm kiếm nhà ở,0,NONE
2194,Xây dựng hệ thống quản lý dự án trực tuyến,Nghiên cứu và triển khai công nghệ xử lý ngôn ngữ tự nhiên,0,NONE
2195,Xây dựng hệ thống quản lý dự án trực tuyến,Tối ưu hóa và cải thiện hiệu suất hệ thống điều khiển đồng thời,0,NONE
2196,Xây dựng hệ thống quản lý dự án trực tuyến,Xây dựng hệ thống quản lý đào tạo và đánh giá nhân viên,1,LOW
2197,Xây dựng hệ thống quản lý dự án trực tuyến,Phát triển ứng dụng di động cho việc quản lý chi tiêu,0,NONE
2198,Xây dựng hệ thống quản lý dự án trực tuyến,Nghiên cứu và triển khai công nghệ trí tuệ nhân tạo trong ứng dụng thương mại điện tử,0,NONE
2199,Xây dựng hệ thống quản lý dự án trực tuyến,Tối ưu hóa và phân tích thuật toán Machine Learning sử dụng dữ liệu lớn,0,NONE
2200,Xây dựng hệ thống quản lý dự án trực tuyến,Xây dựng hệ thống quản lý chất lượng dịch vụ trực tuyến,2,MEDIUM
2201,Xây dựng hệ thống quản lý dự án trực tuyến,Phát triển ứng dụng di động cho việc quản lý việc mua sắm,0,NONE
2202,Xây dựng hệ thống quản lý dự án trực tuyến,Nghiên cứu và triển khai công nghệ trích xuất dữ liệu từ các tài liệu văn bản,0,NONE
2203,Xây dựng hệ thống quản lý dự án trực tuyến,Tối ưu hóa và cải thiện hiệu suất hệ thống điều khiển thiết bị IoT,0,NONE
2204,Xây dựng hệ thống quản lý dự án trực tuyến,Xây dựng hệ thống quản lý tài nguyên con người trực tuyến,2,MEDIUM
2205,Xây dựng hệ thống quản lý dự án trực tuyến,Phát triển ứng dụng di động cho việc quản lý công việc nhóm,0,NONE
2206,Xây dựng hệ thống quản lý dự án trực tuyến,Nghiên cứu và triển khai công nghệ dự đoán và phân loại dữ liệu,0,NONE
2207,Xây dựng hệ thống quản lý dự án trực tuyến,Tối ưu hóa và phân tích thuật toán tối ưu trong quản lý dự án,0,NONE
2208,Xây dựng hệ thống quản lý dự án trực tuyến,Xây dựng hệ thống quản lý vận hành nhà máy trực tuyến,2,MEDIUM
2209,Xây dựng hệ thống quản lý dự án trực tuyến,Phát triển ứng dụng di động cho việc học và rèn luyện kỹ năng,0,NONE
2210,Xây dựng hệ thống quản lý dự án trực tuyến,Nghiên cứu và triển khai công nghệ trí tuệ nhân tạo trong lĩnh vực giáo dục,0,NONE
2211,Xây dựng hệ thống quản lý dự án trực tuyến,Tối ưu hóa và cải thiện hiệu suất hệ thống quản lý lưu trữ dữ liệu,0,NONE
2212,Xây dựng hệ thống quản lý dự án trực tuyến,Xây dựng hệ thống quản lý dự án phân tán và đa nền tảng,1,LOW
2213,Xây dựng hệ thống quản lý dự án trực tuyến,Phát triển ứng dụng di động cho việc quản lý việc du lịch,0,NONE
2214,Xây dựng hệ thống quản lý dự án trực tuyến,Nghiên cứu và triển khai công nghệ trí tuệ nhân tạo trong việc dự đoán thị trường tài chính,0,NONE
2215,Xây dựng hệ thống quản lý dự án trực tuyến,Tối ưu hóa và phân tích thuật toán trong lĩnh vực trích xuất thông tin từ ảnh và video,0,NONE
2216,Xây dựng hệ thống quản lý dự án trực tuyến,Xây dựng hệ thống quản lý tài nguyên nhân sự trực tuyến,2,MEDIUM
2217,Xây dựng hệ thống quản lý dự án trực tuyến,Phát triển ứng dụng di động cho việc quản lý sức khỏe và thể dục,0,NONE
2218,Xây dựng hệ thống quản lý dự án trực tuyến,Nghiên cứu và triển khai công nghệ dự đoán và phân tích dữ liệu lớn,0,NONE
2219,Xây dựng hệ thống quản lý dự án trực tuyến,Tối ưu hóa và cải thiện hiệu suất hệ thống truyền thông đa phương tiện,0,NONE
2220,Xây dựng hệ thống quản lý dự án trực tuyến,Xây dựng hệ thống quản lý hoạt động bán lẻ trực tuyến,2,MEDIUM
2221,Xây dựng hệ thống quản lý dự án trực tuyến,Phát triển ứng dụng di động cho việc quản lý tài sản cá nhân,0,NONE
2222,Xây dựng hệ thống quản lý dự án trực tuyến,Nghiên cứu và triển khai công nghệ trí tuệ nhân tạo trong việc tối ưu hóa quá trình sản xuất,0,NONE
2223,Xây dựng hệ thống quản lý dự án trực tuyến,Tối ưu hóa và phân tích thuật toán Machine Learning trong việc dự đoán xu hướng thị trường,0,NONE
2224,Xây dựng hệ thống quản lý dự án trực tuyến,Xây dựng hệ thống quản lý học tập và đào tạo trực tuyến,2,MEDIUM
2225,Xây dựng hệ thống quản lý dự án trực tuyến,Phát triển ứng dụng di động cho việc quản lý lịch trình cá nhân,0,NONE
2226,Xây dựng hệ thống quản lý dự án trực tuyến,Nghiên cứu và triển khai công nghệ xử lý ngôn ngữ tự nhiên trong ứng dụng di động,0,NONE
2227,Xây dựng hệ thống quản lý dự án trực tuyến,Tối ưu hóa và cải thiện hiệu suất hệ thống điều khiển tự động bằng Machine Learning,0,NONE
2228,Xây dựng hệ thống quản lý dự án trực tuyến,Xây dựng hệ thống quản lý dự án trực tuyến dành cho ngành xây dựng,2,MEDIUM
2229,Xây dựng hệ thống quản lý dự án trực tuyến,Phát triển ứng dụng di động cho việc quản lý việc thực hiện dự án,0,NONE
2230,Xây dựng hệ thống quản lý dự án trực tuyến,Nghiên cứu và triển khai công nghệ trích xuất thông tin từ các tài liệu kỹ thuật,0,NONE
2231,Xây dựng hệ thống quản lý dự án trực tuyến,Tối ưu hóa và phân tích thuật toán tìm kiếm thông tin trong dữ liệu lớn,0,NONE
2232,Xây dựng hệ thống quản lý dự án trực tuyến,Xây dựng hệ thống quản lý dự án phân tán và đa ngôn ngữ,1,LOW
2233,Xây dựng hệ thống quản lý dự án trực tuyến,Phát triển ứng dụng di động cho việc quản lý công việc trong doanh nghiệp,0,NONE
2234,Xây dựng hệ thống quản lý dự án trực tuyến,Nghiên cứu và triển khai công nghệ trí tuệ nhân tạo trong việc tự động hóa quy trình sản xuất,0,NONE
2235,Xây dựng hệ thống quản lý dự án trực tuyến,Tối ưu hóa và cải thiện hiệu suất hệ thống truyền thông âm thanh/viễn thông,0,NONE
2236,Xây dựng hệ thống quản lý dự án trực tuyến,Xây dựng hệ thống quản lý đối tác và khách hàng trực tuyến,2,MEDIUM
2237,Xây dựng hệ thống quản lý dự án trực tuyến,Phát triển ứng dụng di động cho việc quản lý tài chính cá nhân và đầu tư,0,NONE
2238,Xây dựng hệ thống quản lý dự án trực tuyến,Nghiên cứu và triển khai công nghệ dự đoán và phân loại trong việc quản lý dữ liệu,0,NONE
2239,Xây dựng hệ thống quản lý dự án trực tuyến,Tối ưu hóa và phân tích thuật toán Machine Learning trong việc dự đoán xu hướng người dùng,0,NONE
2240,Xây dựng hệ thống quản lý dự án trực tuyến,Xây dựng hệ thống quản lý nhà trường và đào tạo trực tuyến,2,MEDIUM
2241,Xây dựng hệ thống quản lý dự án trực tuyến,Phát triển ứng dụng di động cho việc quản lý việc giải trí và giải trí,0,NONE
2242,Xây dựng hệ thống quản lý dự án trực tuyến,Nghiên cứu và triển khai công nghệ trích xuất dữ liệu từ các tài liệu văn bản kỹ thuật,0,NONE
2243,Xây dựng hệ thống quản lý dự án trực tuyến,Tối ưu hóa và cải thiện hiệu suất hệ thống truyền thông dữ liệu lớn,0,NONE
2244,Xây dựng hệ thống quản lý dự án trực tuyến,Xây dựng hệ thống quản lý dự án phân tán và đa nền tảng dành cho doanh nghiệp,1,LOW
2245,Xây dựng hệ thống quản lý dự án trực tuyến,Phát triển ứng dụng di động cho việc quản lý việc kinh doanh và doanh nghiệp,0,NONE
2246,Xây dựng hệ thống quản lý dự án trực tuyến,Nghiên cứu và triển khai công nghệ trí tuệ nhân tạo trong việc cải thiện quá trình sản xuất,0,NONE
2247,Xây dựng hệ thống quản lý dự án trực tuyến,Tối ưu hóa và phân tích thuật toán tìm kiếm thông tin trong ứng dụng di động,0,NONE
2248,Xây dựng hệ thống quản lý dự án trực tuyến,Xây dựng hệ thống quản lý dự án phân tán và đa nền tảng dành cho ngành quảng cáo và marketing,0,NONE
2249,Xây dựng hệ thống quản lý dự án trực tuyến,Phát triển ứng dụng di động cho việc quản lý việc kinh doanh và bán hàng,0,NONE
2250,Xây dựng hệ thống quản lý dự án trực tuyến,Nghiên cứu và triển khai công nghệ xử lý ngôn ngữ tự nhiên trong ứng dụng web,0,NONE
2251,Xây dựng hệ thống quản lý dự án trực tuyến,Tối ưu hóa và cải thiện hiệu suất hệ thống điều khiển tự động trong môi trường công nghiệp,0,NONE
2252,Xây dựng hệ thống quản lý dự án trực tuyến,Xây dựng hệ thống quản lý tài chính và thu chi cá nhân trực tuyến,2,MEDIUM
2253,Xây dựng hệ thống quản lý dự án trực tuyến,Phát triển ứng dụng di động cho việc quản lý việc học tập và nghiên cứu,0,NONE
2254,Xây dựng hệ thống quản lý dự án trực tuyến,Nghiên cứu và triển khai công nghệ trí tuệ nhân tạo trong việc tối ưu hóa dự đoán thị trường tài chính,0,NONE
2255,Xây dựng hệ thống quản lý dự án trực tuyến,Tối ưu hóa và phân tích thuật toán Machine Learning trong việc dự đoán xu hướng kỹ thuật số,0,NONE
2256,Xây dựng hệ thống quản lý dự án trực tuyến,Xây dựng hệ thống quản lý sản xuất và lịch trình sản xuất trực tuyến,1,LOW
2257,Xây dựng hệ thống quản lý dự án trực tuyến,Phát triển ứng dụng di động cho việc quản lý việc học và đào tạo,0,NONE
2258,Xây dựng hệ thống quản lý dự án trực tuyến,Nghiên cứu và triển khai công nghệ trích xuất thông tin từ ảnh và video kỹ thuật số,0,NONE
2259,Xây dựng hệ thống quản lý dự án trực tuyến,Tối ưu hóa và cải thiện hiệu suất hệ thống truyền thông trực tuyến,1,LOW
2260,Xây dựng hệ thống quản lý dự án trực tuyến,Xây dựng hệ thống quản lý nhà trường và đào tạo dành cho sinh viên,0,NONE
2261,Xây dựng hệ thống quản lý dự án trực tuyến,Phát triển ứng dụng di động cho việc quản lý công việc trong lĩnh vực giáo dục,0,NONE
2262,Xây dựng hệ thống quản lý dự án trực tuyến,Nghiên cứu và triển khai công nghệ dự đoán và phân loại dữ liệu lớn,0,NONE
2263,Xây dựng hệ thống quản lý dự án trực tuyến,Tối ưu hóa và phân tích thuật toán Machine Learning trong việc dự đoán xu hướng người dùng,0,NONE
2264,Xây dựng hệ thống quản lý dự án trực tuyến,Xây dựng hệ thống quản lý học tập và đào tạo dành cho doanh nghiệp,0,NONE
2265,Xây dựng hệ thống quản lý dự án trực tuyến,Phát triển ứng dụng di động cho việc quản lý sự kiện và tổ chức,0,NONE
2266,Xây dựng hệ thống quản lý dự án trực tuyến,Nghiên cứu và triển khai công nghệ trích xuất dữ liệu từ các tài liệu kỹ thuật,0,NONE
2267,Xây dựng hệ thống quản lý dự án trực tuyến,Tối ưu hóa và cải thiện hiệu suất hệ thống truyền thông mạng máy tính,0,NONE
2268,Xây dựng hệ thống quản lý dự án trực tuyến,Xây dựng hệ thống quản lý dự án phân tán và đa nền tảng cho các dự án nghiên cứu khoa học,1,LOW
2269,Xây dựng hệ thống quản lý dự án trực tuyến,Phát triển ứng dụng di động cho việc quản lý việc tham gia các hoạt động xã hội và tình nguyện,0,NONE
2270,Xây dựng hệ thống quản lý dự án trực tuyến,Nghiên cứu và triển khai công nghệ trí tuệ nhân tạo trong việc tự động hóa quy trình sản xuất,0,NONE
2271,Xây dựng hệ thống quản lý dự án trực tuyến,Tối ưu hóa và phân tích thuật toán tìm kiếm thông tin trong ứng dụng web,0,NONE
2272,Xây dựng hệ thống quản lý dự án trực tuyến,Xây dựng hệ thống quản lý đối tác và khách hàng trực tuyến dành cho ngành dịch vụ,1,LOW
2273,Xây dựng hệ thống quản lý dự án trực tuyến,Phát triển ứng dụng di động cho việc quản lý công việc trong doanh nghiệp,0,NONE
2274,Xây dựng hệ thống quản lý dự án trực tuyến,Nghiên cứu và triển khai công nghệ trích xuất dữ liệu từ các tài liệu văn bản kỹ thuật,0,NONE
2275,Xây dựng hệ thống quản lý dự án trực tuyến,Tối ưu hóa và cải thiện hiệu suất hệ thống truyền thông dữ liệu lớn,0,NONE
2276,Xây dựng hệ thống quản lý dự án trực tuyến,Xây dựng hệ thống quản lý dự án phân tán và đa nền tảng dành cho ngành giáo dục,1,LOW
2277,Xây dựng hệ thống quản lý dự án trực tuyến,Phát triển ứng dụng di động cho việc kinh doanh và doanh nghiệp,0,NONE
2278,Xây dựng hệ thống quản lý dự án trực tuyến,Nghiên cứu và triển khai công nghệ xử lý ngôn ngữ tự nhiên trong ứng dụng di động,0,NONE
2279,Xây dựng hệ thống quản lý dự án trực tuyến,Tối ưu hóa và cải thiện hiệu suất hệ thống điều khiển tự động trong môi trường công nghiệp,0,NONE
2280,Xây dựng hệ thống quản lý dự án trực tuyến,Xây dựng hệ thống quản lý tài chính và thu chi cá nhân trực tuyến,2,MEDIUM
2281,Xây dựng hệ thống quản lý dự án trực tuyến,Phát triển ứng dụng di động cho việc học tập và nghiên cứu,0,NONE
2282,Xây dựng hệ thống quản lý dự án trực tuyến,Nghiên cứu và triển khai công nghệ trí tuệ nhân tạo trong việc cải thiện quá trình sản xuất,0,NONE
2283,Xây dựng hệ thống quản lý dự án trực tuyến,Tối ưu hóa và phân tích thuật toán tìm kiếm thông tin trong ứng dụng di động,0,NONE
2284,Xây dựng hệ thống quản lý dự án trực tuyến,Xây dựng hệ thống quản lý dự án phân tán và đa nền tảng dành cho ngành quảng cáo và marketing,0,NONE
2285,Xây dựng hệ thống quản lý dự án trực tuyến,Phát triển ứng dụng di động cho việc kinh doanh và bán hàng,0,NONE
2286,Xây dựng hệ thống quản lý dự án trực tuyến,Nghiên cứu và triển khai công nghệ trích xuất thông tin từ ảnh và video kỹ thuật số,0,NONE
2287,Xây dựng hệ thống quản lý dự án trực tuyến,Tối ưu hóa và cải thiện hiệu suất hệ thống truyền thông trực tuyến,1,LOW
2288,Xây dựng hệ thống quản lý dự án trực tuyến,Xây dựng hệ thống quản lý nhà trường và đào tạo dành cho sinh viên,0,NONE
2289,Xây dựng hệ thống quản lý dự án trực tuyến,Phát triển ứng dụng di động cho việc quản lý công việc trong lĩnh vực giáo dục,0,NONE
2290,Xây dựng hệ thống quản lý dự án trực tuyến,Nghiên cứu và triển khai công nghệ dự đoán và phân loại dữ liệu lớn,0,NONE
2291,Xây dựng hệ thống quản lý dự án trực tuyến,Tối ưu hóa và phân tích thuật toán Machine Learning trong việc dự đoán xu hướng người dùng,0,NONE
2292,Xây dựng hệ thống quản lý dự án trực tuyến,Xây dựng hệ thống quản lý học tập và đào tạo dành cho doanh nghiệp,0,NONE
2293,Xây dựng hệ thống quản lý dự án trực tuyến,Phát triển ứng dụng di động cho việc quản lý sự kiện và tổ chức,0,NONE
2294,Xây dựng hệ thống quản lý dự án trực tuyến,Nghiên cứu và triển khai công nghệ trích xuất dữ liệu từ các tài liệu kỹ thuật,0,NONE
2295,Xây dựng hệ thống quản lý dự án trực tuyến,Tối ưu hóa và cải thiện hiệu suất hệ thống truyền thông mạng máy tính,0,NONE
2296,Xây dựng hệ thống quản lý dự án trực tuyến,Xây dựng hệ thống quản lý dự án phân tán và đa nền tảng cho các dự án nghiên cứu khoa học,1,LOW
2297,Xây dựng hệ thống quản lý dự án trực tuyến,Phát triển ứng dụng di động cho việc quản lý việc tham gia các hoạt động xã hội và tình nguyện,0,NONE
2298,Xây dựng hệ thống quản lý dự án trực tuyến,Nghiên cứu và triển khai công nghệ trí tuệ nhân tạo trong việc tự động hóa quy trình sản xuất,0,NONE
2299,Xây dựng hệ thống quản lý dự án trực tuyến,Tối ưu hóa và phân tích thuật toán tìm kiếm thông tin trong ứng dụng web,0,NONE
2300,Xây dựng hệ thống quản lý dự án trực tuyến,Xây dựng hệ thống quản lý đối tác và khách hàng trực tuyến dành cho ngành dịch vụ,1,LOW
2301,Xây dựng hệ thống quản lý dự án trực tuyến,Phát triển ứng dụng di động cho việc quản lý công việc trong doanh nghiệp,0,NONE
2302,Xây dựng hệ thống quản lý dự án trực tuyến,Nghiên cứu và triển khai công nghệ trích xuất dữ liệu từ các tài liệu văn bản kỹ thuật,0,NONE
2303,Xây dựng hệ thống quản lý dự án trực tuyến,Tối ưu hóa và cải thiện hiệu suất hệ thống truyền thông dữ liệu lớn,0,NONE
2304,Xây dựng hệ thống quản lý dự án trực tuyến,Xây dựng hệ thống quản lý dự án phân tán và đa nền tảng dành cho ngành giáo dục,1,LOW
2305,Xây dựng hệ thống quản lý dự án trực tuyến,Phát triển ứng dụng di động cho việc quản lý việc kinh doanh và doanh nghiệp,0,NONE
2306,Xây dựng hệ thống quản lý dự án trực tuyến,Nghiên cứu và triển khai công nghệ xử lý ngôn ngữ tự nhiên trong ứng dụng di động,0,NONE
2307,Xây dựng hệ thống quản lý dự án trực tuyến,Tối ưu hóa và cải thiện hiệu suất hệ thống điều khiển tự động trong môi trường công nghiệp,0,NONE
2308,Xây dựng hệ thống quản lý dự án trực tuyến,Xây dựng hệ thống quản lý tài chính và thu chi cá nhân trực tuyến,2,MEDIUM
2309,Xây dựng hệ thống quản lý dự án trực tuyến,Phát triển ứng dụng di động cho việc quản lý việc học tập và nghiên cứu,0,NONE
2310,Xây dựng hệ thống quản lý dự án trực tuyến,Nghiên cứu và triển khai công nghệ trí tuệ nhân tạo trong việc cải thiện quá trình sản xuất,0,NONE
2311,Xây dựng hệ thống quản lý dự án trực tuyến,Tối ưu hóa và phân tích thuật toán tìm kiếm thông tin trong ứng dụng di động,0,NONE
2312,Xây dựng hệ thống quản lý dự án trực tuyến,Xây dựng hệ thống quản lý dự án phân tán và đa nền tảng dành cho ngành quảng cáo và marketing,0,NONE
2313,Xây dựng hệ thống quản lý dự án trực tuyến,Phát triển ứng dụng di động cho việc quản lý việc kinh doanh và bán hàng,0,NONE
2314,Xây dựng hệ thống quản lý dự án trực tuyến,Nghiên cứu và triển khai công nghệ trích xuất thông tin từ ảnh và video kỹ thuật số,0,NONE
2315,Xây dựng hệ thống quản lý dự án trực tuyến,Tối ưu hóa và cải thiện hiệu suất hệ thống truyền thông trực tuyến,1,LOW
2316,Xây dựng hệ thống quản lý dự án trực tuyến,Xây dựng hệ thống quản lý nhà trường và đào tạo dành cho sinh viên,0,NONE
2317,Xây dựng hệ thống quản lý dự án trực tuyến,Phát triển ứng dụng di động cho việc quản lý công việc trong lĩnh vực giáo dục,0,NONE
2318,Xây dựng hệ thống quản lý dự án trực tuyến,Nghiên cứu và triển khai công nghệ dự đoán và phân loại dữ liệu lớn,0,NONE
2319,Xây dựng hệ thống quản lý dự án trực tuyến,Tối ưu hóa và phân tích thuật toán Machine Learning trong việc dự đoán xu hướng người dùng,0,NONE
2320,Xây dựng hệ thống quản lý dự án trực tuyến,Xây dựng hệ thống quản lý học tập và đào tạo dành cho doanh nghiệp,0,NONE
2321,Xây dựng hệ thống quản lý dự án trực tuyến,Phát triển ứng dụng di động cho việc quản lý sự kiện và tổ chức,0,NONE
2322,Xây dựng hệ thống quản lý dự án trực tuyến,Nghiên cứu và triển khai công nghệ trích xuất dữ liệu từ các tài liệu kỹ thuật,0,NONE
2323,Đánh giá hiệu năng của các kiến trúc máy tính đám mây,Tích hợp công nghệ Blockchain trong ứng dụng giao dịch tài chính,0,NONE
2324,Đánh giá hiệu năng của các kiến trúc máy tính đám mây,Phân tích và đánh giá các nguy cơ an ninh trong ứng dụng di động,0,NONE
2325,Đánh giá hiệu năng của các kiến trúc máy tính đám mây,Xây dựng ứng dụng e-commerce với tích hợp thanh toán trực tuyến,0,NONE
2326,Đánh giá hiệu năng của các kiến trúc máy tính đám mây,Phát triển ứng dụng trợ lý ảo cho việc lập kế hoạch cá nhân,0,NONE
2327,Đánh giá hiệu năng của các kiến trúc máy tính đám mây,Xây dựng hệ thống quản lý nhân sự và lương bằng CNTT,0,NONE
2328,Đánh giá hiệu năng của các kiến trúc máy tính đám mây,Nghiên cứu và phát triển giải pháp an ninh mạng,0,NONE
2329,Đánh giá hiệu năng của các kiến trúc máy tính đám mây,Tối ưu hóa cơ sở dữ liệu NoSQL cho ứng dụng web,0,NONE
2330,Đánh giá hiệu năng của các kiến trúc máy tính đám mây,Phân tích và cải thiện hiệu suất của ứng dụng trên nền tảng di động,0,NONE
2331,Đánh giá hiệu năng của các kiến trúc máy tính đám mây,Xây dựng ứng dụng học ngoại ngữ trực tuyến,0,NONE
2332,Đánh giá hiệu năng của các kiến trúc máy tính đám mây,Phân tích và phát triển hệ thống nhận dạng khuôn mặt,0,NONE
2333,Đánh giá hiệu năng của các kiến trúc máy tính đám mây,Xây dựng hệ thống quản lý khách hàng (CRM) đa nền tảng,0,NONE
2334,Đánh giá hiệu năng của các kiến trúc máy tính đám mây,Nghiên cứu và triển khai công nghệ 5G,0,NONE
2335,Đánh giá hiệu năng của các kiến trúc máy tính đám mây,Xây dựng hệ thống thông tin địa lý (GIS) cho bản đồ trực tuyến,0,NONE
2336,Đánh giá hiệu năng của các kiến trúc máy tính đám mây,Phân tích và tối ưu hóa cấu trúc dữ liệu của ứng dụng,0,NONE
2337,Đánh giá hiệu năng của các kiến trúc máy tính đám mây,Phát triển ứng dụng hỗ trợ việc học trực tuyến,0,NONE
2338,Đánh giá hiệu năng của các kiến trúc máy tính đám mây,Nghiên cứu và triển khai công nghệ truyền dẫn âm thanh/viễn thông,0,NONE
2339,Đánh giá hiệu năng của các kiến trúc máy tính đám mây,Xây dựng ứng dụng hỗ trợ việc tạo và quản lý lịch trình,0,NONE
2340,Đánh giá hiệu năng của các kiến trúc máy tính đám mây,Nghiên cứu và triển khai hệ thống giám sát môi trường sử dụng Công nghệ Internet of Things (IoT),0,NONE
2341,Đánh giá hiệu năng của các kiến trúc máy tính đám mây,Phát triển ứng dụng di động cho việc quản lý công việc cá nhân,0,NONE
2342,Đánh giá hiệu năng của các kiến trúc máy tính đám mây,Nghiên cứu và triển khai công nghệ trí tuệ nhân tạo trong ứng dụng y tế,0,NONE
2343,Đánh giá hiệu năng của các kiến trúc máy tính đám mây,Xây dựng hệ thống quản lý tài liệu trực tuyến,0,NONE
2344,Đánh giá hiệu năng của các kiến trúc máy tính đám mây,Phân tích và phát triển hệ thống gợi ý sản phẩm cho các trang thương mại điện tử,0,NONE
2345,Đánh giá hiệu năng của các kiến trúc máy tính đám mây,Triển khai hệ thống giám sát mạng máy tính,1,LOW
2346,Đánh giá hiệu năng của các kiến trúc máy tính đám mây,Xây dựng ứng dụng trò chơi trên nền tảng di động,0,NONE
2347,Đánh giá hiệu năng của các kiến trúc máy tính đám mây,Nghiên cứu và triển khai công nghệ Blockchain trong lĩnh vực tài chính,0,NONE
2348,Đánh giá hiệu năng của các kiến trúc máy tính đám mây,Tối ưu hóa và cải thiện hiệu suất cơ sở dữ liệu SQL,0,NONE
2349,Đánh giá hiệu năng của các kiến trúc máy tính đám mây,Phát triển ứng dụng quản lý học tập trực tuyến,0,NONE
2350,Đánh giá hiệu năng của các kiến trúc máy tính đám mây,Nghiên cứu về bảo mật và đánh giá rủi ro của ứng dụng web,0,NONE
2351,Đánh giá hiệu năng của các kiến trúc máy tính đám mây,Phát triển hệ thống dự đoán thời tiết thông qua dữ liệu lớn,0,NONE
2352,Đánh giá hiệu năng của các kiến trúc máy tính đám mây,Xây dựng hệ thống điều khiển các thiết bị thông qua ứng dụng di động,0,NONE
2353,Đánh giá hiệu năng của các kiến trúc máy tính đám mây,Phân tích và phát triển hệ thống chấm công nhân viên tự động,0,NONE
2354,Đánh giá hiệu năng của các kiến trúc máy tính đám mây,Tối ưu hóa và phân tích độ phức tạp của thuật toán,0,NONE
2355,Đánh giá hiệu năng của các kiến trúc máy tính đám mây,Nghiên cứu và triển khai ứng dụng trợ lý ảo dựa trên trí tuệ nhân tạo,0,NONE
2356,Đánh giá hiệu năng của các kiến trúc máy tính đám mây,Xây dựng hệ thống quản lý nhà hàng và đặt hàng trực tuyến,0,NONE
2357,Đánh giá hiệu năng của các kiến trúc máy tính đám mây,Phát triển ứng dụng giao tiếp qua giọng nói,0,NONE
2358,Đánh giá hiệu năng của các kiến trúc máy tính đám mây,Nghiên cứu về công nghệ ảo hóa và triển khai máy ảo,0,NONE
2359,Đánh giá hiệu năng của các kiến trúc máy tính đám mây,Phát triển ứng dụng di động cho việc quản lý tài chính cá nhân,0,NONE
2360,Đánh giá hiệu năng của các kiến trúc máy tính đám mây,Tối ưu hóa và nâng cấp cơ sở dữ liệu NoSQL,0,NONE
2361,Đánh giá hiệu năng của các kiến trúc máy tính đám mây,Nghiên cứu và triển khai công nghệ mạng 5G,0,NONE
2362,Đánh giá hiệu năng của các kiến trúc máy tính đám mây,Xây dựng hệ thống đánh giá hiệu suất nhân viên dựa trên dữ liệu,0,NONE
2363,Đánh giá hiệu năng của các kiến trúc máy tính đám mây,Phát triển ứng dụng di động giúp người dùng tìm kiếm địa điểm du lịch,0,NONE
2364,Đánh giá hiệu năng của các kiến trúc máy tính đám mây,Nghiên cứu về công nghệ truyền thông âm thanh và hình ảnh,0,NONE
2365,Đánh giá hiệu năng của các kiến trúc máy tính đám mây,Xây dựng hệ thống quản lý sự kiện trực tuyến,0,NONE
2366,Đánh giá hiệu năng của các kiến trúc máy tính đám mây,Phát triển ứng dụng di động dành cho việc học ngoại ngữ,0,NONE
2367,Đánh giá hiệu năng của các kiến trúc máy tính đám mây,Tối ưu hóa và phân tích thuật toán Machine Learning,0,NONE
2368,Đánh giá hiệu năng của các kiến trúc máy tính đám mây,Nghiên cứu về công nghệ Internet of Things (IoT) trong việc quản lý năng lượng,0,NONE
2369,Đánh giá hiệu năng của các kiến trúc máy tính đám mây,Phát triển hệ thống giao dịch và thanh toán trực tuyến,0,NONE
2370,Đánh giá hiệu năng của các kiến trúc máy tính đám mây,Nghiên cứu và triển khai công nghệ trích xuất thông tin từ văn bản tự động,0,NONE
2371,Đánh giá hiệu năng của các kiến trúc máy tính đám mây,Xây dựng hệ thống quản lý kho hàng trực tuyến,0,NONE
2372,Đánh giá hiệu năng của các kiến trúc máy tính đám mây,Phát triển ứng dụng di động cho việc chăm sóc sức khỏe,0,NONE
2373,Đánh giá hiệu năng của các kiến trúc máy tính đám mây,Nghiên cứu và triển khai công nghệ trích xuất dữ liệu từ hình ảnh và video,0,NONE
2374,Đánh giá hiệu năng của các kiến trúc máy tính đám mây,Tối ưu hóa và nâng cao hiệu suất hệ thống điều khiển tự động,0,NONE
2375,Đánh giá hiệu năng của các kiến trúc máy tính đám mây,Xây dựng hệ thống quản lý dự án trực tuyến,0,NONE
2376,Đánh giá hiệu năng của các kiến trúc máy tính đám mây,Phát triển ứng dụng di động cho việc quản lý thời gian làm việc,0,NONE
2377,Đánh giá hiệu năng của các kiến trúc máy tính đám mây,Nghiên cứu về công nghệ trích xuất dữ liệu từ âm thanh và giọng nói,0,NONE
2378,Đánh giá hiệu năng của các kiến trúc máy tính đám mây,Tối ưu hóa và phân tích thuật toán tìm kiếm trực tuyến,0,NONE
2379,Đánh giá hiệu năng của các kiến trúc máy tính đám mây,Xây dựng hệ thống quản lý điểm danh và chấm công trực tuyến,0,NONE
2380,Đánh giá hiệu năng của các kiến trúc máy tính đám mây,Phát triển ứng dụng di động cho việc tìm kiếm nhà ở,0,NONE
2381,Đánh giá hiệu năng của các kiến trúc máy tính đám mây,Nghiên cứu và triển khai công nghệ xử lý ngôn ngữ tự nhiên,0,NONE
2382,Đánh giá hiệu năng của các kiến trúc máy tính đám mây,Tối ưu hóa và cải thiện hiệu suất hệ thống điều khiển đồng thời,0,NONE
2383,Đánh giá hiệu năng của các kiến trúc máy tính đám mây,Xây dựng hệ thống quản lý đào tạo và đánh giá nhân viên,0,NONE
2384,Đánh giá hiệu năng của các kiến trúc máy tính đám mây,Phát triển ứng dụng di động cho việc quản lý chi tiêu,0,NONE
2385,Đánh giá hiệu năng của các kiến trúc máy tính đám mây,Nghiên cứu và triển khai công nghệ trí tuệ nhân tạo trong ứng dụng thương mại điện tử,0,NONE
2386,Đánh giá hiệu năng của các kiến trúc máy tính đám mây,Tối ưu hóa và phân tích thuật toán Machine Learning sử dụng dữ liệu lớn,0,NONE
2387,Đánh giá hiệu năng của các kiến trúc máy tính đám mây,Xây dựng hệ thống quản lý chất lượng dịch vụ trực tuyến,0,NONE
2388,Đánh giá hiệu năng của các kiến trúc máy tính đám mây,Phát triển ứng dụng di động cho việc quản lý việc mua sắm,0,NONE
2389,Đánh giá hiệu năng của các kiến trúc máy tính đám mây,Nghiên cứu và triển khai công nghệ trích xuất dữ liệu từ các tài liệu văn bản,0,NONE
2390,Đánh giá hiệu năng của các kiến trúc máy tính đám mây,Tối ưu hóa và cải thiện hiệu suất hệ thống điều khiển thiết bị IoT,0,NONE
2391,Đánh giá hiệu năng của các kiến trúc máy tính đám mây,Xây dựng hệ thống quản lý tài nguyên con người trực tuyến,0,NONE
2392,Đánh giá hiệu năng của các kiến trúc máy tính đám mây,Phát triển ứng dụng di động cho việc quản lý công việc nhóm,0,NONE
2393,Đánh giá hiệu năng của các kiến trúc máy tính đám mây,Nghiên cứu và triển khai công nghệ dự đoán và phân loại dữ liệu,0,NONE
2394,Đánh giá hiệu năng của các kiến trúc máy tính đám mây,Tối ưu hóa và phân tích thuật toán tối ưu trong quản lý dự án,0,NONE
2395,Đánh giá hiệu năng của các kiến trúc máy tính đám mây,Xây dựng hệ thống quản lý vận hành nhà máy trực tuyến,0,NONE
2396,Đánh giá hiệu năng của các kiến trúc máy tính đám mây,Phát triển ứng dụng di động cho việc học và rèn luyện kỹ năng,0,NONE
2397,Đánh giá hiệu năng của các kiến trúc máy tính đám mây,Nghiên cứu và triển khai công nghệ trí tuệ nhân tạo trong lĩnh vực giáo dục,0,NONE
2398,Đánh giá hiệu năng của các kiến trúc máy tính đám mây,Tối ưu hóa và cải thiện hiệu suất hệ thống quản lý lưu trữ dữ liệu,0,NONE
2399,Đánh giá hiệu năng của các kiến trúc máy tính đám mây,Xây dựng hệ thống quản lý dự án phân tán và đa nền tảng,0,NONE
2400,Đánh giá hiệu năng của các kiến trúc máy tính đám mây,Phát triển ứng dụng di động cho việc quản lý việc du lịch,0,NONE
2401,Đánh giá hiệu năng của các kiến trúc máy tính đám mây,Nghiên cứu và triển khai công nghệ trí tuệ nhân tạo trong việc dự đoán thị trường tài chính,0,NONE
2402,Đánh giá hiệu năng của các kiến trúc máy tính đám mây,Tối ưu hóa và phân tích thuật toán trong lĩnh vực trích xuất thông tin từ ảnh và video,0,NONE
2403,Đánh giá hiệu năng của các kiến trúc máy tính đám mây,Xây dựng hệ thống quản lý tài nguyên nhân sự trực tuyến,0,NONE
2404,Đánh giá hiệu năng của các kiến trúc máy tính đám mây,Phát triển ứng dụng di động cho việc quản lý sức khỏe và thể dục,0,NONE
2405,Đánh giá hiệu năng của các kiến trúc máy tính đám mây,Nghiên cứu và triển khai công nghệ dự đoán và phân tích dữ liệu lớn,0,NONE
2406,Đánh giá hiệu năng của các kiến trúc máy tính đám mây,Tối ưu hóa và cải thiện hiệu suất hệ thống truyền thông đa phương tiện,0,NONE
2407,Đánh giá hiệu năng của các kiến trúc máy tính đám mây,Xây dựng hệ thống quản lý hoạt động bán lẻ trực tuyến,0,NONE
2408,Đánh giá hiệu năng của các kiến trúc máy tính đám mây,Phát triển ứng dụng di động cho việc quản lý tài sản cá nhân,0,NONE
2409,Đánh giá hiệu năng của các kiến trúc máy tính đám mây,Nghiên cứu và triển khai công nghệ trí tuệ nhân tạo trong việc tối ưu hóa quá trình sản xuất,0,NONE
2410,Đánh giá hiệu năng của các kiến trúc máy tính đám mây,Tối ưu hóa và phân tích thuật toán Machine Learning trong việc dự đoán xu hướng thị trường,0,NONE
2411,Đánh giá hiệu năng của các kiến trúc máy tính đám mây,Xây dựng hệ thống quản lý học tập và đào tạo trực tuyến,0,NONE
2412,Đánh giá hiệu năng của các kiến trúc máy tính đám mây,Phát triển ứng dụng di động cho việc quản lý lịch trình cá nhân,0,NONE
2413,Đánh giá hiệu năng của các kiến trúc máy tính đám mây,Nghiên cứu và triển khai công nghệ xử lý ngôn ngữ tự nhiên trong ứng dụng di động,0,NONE
2414,Đánh giá hiệu năng của các kiến trúc máy tính đám mây,Tối ưu hóa và cải thiện hiệu suất hệ thống điều khiển tự động bằng Machine Learning,0,NONE
2415,Đánh giá hiệu năng của các kiến trúc máy tính đám mây,Xây dựng hệ thống quản lý dự án trực tuyến dành cho ngành xây dựng,0,NONE
2416,Đánh giá hiệu năng của các kiến trúc máy tính đám mây,Phát triển ứng dụng di động cho việc quản lý việc thực hiện dự án,0,NONE
2417,Đánh giá hiệu năng của các kiến trúc máy tính đám mây,Nghiên cứu và triển khai công nghệ trích xuất thông tin từ các tài liệu kỹ thuật,0,NONE
2418,Đánh giá hiệu năng của các kiến trúc máy tính đám mây,Tối ưu hóa và phân tích thuật toán tìm kiếm thông tin trong dữ liệu lớn,0,NONE
2419,Đánh giá hiệu năng của các kiến trúc máy tính đám mây,Xây dựng hệ thống quản lý dự án phân tán và đa ngôn ngữ,0,NONE
2420,Đánh giá hiệu năng của các kiến trúc máy tính đám mây,Phát triển ứng dụng di động cho việc quản lý công việc trong doanh nghiệp,0,NONE
2421,Đánh giá hiệu năng của các kiến trúc máy tính đám mây,Nghiên cứu và triển khai công nghệ trí tuệ nhân tạo trong việc tự động hóa quy trình sản xuất,0,NONE
2422,Đánh giá hiệu năng của các kiến trúc máy tính đám mây,Tối ưu hóa và cải thiện hiệu suất hệ thống truyền thông âm thanh/viễn thông,0,NONE
2423,Đánh giá hiệu năng của các kiến trúc máy tính đám mây,Xây dựng hệ thống quản lý đối tác và khách hàng trực tuyến,0,NONE
2424,Đánh giá hiệu năng của các kiến trúc máy tính đám mây,Phát triển ứng dụng di động cho việc quản lý tài chính cá nhân và đầu tư,0,NONE
2425,Đánh giá hiệu năng của các kiến trúc máy tính đám mây,Nghiên cứu và triển khai công nghệ dự đoán và phân loại trong việc quản lý dữ liệu,0,NONE
2426,Đánh giá hiệu năng của các kiến trúc máy tính đám mây,Tối ưu hóa và phân tích thuật toán Machine Learning trong việc dự đoán xu hướng người dùng,0,NONE
2427,Đánh giá hiệu năng của các kiến trúc máy tính đám mây,Xây dựng hệ thống quản lý nhà trường và đào tạo trực tuyến,0,NONE
2428,Đánh giá hiệu năng của các kiến trúc máy tính đám mây,Phát triển ứng dụng di động cho việc quản lý việc giải trí và giải trí,0,NONE
2429,Đánh giá hiệu năng của các kiến trúc máy tính đám mây,Nghiên cứu và triển khai công nghệ trích xuất dữ liệu từ các tài liệu văn bản kỹ thuật,0,NONE
2430,Đánh giá hiệu năng của các kiến trúc máy tính đám mây,Tối ưu hóa và cải thiện hiệu suất hệ thống truyền thông dữ liệu lớn,0,NONE
2431,Đánh giá hiệu năng của các kiến trúc máy tính đám mây,Xây dựng hệ thống quản lý dự án phân tán và đa nền tảng dành cho doanh nghiệp,0,NONE
2432,Đánh giá hiệu năng của các kiến trúc máy tính đám mây,Phát triển ứng dụng di động cho việc quản lý việc kinh doanh và doanh nghiệp,0,NONE
2433,Đánh giá hiệu năng của các kiến trúc máy tính đám mây,Nghiên cứu và triển khai công nghệ trí tuệ nhân tạo trong việc cải thiện quá trình sản xuất,0,NONE
2434,Đánh giá hiệu năng của các kiến trúc máy tính đám mây,Tối ưu hóa và phân tích thuật toán tìm kiếm thông tin trong ứng dụng di động,0,NONE
2435,Đánh giá hiệu năng của các kiến trúc máy tính đám mây,Xây dựng hệ thống quản lý dự án phân tán và đa nền tảng dành cho ngành quảng cáo và marketing,0,NONE
2436,Đánh giá hiệu năng của các kiến trúc máy tính đám mây,Phát triển ứng dụng di động cho việc quản lý việc kinh doanh và bán hàng,0,NONE
2437,Đánh giá hiệu năng của các kiến trúc máy tính đám mây,Nghiên cứu và triển khai công nghệ xử lý ngôn ngữ tự nhiên trong ứng dụng web,0,NONE
2438,Đánh giá hiệu năng của các kiến trúc máy tính đám mây,Tối ưu hóa và cải thiện hiệu suất hệ thống điều khiển tự động trong môi trường công nghiệp,0,NONE
2439,Đánh giá hiệu năng của các kiến trúc máy tính đám mây,Xây dựng hệ thống quản lý tài chính và thu chi cá nhân trực tuyến,0,NONE
2440,Đánh giá hiệu năng của các kiến trúc máy tính đám mây,Phát triển ứng dụng di động cho việc quản lý việc học tập và nghiên cứu,0,NONE
2441,Đánh giá hiệu năng của các kiến trúc máy tính đám mây,Nghiên cứu và triển khai công nghệ trí tuệ nhân tạo trong việc tối ưu hóa dự đoán thị trường tài chính,0,NONE
2442,Đánh giá hiệu năng của các kiến trúc máy tính đám mây,Tối ưu hóa và phân tích thuật toán Machine Learning trong việc dự đoán xu hướng kỹ thuật số,0,NONE
2443,Đánh giá hiệu năng của các kiến trúc máy tính đám mây,Xây dựng hệ thống quản lý sản xuất và lịch trình sản xuất trực tuyến,0,NONE
2444,Đánh giá hiệu năng của các kiến trúc máy tính đám mây,Phát triển ứng dụng di động cho việc quản lý việc học và đào tạo,0,NONE
2445,Đánh giá hiệu năng của các kiến trúc máy tính đám mây,Nghiên cứu và triển khai công nghệ trích xuất thông tin từ ảnh và video kỹ thuật số,0,NONE
2446,Đánh giá hiệu năng của các kiến trúc máy tính đám mây,Tối ưu hóa và cải thiện hiệu suất hệ thống truyền thông trực tuyến,0,NONE
2447,Đánh giá hiệu năng của các kiến trúc máy tính đám mây,Xây dựng hệ thống quản lý nhà trường và đào tạo dành cho sinh viên,0,NONE
2448,Đánh giá hiệu năng của các kiến trúc máy tính đám mây,Phát triển ứng dụng di động cho việc quản lý công việc trong lĩnh vực giáo dục,0,NONE
2449,Đánh giá hiệu năng của các kiến trúc máy tính đám mây,Nghiên cứu và triển khai công nghệ dự đoán và phân loại dữ liệu lớn,0,NONE
2450,Đánh giá hiệu năng của các kiến trúc máy tính đám mây,Tối ưu hóa và phân tích thuật toán Machine Learning trong việc dự đoán xu hướng người dùng,0,NONE
2451,Đánh giá hiệu năng của các kiến trúc máy tính đám mây,Xây dựng hệ thống quản lý học tập và đào tạo dành cho doanh nghiệp,0,NONE
2452,Đánh giá hiệu năng của các kiến trúc máy tính đám mây,Phát triển ứng dụng di động cho việc quản lý sự kiện và tổ chức,0,NONE
2453,Đánh giá hiệu năng của các kiến trúc máy tính đám mây,Nghiên cứu và triển khai công nghệ trích xuất dữ liệu từ các tài liệu kỹ thuật,0,NONE
2454,Đánh giá hiệu năng của các kiến trúc máy tính đám mây,Tối ưu hóa và cải thiện hiệu suất hệ thống truyền thông mạng máy tính,1,LOW
2455,Đánh giá hiệu năng của các kiến trúc máy tính đám mây,Xây dựng hệ thống quản lý dự án phân tán và đa nền tảng cho các dự án nghiên cứu khoa học,0,NONE
2456,Đánh giá hiệu năng của các kiến trúc máy tính đám mây,Phát triển ứng dụng di động cho việc quản lý việc tham gia các hoạt động xã hội và tình nguyện,0,NONE
2457,Đánh giá hiệu năng của các kiến trúc máy tính đám mây,Nghiên cứu và triển khai công nghệ trí tuệ nhân tạo trong việc tự động hóa quy trình sản xuất,0,NONE
2458,Đánh giá hiệu năng của các kiến trúc máy tính đám mây,Tối ưu hóa và phân tích thuật toán tìm kiếm thông tin trong ứng dụng web,0,NONE
2459,Đánh giá hiệu năng của các kiến trúc máy tính đám mây,Xây dựng hệ thống quản lý đối tác và khách hàng trực tuyến dành cho ngành dịch vụ,0,NONE
2460,Đánh giá hiệu năng của các kiến trúc máy tính đám mây,Phát triển ứng dụng di động cho việc quản lý công việc trong doanh nghiệp,0,NONE
2461,Đánh giá hiệu năng của các kiến trúc máy tính đám mây,Nghiên cứu và triển khai công nghệ trích xuất dữ liệu từ các tài liệu văn bản kỹ thuật,0,NONE
2462,Đánh giá hiệu năng của các kiến trúc máy tính đám mây,Tối ưu hóa và cải thiện hiệu suất hệ thống truyền thông dữ liệu lớn,0,NONE
2463,Đánh giá hiệu năng của các kiến trúc máy tính đám mây,Xây dựng hệ thống quản lý dự án phân tán và đa nền tảng dành cho ngành giáo dục,0,NONE
2464,Đánh giá hiệu năng của các kiến trúc máy tính đám mây,Phát triển ứng dụng di động cho việc kinh doanh và doanh nghiệp,0,NONE
2465,Đánh giá hiệu năng của các kiến trúc máy tính đám mây,Nghiên cứu và triển khai công nghệ xử lý ngôn ngữ tự nhiên trong ứng dụng di động,0,NONE
2466,Đánh giá hiệu năng của các kiến trúc máy tính đám mây,Tối ưu hóa và cải thiện hiệu suất hệ thống điều khiển tự động trong môi trường công nghiệp,0,NONE
2467,Đánh giá hiệu năng của các kiến trúc máy tính đám mây,Xây dựng hệ thống quản lý tài chính và thu chi cá nhân trực tuyến,0,NONE
2468,Đánh giá hiệu năng của các kiến trúc máy tính đám mây,Phát triển ứng dụng di động cho việc học tập và nghiên cứu,0,NONE
2469,Đánh giá hiệu năng của các kiến trúc máy tính đám mây,Nghiên cứu và triển khai công nghệ trí tuệ nhân tạo trong việc cải thiện quá trình sản xuất,0,NONE
2470,Đánh giá hiệu năng của các kiến trúc máy tính đám mây,Tối ưu hóa và phân tích thuật toán tìm kiếm thông tin trong ứng dụng di động,0,NONE
2471,Đánh giá hiệu năng của các kiến trúc máy tính đám mây,Xây dựng hệ thống quản lý dự án phân tán và đa nền tảng dành cho ngành quảng cáo và marketing,0,NONE
2472,Đánh giá hiệu năng của các kiến trúc máy tính đám mây,Phát triển ứng dụng di động cho việc kinh doanh và bán hàng,0,NONE
2473,Đánh giá hiệu năng của các kiến trúc máy tính đám mây,Nghiên cứu và triển khai công nghệ trích xuất thông tin từ ảnh và video kỹ thuật số,0,NONE
2474,Đánh giá hiệu năng của các kiến trúc máy tính đám mây,Tối ưu hóa và cải thiện hiệu suất hệ thống truyền thông trực tuyến,0,NONE
2475,Đánh giá hiệu năng của các kiến trúc máy tính đám mây,Xây dựng hệ thống quản lý nhà trường và đào tạo dành cho sinh viên,0,NONE
2476,Đánh giá hiệu năng của các kiến trúc máy tính đám mây,Phát triển ứng dụng di động cho việc quản lý công việc trong lĩnh vực giáo dục,0,NONE
2477,Đánh giá hiệu năng của các kiến trúc máy tính đám mây,Nghiên cứu và triển khai công nghệ dự đoán và phân loại dữ liệu lớn,0,NONE
2478,Đánh giá hiệu năng của các kiến trúc máy tính đám mây,Tối ưu hóa và phân tích thuật toán Machine Learning trong việc dự đoán xu hướng người dùng,0,NONE
2479,Đánh giá hiệu năng của các kiến trúc máy tính đám mây,Xây dựng hệ thống quản lý học tập và đào tạo dành cho doanh nghiệp,0,NONE
2480,Đánh giá hiệu năng của các kiến trúc máy tính đám mây,Phát triển ứng dụng di động cho việc quản lý sự kiện và tổ chức,0,NONE
2481,Đánh giá hiệu năng của các kiến trúc máy tính đám mây,Nghiên cứu và triển khai công nghệ trích xuất dữ liệu từ các tài liệu kỹ thuật,0,NONE
2482,Đánh giá hiệu năng của các kiến trúc máy tính đám mây,Tối ưu hóa và cải thiện hiệu suất hệ thống truyền thông mạng máy tính,1,LOW
2483,Đánh giá hiệu năng của các kiến trúc máy tính đám mây,Xây dựng hệ thống quản lý dự án phân tán và đa nền tảng cho các dự án nghiên cứu khoa học,0,NONE
2484,Đánh giá hiệu năng của các kiến trúc máy tính đám mây,Phát triển ứng dụng di động cho việc quản lý việc tham gia các hoạt động xã hội và tình nguyện,0,NONE
2485,Đánh giá hiệu năng của các kiến trúc máy tính đám mây,Nghiên cứu và triển khai công nghệ trí tuệ nhân tạo trong việc tự động hóa quy trình sản xuất,0,NONE
2486,Đánh giá hiệu năng của các kiến trúc máy tính đám mây,Tối ưu hóa và phân tích thuật toán tìm kiếm thông tin trong ứng dụng web,0,NONE
2487,Đánh giá hiệu năng của các kiến trúc máy tính đám mây,Xây dựng hệ thống quản lý đối tác và khách hàng trực tuyến dành cho ngành dịch vụ,0,NONE
2488,Đánh giá hiệu năng của các kiến trúc máy tính đám mây,Phát triển ứng dụng di động cho việc quản lý công việc trong doanh nghiệp,0,NONE
2489,Đánh giá hiệu năng của các kiến trúc máy tính đám mây,Nghiên cứu và triển khai công nghệ trích xuất dữ liệu từ các tài liệu văn bản kỹ thuật,0,NONE
2490,Đánh giá hiệu năng của các kiến trúc máy tính đám mây,Tối ưu hóa và cải thiện hiệu suất hệ thống truyền thông dữ liệu lớn,0,NONE
2491,Đánh giá hiệu năng của các kiến trúc máy tính đám mây,Xây dựng hệ thống quản lý dự án phân tán và đa nền tảng dành cho ngành giáo dục,0,NONE
2492,Đánh giá hiệu năng của các kiến trúc máy tính đám mây,Phát triển ứng dụng di động cho việc quản lý việc kinh doanh và doanh nghiệp,0,NONE
2493,Đánh giá hiệu năng của các kiến trúc máy tính đám mây,Nghiên cứu và triển khai công nghệ xử lý ngôn ngữ tự nhiên trong ứng dụng di động,0,NONE
2494,Đánh giá hiệu năng của các kiến trúc máy tính đám mây,Tối ưu hóa và cải thiện hiệu suất hệ thống điều khiển tự động trong môi trường công nghiệp,0,NONE
2495,Đánh giá hiệu năng của các kiến trúc máy tính đám mây,Xây dựng hệ thống quản lý tài chính và thu chi cá nhân trực tuyến,0,NONE
2496,Đánh giá hiệu năng của các kiến trúc máy tính đám mây,Phát triển ứng dụng di động cho việc quản lý việc học tập và nghiên cứu,0,NONE
2497,Đánh giá hiệu năng của các kiến trúc máy tính đám mây,Nghiên cứu và triển khai công nghệ trí tuệ nhân tạo trong việc cải thiện quá trình sản xuất,0,NONE
2498,Đánh giá hiệu năng của các kiến trúc máy tính đám mây,Tối ưu hóa và phân tích thuật toán tìm kiếm thông tin trong ứng dụng di động,0,NONE
2499,Đánh giá hiệu năng của các kiến trúc máy tính đám mây,Xây dựng hệ thống quản lý dự án phân tán và đa nền tảng dành cho ngành quảng cáo và marketing,0,NONE
2500,Đánh giá hiệu năng của các kiến trúc máy tính đám mây,Phát triển ứng dụng di động cho việc quản lý việc kinh doanh và bán hàng,0,NONE
2501,Đánh giá hiệu năng của các kiến trúc máy tính đám mây,Nghiên cứu và triển khai công nghệ trích xuất thông tin từ ảnh và video kỹ thuật số,0,NONE
2502,Đánh giá hiệu năng của các kiến trúc máy tính đám mây,Tối ưu hóa và cải thiện hiệu suất hệ thống truyền thông trực tuyến,0,NONE
2503,Đánh giá hiệu năng của các kiến trúc máy tính đám mây,Xây dựng hệ thống quản lý nhà trường và đào tạo dành cho sinh viên,0,NONE
2504,Đánh giá hiệu năng của các kiến trúc máy tính đám mây,Phát triển ứng dụng di động cho việc quản lý công việc trong lĩnh vực giáo dục,0,NONE
2505,Đánh giá hiệu năng của các kiến trúc máy tính đám mây,Nghiên cứu và triển khai công nghệ dự đoán và phân loại dữ liệu lớn,0,NONE
2506,Đánh giá hiệu năng của các kiến trúc máy tính đám mây,Tối ưu hóa và phân tích thuật toán Machine Learning trong việc dự đoán xu hướng người dùng,0,NONE
2507,Đánh giá hiệu năng của các kiến trúc máy tính đám mây,Xây dựng hệ thống quản lý học tập và đào tạo dành cho doanh nghiệp,0,NONE
2508,Đánh giá hiệu năng của các kiến trúc máy tính đám mây,Phát triển ứng dụng di động cho việc quản lý sự kiện và tổ chức,0,NONE
2509,Đánh giá hiệu năng của các kiến trúc máy tính đám mây,Nghiên cứu và triển khai công nghệ trích xuất dữ liệu từ các tài liệu kỹ thuật,0,NONE
2510,Tích hợp công nghệ Blockchain trong ứng dụng giao dịch tài chính,Phân tích và đánh giá các nguy cơ an ninh trong ứng dụng di động,0,NONE
2511,Tích hợp công nghệ Blockchain trong ứng dụng giao dịch tài chính,Xây dựng ứng dụng e-commerce với tích hợp thanh toán trực tuyến,0,NONE
2512,Tích hợp công nghệ Blockchain trong ứng dụng giao dịch tài chính,Phát triển ứng dụng trợ lý ảo cho việc lập kế hoạch cá nhân,0,NONE
2513,Tích hợp công nghệ Blockchain trong ứng dụng giao dịch tài chính,Xây dựng hệ thống quản lý nhân sự và lương bằng CNTT,0,NONE
2514,Tích hợp công nghệ Blockchain trong ứng dụng giao dịch tài chính,Nghiên cứu và phát triển giải pháp an ninh mạng,0,NONE
2515,Tích hợp công nghệ Blockchain trong ứng dụng giao dịch tài chính,Tối ưu hóa cơ sở dữ liệu NoSQL cho ứng dụng web,0,NONE
2516,Tích hợp công nghệ Blockchain trong ứng dụng giao dịch tài chính,Phân tích và cải thiện hiệu suất của ứng dụng trên nền tảng di động,0,NONE
2517,Tích hợp công nghệ Blockchain trong ứng dụng giao dịch tài chính,Xây dựng ứng dụng học ngoại ngữ trực tuyến,0,NONE
2518,Tích hợp công nghệ Blockchain trong ứng dụng giao dịch tài chính,Phân tích và phát triển hệ thống nhận dạng khuôn mặt,0,NONE
2519,Tích hợp công nghệ Blockchain trong ứng dụng giao dịch tài chính,Xây dựng hệ thống quản lý khách hàng (CRM) đa nền tảng,0,NONE
2520,Tích hợp công nghệ Blockchain trong ứng dụng giao dịch tài chính,Nghiên cứu và triển khai công nghệ 5G,0,NONE
2521,Tích hợp công nghệ Blockchain trong ứng dụng giao dịch tài chính,Xây dựng hệ thống thông tin địa lý (GIS) cho bản đồ trực tuyến,0,NONE
2522,Tích hợp công nghệ Blockchain trong ứng dụng giao dịch tài chính,Phân tích và tối ưu hóa cấu trúc dữ liệu của ứng dụng,0,NONE
2523,Tích hợp công nghệ Blockchain trong ứng dụng giao dịch tài chính,Phát triển ứng dụng hỗ trợ việc học trực tuyến,0,NONE
2524,Tích hợp công nghệ Blockchain trong ứng dụng giao dịch tài chính,Nghiên cứu và triển khai công nghệ truyền dẫn âm thanh/viễn thông,0,NONE
2525,Tích hợp công nghệ Blockchain trong ứng dụng giao dịch tài chính,Xây dựng ứng dụng hỗ trợ việc tạo và quản lý lịch trình,0,NONE
2526,Tích hợp công nghệ Blockchain trong ứng dụng giao dịch tài chính,Nghiên cứu và triển khai hệ thống giám sát môi trường sử dụng Công nghệ Internet of Things (IoT),0,NONE
2527,Tích hợp công nghệ Blockchain trong ứng dụng giao dịch tài chính,Phát triển ứng dụng di động cho việc quản lý công việc cá nhân,0,NONE
2528,Tích hợp công nghệ Blockchain trong ứng dụng giao dịch tài chính,Nghiên cứu và triển khai công nghệ trí tuệ nhân tạo trong ứng dụng y tế,0,NONE
2529,Tích hợp công nghệ Blockchain trong ứng dụng giao dịch tài chính,Xây dựng hệ thống quản lý tài liệu trực tuyến,0,NONE
2530,Tích hợp công nghệ Blockchain trong ứng dụng giao dịch tài chính,Phân tích và phát triển hệ thống gợi ý sản phẩm cho các trang thương mại điện tử,0,NONE
2531,Tích hợp công nghệ Blockchain trong ứng dụng giao dịch tài chính,Triển khai hệ thống giám sát mạng máy tính,0,NONE
2532,Tích hợp công nghệ Blockchain trong ứng dụng giao dịch tài chính,Xây dựng ứng dụng trò chơi trên nền tảng di động,0,NONE
2533,Tích hợp công nghệ Blockchain trong ứng dụng giao dịch tài chính,Nghiên cứu và triển khai công nghệ Blockchain trong lĩnh vực tài chính,2,MEDIUM
2534,Tích hợp công nghệ Blockchain trong ứng dụng giao dịch tài chính,Tối ưu hóa và cải thiện hiệu suất cơ sở dữ liệu SQL,0,NONE
2535,Tích hợp công nghệ Blockchain trong ứng dụng giao dịch tài chính,Phát triển ứng dụng quản lý học tập trực tuyến,0,NONE
2536,Tích hợp công nghệ Blockchain trong ứng dụng giao dịch tài chính,Nghiên cứu về bảo mật và đánh giá rủi ro của ứng dụng web,0,NONE
2537,Tích hợp công nghệ Blockchain trong ứng dụng giao dịch tài chính,Phát triển hệ thống dự đoán thời tiết thông qua dữ liệu lớn,0,NONE
2538,Tích hợp công nghệ Blockchain trong ứng dụng giao dịch tài chính,Xây dựng hệ thống điều khiển các thiết bị thông qua ứng dụng di động,0,NONE
2539,Tích hợp công nghệ Blockchain trong ứng dụng giao dịch tài chính,Phân tích và phát triển hệ thống chấm công nhân viên tự động,0,NONE
2540,Tích hợp công nghệ Blockchain trong ứng dụng giao dịch tài chính,Tối ưu hóa và phân tích độ phức tạp của thuật toán,0,NONE
2541,Tích hợp công nghệ Blockchain trong ứng dụng giao dịch tài chính,Nghiên cứu và triển khai ứng dụng trợ lý ảo dựa trên trí tuệ nhân tạo,0,NONE
2542,Tích hợp công nghệ Blockchain trong ứng dụng giao dịch tài chính,Xây dựng hệ thống quản lý nhà hàng và đặt hàng trực tuyến,0,NONE
2543,Tích hợp công nghệ Blockchain trong ứng dụng giao dịch tài chính,Phát triển ứng dụng giao tiếp qua giọng nói,0,NONE
2544,Tích hợp công nghệ Blockchain trong ứng dụng giao dịch tài chính,Nghiên cứu về công nghệ ảo hóa và triển khai máy ảo,0,NONE
2545,Tích hợp công nghệ Blockchain trong ứng dụng giao dịch tài chính,Phát triển ứng dụng di động cho việc quản lý tài chính cá nhân,0,NONE
2546,Tích hợp công nghệ Blockchain trong ứng dụng giao dịch tài chính,Tối ưu hóa và nâng cấp cơ sở dữ liệu NoSQL,0,NONE
2547,Tích hợp công nghệ Blockchain trong ứng dụng giao dịch tài chính,Nghiên cứu và triển khai công nghệ mạng 5G,0,NONE
2548,Tích hợp công nghệ Blockchain trong ứng dụng giao dịch tài chính,Xây dựng hệ thống đánh giá hiệu suất nhân viên dựa trên dữ liệu,0,NONE
2549,Tích hợp công nghệ Blockchain trong ứng dụng giao dịch tài chính,Phát triển ứng dụng di động giúp người dùng tìm kiếm địa điểm du lịch,0,NONE
2550,Tích hợp công nghệ Blockchain trong ứng dụng giao dịch tài chính,Nghiên cứu về công nghệ truyền thông âm thanh và hình ảnh,0,NONE
2551,Tích hợp công nghệ Blockchain trong ứng dụng giao dịch tài chính,Xây dựng hệ thống quản lý sự kiện trực tuyến,0,NONE
2552,Tích hợp công nghệ Blockchain trong ứng dụng giao dịch tài chính,Phát triển ứng dụng di động dành cho việc học ngoại ngữ,0,NONE
2553,Tích hợp công nghệ Blockchain trong ứng dụng giao dịch tài chính,Tối ưu hóa và phân tích thuật toán Machine Learning,0,NONE
2554,Tích hợp công nghệ Blockchain trong ứng dụng giao dịch tài chính,Nghiên cứu về công nghệ Internet of Things (IoT) trong việc quản lý năng lượng,0,NONE
2555,Tích hợp công nghệ Blockchain trong ứng dụng giao dịch tài chính,Phát triển hệ thống giao dịch và thanh toán trực tuyến,0,NONE
2556,Tích hợp công nghệ Blockchain trong ứng dụng giao dịch tài chính,Nghiên cứu và triển khai công nghệ trích xuất thông tin từ văn bản tự động,0,NONE
2557,Tích hợp công nghệ Blockchain trong ứng dụng giao dịch tài chính,Xây dựng hệ thống quản lý kho hàng trực tuyến,0,NONE
2558,Tích hợp công nghệ Blockchain trong ứng dụng giao dịch tài chính,Phát triển ứng dụng di động cho việc chăm sóc sức khỏe,0,NONE
2559,Tích hợp công nghệ Blockchain trong ứng dụng giao dịch tài chính,Nghiên cứu và triển khai công nghệ trích xuất dữ liệu từ hình ảnh và video,0,NONE
2560,Tích hợp công nghệ Blockchain trong ứng dụng giao dịch tài chính,Tối ưu hóa và nâng cao hiệu suất hệ thống điều khiển tự động,0,NONE
2561,Tích hợp công nghệ Blockchain trong ứng dụng giao dịch tài chính,Xây dựng hệ thống quản lý dự án trực tuyến,0,NONE
2562,Tích hợp công nghệ Blockchain trong ứng dụng giao dịch tài chính,Phát triển ứng dụng di động cho việc quản lý thời gian làm việc,0,NONE
2563,Tích hợp công nghệ Blockchain trong ứng dụng giao dịch tài chính,Nghiên cứu về công nghệ trích xuất dữ liệu từ âm thanh và giọng nói,0,NONE
2564,Tích hợp công nghệ Blockchain trong ứng dụng giao dịch tài chính,Tối ưu hóa và phân tích thuật toán tìm kiếm trực tuyến,0,NONE
2565,Tích hợp công nghệ Blockchain trong ứng dụng giao dịch tài chính,Xây dựng hệ thống quản lý điểm danh và chấm công trực tuyến,0,NONE
2566,Tích hợp công nghệ Blockchain trong ứng dụng giao dịch tài chính,Phát triển ứng dụng di động cho việc tìm kiếm nhà ở,0,NONE
2567,Tích hợp công nghệ Blockchain trong ứng dụng giao dịch tài chính,Nghiên cứu và triển khai công nghệ xử lý ngôn ngữ tự nhiên,0,NONE
2568,Tích hợp công nghệ Blockchain trong ứng dụng giao dịch tài chính,Tối ưu hóa và cải thiện hiệu suất hệ thống điều khiển đồng thời,0,NONE
2569,Tích hợp công nghệ Blockchain trong ứng dụng giao dịch tài chính,Xây dựng hệ thống quản lý đào tạo và đánh giá nhân viên,0,NONE
2570,Tích hợp công nghệ Blockchain trong ứng dụng giao dịch tài chính,Phát triển ứng dụng di động cho việc quản lý chi tiêu,0,NONE
2571,Tích hợp công nghệ Blockchain trong ứng dụng giao dịch tài chính,Nghiên cứu và triển khai công nghệ trí tuệ nhân tạo trong ứng dụng thương mại điện tử,0,NONE
2572,Tích hợp công nghệ Blockchain trong ứng dụng giao dịch tài chính,Tối ưu hóa và phân tích thuật toán Machine Learning sử dụng dữ liệu lớn,0,NONE
2573,Tích hợp công nghệ Blockchain trong ứng dụng giao dịch tài chính,Xây dựng hệ thống quản lý chất lượng dịch vụ trực tuyến,0,NONE
2574,Tích hợp công nghệ Blockchain trong ứng dụng giao dịch tài chính,Phát triển ứng dụng di động cho việc quản lý việc mua sắm,0,NONE
2575,Tích hợp công nghệ Blockchain trong ứng dụng giao dịch tài chính,Nghiên cứu và triển khai công nghệ trích xuất dữ liệu từ các tài liệu văn bản,0,NONE
2576,Tích hợp công nghệ Blockchain trong ứng dụng giao dịch tài chính,Tối ưu hóa và cải thiện hiệu suất hệ thống điều khiển thiết bị IoT,0,NONE
2577,Tích hợp công nghệ Blockchain trong ứng dụng giao dịch tài chính,Xây dựng hệ thống quản lý tài nguyên con người trực tuyến,0,NONE
2578,Tích hợp công nghệ Blockchain trong ứng dụng giao dịch tài chính,Phát triển ứng dụng di động cho việc quản lý công việc nhóm,0,NONE
2579,Tích hợp công nghệ Blockchain trong ứng dụng giao dịch tài chính,Nghiên cứu và triển khai công nghệ dự đoán và phân loại dữ liệu,0,NONE
2580,Tích hợp công nghệ Blockchain trong ứng dụng giao dịch tài chính,Tối ưu hóa và phân tích thuật toán tối ưu trong quản lý dự án,0,NONE
2581,Tích hợp công nghệ Blockchain trong ứng dụng giao dịch tài chính,Xây dựng hệ thống quản lý vận hành nhà máy trực tuyến,0,NONE
2582,Tích hợp công nghệ Blockchain trong ứng dụng giao dịch tài chính,Phát triển ứng dụng di động cho việc học và rèn luyện kỹ năng,0,NONE
2583,Tích hợp công nghệ Blockchain trong ứng dụng giao dịch tài chính,Nghiên cứu và triển khai công nghệ trí tuệ nhân tạo trong lĩnh vực giáo dục,0,NONE
2584,Tích hợp công nghệ Blockchain trong ứng dụng giao dịch tài chính,Tối ưu hóa và cải thiện hiệu suất hệ thống quản lý lưu trữ dữ liệu,0,NONE
2585,Tích hợp công nghệ Blockchain trong ứng dụng giao dịch tài chính,Xây dựng hệ thống quản lý dự án phân tán và đa nền tảng,0,NONE
2586,Tích hợp công nghệ Blockchain trong ứng dụng giao dịch tài chính,Phát triển ứng dụng di động cho việc quản lý việc du lịch,0,NONE
2587,Tích hợp công nghệ Blockchain trong ứng dụng giao dịch tài chính,Nghiên cứu và triển khai công nghệ trí tuệ nhân tạo trong việc dự đoán thị trường tài chính,0,NONE
2588,Tích hợp công nghệ Blockchain trong ứng dụng giao dịch tài chính,Tối ưu hóa và phân tích thuật toán trong lĩnh vực trích xuất thông tin từ ảnh và video,0,NONE
2589,Tích hợp công nghệ Blockchain trong ứng dụng giao dịch tài chính,Xây dựng hệ thống quản lý tài nguyên nhân sự trực tuyến,0,NONE
2590,Tích hợp công nghệ Blockchain trong ứng dụng giao dịch tài chính,Phát triển ứng dụng di động cho việc quản lý sức khỏe và thể dục,0,NONE
2591,Tích hợp công nghệ Blockchain trong ứng dụng giao dịch tài chính,Nghiên cứu và triển khai công nghệ dự đoán và phân tích dữ liệu lớn,0,NONE
2592,Tích hợp công nghệ Blockchain trong ứng dụng giao dịch tài chính,Tối ưu hóa và cải thiện hiệu suất hệ thống truyền thông đa phương tiện,0,NONE
2593,Tích hợp công nghệ Blockchain trong ứng dụng giao dịch tài chính,Xây dựng hệ thống quản lý hoạt động bán lẻ trực tuyến,0,NONE
2594,Tích hợp công nghệ Blockchain trong ứng dụng giao dịch tài chính,Phát triển ứng dụng di động cho việc quản lý tài sản cá nhân,0,NONE
2595,Tích hợp công nghệ Blockchain trong ứng dụng giao dịch tài chính,Nghiên cứu và triển khai công nghệ trí tuệ nhân tạo trong việc tối ưu hóa quá trình sản xuất,0,NONE
2596,Tích hợp công nghệ Blockchain trong ứng dụng giao dịch tài chính,Tối ưu hóa và phân tích thuật toán Machine Learning trong việc dự đoán xu hướng thị trường,0,NONE
2597,Tích hợp công nghệ Blockchain trong ứng dụng giao dịch tài chính,Xây dựng hệ thống quản lý học tập và đào tạo trực tuyến,0,NONE
2598,Tích hợp công nghệ Blockchain trong ứng dụng giao dịch tài chính,Phát triển ứng dụng di động cho việc quản lý lịch trình cá nhân,0,NONE
2599,Tích hợp công nghệ Blockchain trong ứng dụng giao dịch tài chính,Nghiên cứu và triển khai công nghệ xử lý ngôn ngữ tự nhiên trong ứng dụng di động,0,NONE
2600,Tích hợp công nghệ Blockchain trong ứng dụng giao dịch tài chính,Tối ưu hóa và cải thiện hiệu suất hệ thống điều khiển tự động bằng Machine Learning,0,NONE
2601,Tích hợp công nghệ Blockchain trong ứng dụng giao dịch tài chính,Xây dựng hệ thống quản lý dự án trực tuyến dành cho ngành xây dựng,0,NONE
2602,Tích hợp công nghệ Blockchain trong ứng dụng giao dịch tài chính,Phát triển ứng dụng di động cho việc quản lý việc thực hiện dự án,0,NONE
2603,Tích hợp công nghệ Blockchain trong ứng dụng giao dịch tài chính,Nghiên cứu và triển khai công nghệ trích xuất thông tin từ các tài liệu kỹ thuật,0,NONE
2604,Tích hợp công nghệ Blockchain trong ứng dụng giao dịch tài chính,Tối ưu hóa và phân tích thuật toán tìm kiếm thông tin trong dữ liệu lớn,0,NONE
2605,Tích hợp công nghệ Blockchain trong ứng dụng giao dịch tài chính,Xây dựng hệ thống quản lý dự án phân tán và đa ngôn ngữ,0,NONE
2606,Tích hợp công nghệ Blockchain trong ứng dụng giao dịch tài chính,Phát triển ứng dụng di động cho việc quản lý công việc trong doanh nghiệp,0,NONE
2607,Tích hợp công nghệ Blockchain trong ứng dụng giao dịch tài chính,Nghiên cứu và triển khai công nghệ trí tuệ nhân tạo trong việc tự động hóa quy trình sản xuất,0,NONE
2608,Tích hợp công nghệ Blockchain trong ứng dụng giao dịch tài chính,Tối ưu hóa và cải thiện hiệu suất hệ thống truyền thông âm thanh/viễn thông,0,NONE
2609,Tích hợp công nghệ Blockchain trong ứng dụng giao dịch tài chính,Xây dựng hệ thống quản lý đối tác và khách hàng trực tuyến,0,NONE
2610,Tích hợp công nghệ Blockchain trong ứng dụng giao dịch tài chính,Phát triển ứng dụng di động cho việc quản lý tài chính cá nhân và đầu tư,0,NONE
2611,Tích hợp công nghệ Blockchain trong ứng dụng giao dịch tài chính,Nghiên cứu và triển khai công nghệ dự đoán và phân loại trong việc quản lý dữ liệu,0,NONE
2612,Tích hợp công nghệ Blockchain trong ứng dụng giao dịch tài chính,Tối ưu hóa và phân tích thuật toán Machine Learning trong việc dự đoán xu hướng người dùng,0,NONE
2613,Tích hợp công nghệ Blockchain trong ứng dụng giao dịch tài chính,Xây dựng hệ thống quản lý nhà trường và đào tạo trực tuyến,0,NONE
2614,Tích hợp công nghệ Blockchain trong ứng dụng giao dịch tài chính,Phát triển ứng dụng di động cho việc quản lý việc giải trí và giải trí,0,NONE
2615,Tích hợp công nghệ Blockchain trong ứng dụng giao dịch tài chính,Nghiên cứu và triển khai công nghệ trích xuất dữ liệu từ các tài liệu văn bản kỹ thuật,0,NONE
2616,Tích hợp công nghệ Blockchain trong ứng dụng giao dịch tài chính,Tối ưu hóa và cải thiện hiệu suất hệ thống truyền thông dữ liệu lớn,0,NONE
2617,Tích hợp công nghệ Blockchain trong ứng dụng giao dịch tài chính,Xây dựng hệ thống quản lý dự án phân tán và đa nền tảng dành cho doanh nghiệp,0,NONE
2618,Tích hợp công nghệ Blockchain trong ứng dụng giao dịch tài chính,Phát triển ứng dụng di động cho việc quản lý việc kinh doanh và doanh nghiệp,0,NONE
2619,Tích hợp công nghệ Blockchain trong ứng dụng giao dịch tài chính,Nghiên cứu và triển khai công nghệ trí tuệ nhân tạo trong việc cải thiện quá trình sản xuất,0,NONE
2620,Tích hợp công nghệ Blockchain trong ứng dụng giao dịch tài chính,Tối ưu hóa và phân tích thuật toán tìm kiếm thông tin trong ứng dụng di động,0,NONE
2621,Tích hợp công nghệ Blockchain trong ứng dụng giao dịch tài chính,Xây dựng hệ thống quản lý dự án phân tán và đa nền tảng dành cho ngành quảng cáo và marketing,0,NONE
2622,Tích hợp công nghệ Blockchain trong ứng dụng giao dịch tài chính,Phát triển ứng dụng di động cho việc quản lý việc kinh doanh và bán hàng,0,NONE
2623,Tích hợp công nghệ Blockchain trong ứng dụng giao dịch tài chính,Nghiên cứu và triển khai công nghệ xử lý ngôn ngữ tự nhiên trong ứng dụng web,0,NONE
2624,Tích hợp công nghệ Blockchain trong ứng dụng giao dịch tài chính,Tối ưu hóa và cải thiện hiệu suất hệ thống điều khiển tự động trong môi trường công nghiệp,0,NONE
2625,Tích hợp công nghệ Blockchain trong ứng dụng giao dịch tài chính,Xây dựng hệ thống quản lý tài chính và thu chi cá nhân trực tuyến,0,NONE
2626,Tích hợp công nghệ Blockchain trong ứng dụng giao dịch tài chính,Phát triển ứng dụng di động cho việc quản lý việc học tập và nghiên cứu,0,NONE
2627,Tích hợp công nghệ Blockchain trong ứng dụng giao dịch tài chính,Nghiên cứu và triển khai công nghệ trí tuệ nhân tạo trong việc tối ưu hóa dự đoán thị trường tài chính,0,NONE
2628,Tích hợp công nghệ Blockchain trong ứng dụng giao dịch tài chính,Tối ưu hóa và phân tích thuật toán Machine Learning trong việc dự đoán xu hướng kỹ thuật số,0,NONE
2629,Tích hợp công nghệ Blockchain trong ứng dụng giao dịch tài chính,Xây dựng hệ thống quản lý sản xuất và lịch trình sản xuất trực tuyến,0,NONE
2630,Tích hợp công nghệ Blockchain trong ứng dụng giao dịch tài chính,Phát triển ứng dụng di động cho việc quản lý việc học và đào tạo,0,NONE
2631,Tích hợp công nghệ Blockchain trong ứng dụng giao dịch tài chính,Nghiên cứu và triển khai công nghệ trích xuất thông tin từ ảnh và video kỹ thuật số,0,NONE
2632,Tích hợp công nghệ Blockchain trong ứng dụng giao dịch tài chính,Tối ưu hóa và cải thiện hiệu suất hệ thống truyền thông trực tuyến,0,NONE
2633,Tích hợp công nghệ Blockchain trong ứng dụng giao dịch tài chính,Xây dựng hệ thống quản lý nhà trường và đào tạo dành cho sinh viên,0,NONE
2634,Tích hợp công nghệ Blockchain trong ứng dụng giao dịch tài chính,Phát triển ứng dụng di động cho việc quản lý công việc trong lĩnh vực giáo dục,0,NONE
2635,Tích hợp công nghệ Blockchain trong ứng dụng giao dịch tài chính,Nghiên cứu và triển khai công nghệ dự đoán và phân loại dữ liệu lớn,0,NONE
2636,Tích hợp công nghệ Blockchain trong ứng dụng giao dịch tài chính,Tối ưu hóa và phân tích thuật toán Machine Learning trong việc dự đoán xu hướng người dùng,0,NONE
2637,Tích hợp công nghệ Blockchain trong ứng dụng giao dịch tài chính,Xây dựng hệ thống quản lý học tập và đào tạo dành cho doanh nghiệp,0,NONE
2638,Tích hợp công nghệ Blockchain trong ứng dụng giao dịch tài chính,Phát triển ứng dụng di động cho việc quản lý sự kiện và tổ chức,0,NONE
2639,Tích hợp công nghệ Blockchain trong ứng dụng giao dịch tài chính,Nghiên cứu và triển khai công nghệ trích xuất dữ liệu từ các tài liệu kỹ thuật,0,NONE
2640,Tích hợp công nghệ Blockchain trong ứng dụng giao dịch tài chính,Tối ưu hóa và cải thiện hiệu suất hệ thống truyền thông mạng máy tính,0,NONE
2641,Tích hợp công nghệ Blockchain trong ứng dụng giao dịch tài chính,Xây dựng hệ thống quản lý dự án phân tán và đa nền tảng cho các dự án nghiên cứu khoa học,0,NONE
2642,Tích hợp công nghệ Blockchain trong ứng dụng giao dịch tài chính,Phát triển ứng dụng di động cho việc quản lý việc tham gia các hoạt động xã hội và tình nguyện,0,NONE
2643,Tích hợp công nghệ Blockchain trong ứng dụng giao dịch tài chính,Nghiên cứu và triển khai công nghệ trí tuệ nhân tạo trong việc tự động hóa quy trình sản xuất,0,NONE
2644,Tích hợp công nghệ Blockchain trong ứng dụng giao dịch tài chính,Tối ưu hóa và phân tích thuật toán tìm kiếm thông tin trong ứng dụng web,0,NONE
2645,Tích hợp công nghệ Blockchain trong ứng dụng giao dịch tài chính,Xây dựng hệ thống quản lý đối tác và khách hàng trực tuyến dành cho ngành dịch vụ,0,NONE
2646,Tích hợp công nghệ Blockchain trong ứng dụng giao dịch tài chính,Phát triển ứng dụng di động cho việc quản lý công việc trong doanh nghiệp,0,NONE
2647,Tích hợp công nghệ Blockchain trong ứng dụng giao dịch tài chính,Nghiên cứu và triển khai công nghệ trích xuất dữ liệu từ các tài liệu văn bản kỹ thuật,0,NONE
2648,Tích hợp công nghệ Blockchain trong ứng dụng giao dịch tài chính,Tối ưu hóa và cải thiện hiệu suất hệ thống truyền thông dữ liệu lớn,0,NONE
2649,Tích hợp công nghệ Blockchain trong ứng dụng giao dịch tài chính,Xây dựng hệ thống quản lý dự án phân tán và đa nền tảng dành cho ngành giáo dục,0,NONE
2650,Tích hợp công nghệ Blockchain trong ứng dụng giao dịch tài chính,Phát triển ứng dụng di động cho việc kinh doanh và doanh nghiệp,0,NONE
2651,Tích hợp công nghệ Blockchain trong ứng dụng giao dịch tài chính,Nghiên cứu và triển khai công nghệ xử lý ngôn ngữ tự nhiên trong ứng dụng di động,0,NONE
2652,Tích hợp công nghệ Blockchain trong ứng dụng giao dịch tài chính,Tối ưu hóa và cải thiện hiệu suất hệ thống điều khiển tự động trong môi trường công nghiệp,0,NONE
2653,Tích hợp công nghệ Blockchain trong ứng dụng giao dịch tài chính,Xây dựng hệ thống quản lý tài chính và thu chi cá nhân trực tuyến,0,NONE
2654,Tích hợp công nghệ Blockchain trong ứng dụng giao dịch tài chính,Phát triển ứng dụng di động cho việc học tập và nghiên cứu,0,NONE
2655,Tích hợp công nghệ Blockchain trong ứng dụng giao dịch tài chính,Nghiên cứu và triển khai công nghệ trí tuệ nhân tạo trong việc cải thiện quá trình sản xuất,0,NONE
2656,Tích hợp công nghệ Blockchain trong ứng dụng giao dịch tài chính,Tối ưu hóa và phân tích thuật toán tìm kiếm thông tin trong ứng dụng di động,0,NONE
2657,Tích hợp công nghệ Blockchain trong ứng dụng giao dịch tài chính,Xây dựng hệ thống quản lý dự án phân tán và đa nền tảng dành cho ngành quảng cáo và marketing,0,NONE
2658,Tích hợp công nghệ Blockchain trong ứng dụng giao dịch tài chính,Phát triển ứng dụng di động cho việc kinh doanh và bán hàng,0,NONE
2659,Tích hợp công nghệ Blockchain trong ứng dụng giao dịch tài chính,Nghiên cứu và triển khai công nghệ trích xuất thông tin từ ảnh và video kỹ thuật số,0,NONE
2660,Tích hợp công nghệ Blockchain trong ứng dụng giao dịch tài chính,Tối ưu hóa và cải thiện hiệu suất hệ thống truyền thông trực tuyến,0,NONE
2661,Tích hợp công nghệ Blockchain trong ứng dụng giao dịch tài chính,Xây dựng hệ thống quản lý nhà trường và đào tạo dành cho sinh viên,0,NONE
2662,Tích hợp công nghệ Blockchain trong ứng dụng giao dịch tài chính,Phát triển ứng dụng di động cho việc quản lý công việc trong lĩnh vực giáo dục,0,NONE
2663,Tích hợp công nghệ Blockchain trong ứng dụng giao dịch tài chính,Nghiên cứu và triển khai công nghệ dự đoán và phân loại dữ liệu lớn,0,NONE
2664,Tích hợp công nghệ Blockchain trong ứng dụng giao dịch tài chính,Tối ưu hóa và phân tích thuật toán Machine Learning trong việc dự đoán xu hướng người dùng,0,NONE
2665,Tích hợp công nghệ Blockchain trong ứng dụng giao dịch tài chính,Xây dựng hệ thống quản lý học tập và đào tạo dành cho doanh nghiệp,0,NONE
2666,Tích hợp công nghệ Blockchain trong ứng dụng giao dịch tài chính,Phát triển ứng dụng di động cho việc quản lý sự kiện và tổ chức,0,NONE
2667,Tích hợp công nghệ Blockchain trong ứng dụng giao dịch tài chính,Nghiên cứu và triển khai công nghệ trích xuất dữ liệu từ các tài liệu kỹ thuật,0,NONE
2668,Tích hợp công nghệ Blockchain trong ứng dụng giao dịch tài chính,Tối ưu hóa và cải thiện hiệu suất hệ thống truyền thông mạng máy tính,0,NONE
2669,Tích hợp công nghệ Blockchain trong ứng dụng giao dịch tài chính,Xây dựng hệ thống quản lý dự án phân tán và đa nền tảng cho các dự án nghiên cứu khoa học,0,NONE
2670,Tích hợp công nghệ Blockchain trong ứng dụng giao dịch tài chính,Phát triển ứng dụng di động cho việc quản lý việc tham gia các hoạt động xã hội và tình nguyện,0,NONE
2671,Tích hợp công nghệ Blockchain trong ứng dụng giao dịch tài chính,Nghiên cứu và triển khai công nghệ trí tuệ nhân tạo trong việc tự động hóa quy trình sản xuất,0,NONE
2672,Tích hợp công nghệ Blockchain trong ứng dụng giao dịch tài chính,Tối ưu hóa và phân tích thuật toán tìm kiếm thông tin trong ứng dụng web,0,NONE
2673,Tích hợp công nghệ Blockchain trong ứng dụng giao dịch tài chính,Xây dựng hệ thống quản lý đối tác và khách hàng trực tuyến dành cho ngành dịch vụ,0,NONE
2674,Tích hợp công nghệ Blockchain trong ứng dụng giao dịch tài chính,Phát triển ứng dụng di động cho việc quản lý công việc trong doanh nghiệp,0,NONE
2675,Tích hợp công nghệ Blockchain trong ứng dụng giao dịch tài chính,Nghiên cứu và triển khai công nghệ trích xuất dữ liệu từ các tài liệu văn bản kỹ thuật,0,NONE
2676,Tích hợp công nghệ Blockchain trong ứng dụng giao dịch tài chính,Tối ưu hóa và cải thiện hiệu suất hệ thống truyền thông dữ liệu lớn,0,NONE
2677,Tích hợp công nghệ Blockchain trong ứng dụng giao dịch tài chính,Xây dựng hệ thống quản lý dự án phân tán và đa nền tảng dành cho ngành giáo dục,0,NONE
2678,Tích hợp công nghệ Blockchain trong ứng dụng giao dịch tài chính,Phát triển ứng dụng di động cho việc quản lý việc kinh doanh và doanh nghiệp,0,NONE
2679,Tích hợp công nghệ Blockchain trong ứng dụng giao dịch tài chính,Nghiên cứu và triển khai công nghệ xử lý ngôn ngữ tự nhiên trong ứng dụng di động,0,NONE
2680,Tích hợp công nghệ Blockchain trong ứng dụng giao dịch tài chính,Tối ưu hóa và cải thiện hiệu suất hệ thống điều khiển tự động trong môi trường công nghiệp,0,NONE
2681,Tích hợp công nghệ Blockchain trong ứng dụng giao dịch tài chính,Xây dựng hệ thống quản lý tài chính và thu chi cá nhân trực tuyến,0,NONE
2682,Tích hợp công nghệ Blockchain trong ứng dụng giao dịch tài chính,Phát triển ứng dụng di động cho việc quản lý việc học tập và nghiên cứu,0,NONE
2683,Tích hợp công nghệ Blockchain trong ứng dụng giao dịch tài chính,Nghiên cứu và triển khai công nghệ trí tuệ nhân tạo trong việc cải thiện quá trình sản xuất,0,NONE
2684,Tích hợp công nghệ Blockchain trong ứng dụng giao dịch tài chính,Tối ưu hóa và phân tích thuật toán tìm kiếm thông tin trong ứng dụng di động,0,NONE
2685,Tích hợp công nghệ Blockchain trong ứng dụng giao dịch tài chính,Xây dựng hệ thống quản lý dự án phân tán và đa nền tảng dành cho ngành quảng cáo và marketing,0,NONE
2686,Tích hợp công nghệ Blockchain trong ứng dụng giao dịch tài chính,Phát triển ứng dụng di động cho việc quản lý việc kinh doanh và bán hàng,0,NONE
2687,Tích hợp công nghệ Blockchain trong ứng dụng giao dịch tài chính,Nghiên cứu và triển khai công nghệ trích xuất thông tin từ ảnh và video kỹ thuật số,0,NONE
2688,Tích hợp công nghệ Blockchain trong ứng dụng giao dịch tài chính,Tối ưu hóa và cải thiện hiệu suất hệ thống truyền thông trực tuyến,0,NONE
2689,Tích hợp công nghệ Blockchain trong ứng dụng giao dịch tài chính,Xây dựng hệ thống quản lý nhà trường và đào tạo dành cho sinh viên,0,NONE
2690,Tích hợp công nghệ Blockchain trong ứng dụng giao dịch tài chính,Phát triển ứng dụng di động cho việc quản lý công việc trong lĩnh vực giáo dục,0,NONE
2691,Tích hợp công nghệ Blockchain trong ứng dụng giao dịch tài chính,Nghiên cứu và triển khai công nghệ dự đoán và phân loại dữ liệu lớn,0,NONE
2692,Tích hợp công nghệ Blockchain trong ứng dụng giao dịch tài chính,Tối ưu hóa và phân tích thuật toán Machine Learning trong việc dự đoán xu hướng người dùng,0,NONE
2693,Tích hợp công nghệ Blockchain trong ứng dụng giao dịch tài chính,Xây dựng hệ thống quản lý học tập và đào tạo dành cho doanh nghiệp,0,NONE
2694,Tích hợp công nghệ Blockchain trong ứng dụng giao dịch tài chính,Phát triển ứng dụng di động cho việc quản lý sự kiện và tổ chức,0,NONE
2695,Tích hợp công nghệ Blockchain trong ứng dụng giao dịch tài chính,Nghiên cứu và triển khai công nghệ trích xuất dữ liệu từ các tài liệu kỹ thuật,0,NONE
2696,Phân tích và đánh giá các nguy cơ an ninh trong ứng dụng di động,Xây dựng ứng dụng e-commerce với tích hợp thanh toán trực tuyến,0,NONE
2697,Phân tích và đánh giá các nguy cơ an ninh trong ứng dụng di động,Phát triển ứng dụng trợ lý ảo cho việc lập kế hoạch cá nhân,0,NONE
2698,Phân tích và đánh giá các nguy cơ an ninh trong ứng dụng di động,Xây dựng hệ thống quản lý nhân sự và lương bằng CNTT,0,NONE
2699,Phân tích và đánh giá các nguy cơ an ninh trong ứng dụng di động,Nghiên cứu và phát triển giải pháp an ninh mạng,0,NONE
2700,Phân tích và đánh giá các nguy cơ an ninh trong ứng dụng di động,Tối ưu hóa cơ sở dữ liệu NoSQL cho ứng dụng web,0,NONE
2701,Phân tích và đánh giá các nguy cơ an ninh trong ứng dụng di động,Phân tích và cải thiện hiệu suất của ứng dụng trên nền tảng di động,0,NONE
2702,Phân tích và đánh giá các nguy cơ an ninh trong ứng dụng di động,Xây dựng ứng dụng học ngoại ngữ trực tuyến,0,NONE
2703,Phân tích và đánh giá các nguy cơ an ninh trong ứng dụng di động,Phân tích và phát triển hệ thống nhận dạng khuôn mặt,0,NONE
2704,Phân tích và đánh giá các nguy cơ an ninh trong ứng dụng di động,Xây dựng hệ thống quản lý khách hàng (CRM) đa nền tảng,0,NONE
2705,Phân tích và đánh giá các nguy cơ an ninh trong ứng dụng di động,Nghiên cứu và triển khai công nghệ 5G,0,NONE
2706,Phân tích và đánh giá các nguy cơ an ninh trong ứng dụng di động,Xây dựng hệ thống thông tin địa lý (GIS) cho bản đồ trực tuyến,0,NONE
2707,Phân tích và đánh giá các nguy cơ an ninh trong ứng dụng di động,Phân tích và tối ưu hóa cấu trúc dữ liệu của ứng dụng,0,NONE
2708,Phân tích và đánh giá các nguy cơ an ninh trong ứng dụng di động,Phát triển ứng dụng hỗ trợ việc học trực tuyến,0,NONE
2709,Phân tích và đánh giá các nguy cơ an ninh trong ứng dụng di động,Nghiên cứu và triển khai công nghệ truyền dẫn âm thanh/viễn thông,0,NONE
2710,Phân tích và đánh giá các nguy cơ an ninh trong ứng dụng di động,Xây dựng ứng dụng hỗ trợ việc tạo và quản lý lịch trình,0,NONE
2711,Phân tích và đánh giá các nguy cơ an ninh trong ứng dụng di động,Nghiên cứu và triển khai hệ thống giám sát môi trường sử dụng Công nghệ Internet of Things (IoT),0,NONE
2712,Phân tích và đánh giá các nguy cơ an ninh trong ứng dụng di động,Phát triển ứng dụng di động cho việc quản lý công việc cá nhân,0,NONE
2713,Phân tích và đánh giá các nguy cơ an ninh trong ứng dụng di động,Nghiên cứu và triển khai công nghệ trí tuệ nhân tạo trong ứng dụng y tế,0,NONE
2714,Phân tích và đánh giá các nguy cơ an ninh trong ứng dụng di động,Xây dựng hệ thống quản lý tài liệu trực tuyến,0,NONE
2715,Phân tích và đánh giá các nguy cơ an ninh trong ứng dụng di động,Phân tích và phát triển hệ thống gợi ý sản phẩm cho các trang thương mại điện tử,0,NONE
2716,Phân tích và đánh giá các nguy cơ an ninh trong ứng dụng di động,Triển khai hệ thống giám sát mạng máy tính,0,NONE
2717,Phân tích và đánh giá các nguy cơ an ninh trong ứng dụng di động,Xây dựng ứng dụng trò chơi trên nền tảng di động,0,NONE
2718,Phân tích và đánh giá các nguy cơ an ninh trong ứng dụng di động,Nghiên cứu và triển khai công nghệ Blockchain trong lĩnh vực tài chính,0,NONE
2719,Phân tích và đánh giá các nguy cơ an ninh trong ứng dụng di động,Tối ưu hóa và cải thiện hiệu suất cơ sở dữ liệu SQL,0,NONE
2720,Phân tích và đánh giá các nguy cơ an ninh trong ứng dụng di động,Phát triển ứng dụng quản lý học tập trực tuyến,0,NONE
2721,Phân tích và đánh giá các nguy cơ an ninh trong ứng dụng di động,Nghiên cứu về bảo mật và đánh giá rủi ro của ứng dụng web,0,NONE
2722,Phân tích và đánh giá các nguy cơ an ninh trong ứng dụng di động,Phát triển hệ thống dự đoán thời tiết thông qua dữ liệu lớn,0,NONE
2723,Phân tích và đánh giá các nguy cơ an ninh trong ứng dụng di động,Xây dựng hệ thống điều khiển các thiết bị thông qua ứng dụng di động,0,NONE
2724,Phân tích và đánh giá các nguy cơ an ninh trong ứng dụng di động,Phân tích và phát triển hệ thống chấm công nhân viên tự động,0,NONE
2725,Phân tích và đánh giá các nguy cơ an ninh trong ứng dụng di động,Tối ưu hóa và phân tích độ phức tạp của thuật toán,0,NONE
2726,Phân tích và đánh giá các nguy cơ an ninh trong ứng dụng di động,Nghiên cứu và triển khai ứng dụng trợ lý ảo dựa trên trí tuệ nhân tạo,0,NONE
2727,Phân tích và đánh giá các nguy cơ an ninh trong ứng dụng di động,Xây dựng hệ thống quản lý nhà hàng và đặt hàng trực tuyến,0,NONE
2728,Phân tích và đánh giá các nguy cơ an ninh trong ứng dụng di động,Phát triển ứng dụng giao tiếp qua giọng nói,0,NONE
2729,Phân tích và đánh giá các nguy cơ an ninh trong ứng dụng di động,Nghiên cứu về công nghệ ảo hóa và triển khai máy ảo,0,NONE
2730,Phân tích và đánh giá các nguy cơ an ninh trong ứng dụng di động,Phát triển ứng dụng di động cho việc quản lý tài chính cá nhân,0,NONE
2731,Phân tích và đánh giá các nguy cơ an ninh trong ứng dụng di động,Tối ưu hóa và nâng cấp cơ sở dữ liệu NoSQL,0,NONE
2732,Phân tích và đánh giá các nguy cơ an ninh trong ứng dụng di động,Nghiên cứu và triển khai công nghệ mạng 5G,0,NONE
2733,Phân tích và đánh giá các nguy cơ an ninh trong ứng dụng di động,Xây dựng hệ thống đánh giá hiệu suất nhân viên dựa trên dữ liệu,0,NONE
2734,Phân tích và đánh giá các nguy cơ an ninh trong ứng dụng di động,Phát triển ứng dụng di động giúp người dùng tìm kiếm địa điểm du lịch,0,NONE
2735,Phân tích và đánh giá các nguy cơ an ninh trong ứng dụng di động,Nghiên cứu về công nghệ truyền thông âm thanh và hình ảnh,0,NONE
2736,Phân tích và đánh giá các nguy cơ an ninh trong ứng dụng di động,Xây dựng hệ thống quản lý sự kiện trực tuyến,0,NONE
2737,Phân tích và đánh giá các nguy cơ an ninh trong ứng dụng di động,Phát triển ứng dụng di động dành cho việc học ngoại ngữ,0,NONE
2738,Phân tích và đánh giá các nguy cơ an ninh trong ứng dụng di động,Tối ưu hóa và phân tích thuật toán Machine Learning,0,NONE
2739,Phân tích và đánh giá các nguy cơ an ninh trong ứng dụng di động,Nghiên cứu về công nghệ Internet of Things (IoT) trong việc quản lý năng lượng,0,NONE
2740,Phân tích và đánh giá các nguy cơ an ninh trong ứng dụng di động,Phát triển hệ thống giao dịch và thanh toán trực tuyến,0,NONE
2741,Phân tích và đánh giá các nguy cơ an ninh trong ứng dụng di động,Nghiên cứu và triển khai công nghệ trích xuất thông tin từ văn bản tự động,0,NONE
2742,Phân tích và đánh giá các nguy cơ an ninh trong ứng dụng di động,Xây dựng hệ thống quản lý kho hàng trực tuyến,0,NONE
2743,Phân tích và đánh giá các nguy cơ an ninh trong ứng dụng di động,Phát triển ứng dụng di động cho việc chăm sóc sức khỏe,0,NONE
2744,Phân tích và đánh giá các nguy cơ an ninh trong ứng dụng di động,Nghiên cứu và triển khai công nghệ trích xuất dữ liệu từ hình ảnh và video,0,NONE
2745,Phân tích và đánh giá các nguy cơ an ninh trong ứng dụng di động,Tối ưu hóa và nâng cao hiệu suất hệ thống điều khiển tự động,0,NONE
2746,Phân tích và đánh giá các nguy cơ an ninh trong ứng dụng di động,Xây dựng hệ thống quản lý dự án trực tuyến,0,NONE
2747,Phân tích và đánh giá các nguy cơ an ninh trong ứng dụng di động,Phát triển ứng dụng di động cho việc quản lý thời gian làm việc,0,NONE
2748,Phân tích và đánh giá các nguy cơ an ninh trong ứng dụng di động,Nghiên cứu về công nghệ trích xuất dữ liệu từ âm thanh và giọng nói,0,NONE
2749,Phân tích và đánh giá các nguy cơ an ninh trong ứng dụng di động,Tối ưu hóa và phân tích thuật toán tìm kiếm trực tuyến,0,NONE
2750,Phân tích và đánh giá các nguy cơ an ninh trong ứng dụng di động,Xây dựng hệ thống quản lý điểm danh và chấm công trực tuyến,0,NONE
2751,Phân tích và đánh giá các nguy cơ an ninh trong ứng dụng di động,Phát triển ứng dụng di động cho việc tìm kiếm nhà ở,0,NONE
2752,Phân tích và đánh giá các nguy cơ an ninh trong ứng dụng di động,Nghiên cứu và triển khai công nghệ xử lý ngôn ngữ tự nhiên,0,NONE
2753,Phân tích và đánh giá các nguy cơ an ninh trong ứng dụng di động,Tối ưu hóa và cải thiện hiệu suất hệ thống điều khiển đồng thời,0,NONE
2754,Phân tích và đánh giá các nguy cơ an ninh trong ứng dụng di động,Xây dựng hệ thống quản lý đào tạo và đánh giá nhân viên,0,NONE
2755,Phân tích và đánh giá các nguy cơ an ninh trong ứng dụng di động,Phát triển ứng dụng di động cho việc quản lý chi tiêu,0,NONE
2756,Phân tích và đánh giá các nguy cơ an ninh trong ứng dụng di động,Nghiên cứu và triển khai công nghệ trí tuệ nhân tạo trong ứng dụng thương mại điện tử,0,NONE
2757,Phân tích và đánh giá các nguy cơ an ninh trong ứng dụng di động,Tối ưu hóa và phân tích thuật toán Machine Learning sử dụng dữ liệu lớn,0,NONE
2758,Phân tích và đánh giá các nguy cơ an ninh trong ứng dụng di động,Xây dựng hệ thống quản lý chất lượng dịch vụ trực tuyến,0,NONE
2759,Phân tích và đánh giá các nguy cơ an ninh trong ứng dụng di động,Phát triển ứng dụng di động cho việc quản lý việc mua sắm,0,NONE
2760,Phân tích và đánh giá các nguy cơ an ninh trong ứng dụng di động,Nghiên cứu và triển khai công nghệ trích xuất dữ liệu từ các tài liệu văn bản,0,NONE
2761,Phân tích và đánh giá các nguy cơ an ninh trong ứng dụng di động,Tối ưu hóa và cải thiện hiệu suất hệ thống điều khiển thiết bị IoT,0,NONE
2762,Phân tích và đánh giá các nguy cơ an ninh trong ứng dụng di động,Xây dựng hệ thống quản lý tài nguyên con người trực tuyến,0,NONE
2763,Phân tích và đánh giá các nguy cơ an ninh trong ứng dụng di động,Phát triển ứng dụng di động cho việc quản lý công việc nhóm,0,NONE
2764,Phân tích và đánh giá các nguy cơ an ninh trong ứng dụng di động,Nghiên cứu và triển khai công nghệ dự đoán và phân loại dữ liệu,0,NONE
2765,Phân tích và đánh giá các nguy cơ an ninh trong ứng dụng di động,Tối ưu hóa và phân tích thuật toán tối ưu trong quản lý dự án,0,NONE
2766,Phân tích và đánh giá các nguy cơ an ninh trong ứng dụng di động,Xây dựng hệ thống quản lý vận hành nhà máy trực tuyến,0,NONE
2767,Phân tích và đánh giá các nguy cơ an ninh trong ứng dụng di động,Phát triển ứng dụng di động cho việc học và rèn luyện kỹ năng,0,NONE
2768,Phân tích và đánh giá các nguy cơ an ninh trong ứng dụng di động,Nghiên cứu và triển khai công nghệ trí tuệ nhân tạo trong lĩnh vực giáo dục,0,NONE
2769,Phân tích và đánh giá các nguy cơ an ninh trong ứng dụng di động,Tối ưu hóa và cải thiện hiệu suất hệ thống quản lý lưu trữ dữ liệu,0,NONE
2770,Phân tích và đánh giá các nguy cơ an ninh trong ứng dụng di động,Xây dựng hệ thống quản lý dự án phân tán và đa nền tảng,0,NONE
2771,Phân tích và đánh giá các nguy cơ an ninh trong ứng dụng di động,Phát triển ứng dụng di động cho việc quản lý việc du lịch,0,NONE
2772,Phân tích và đánh giá các nguy cơ an ninh trong ứng dụng di động,Nghiên cứu và triển khai công nghệ trí tuệ nhân tạo trong việc dự đoán thị trường tài chính,0,NONE
2773,Phân tích và đánh giá các nguy cơ an ninh trong ứng dụng di động,Tối ưu hóa và phân tích thuật toán trong lĩnh vực trích xuất thông tin từ ảnh và video,0,NONE
2774,Phân tích và đánh giá các nguy cơ an ninh trong ứng dụng di động,Xây dựng hệ thống quản lý tài nguyên nhân sự trực tuyến,0,NONE
2775,Phân tích và đánh giá các nguy cơ an ninh trong ứng dụng di động,Phát triển ứng dụng di động cho việc quản lý sức khỏe và thể dục,0,NONE
2776,Phân tích và đánh giá các nguy cơ an ninh trong ứng dụng di động,Nghiên cứu và triển khai công nghệ dự đoán và phân tích dữ liệu lớn,0,NONE
2777,Phân tích và đánh giá các nguy cơ an ninh trong ứng dụng di động,Tối ưu hóa và cải thiện hiệu suất hệ thống truyền thông đa phương tiện,0,NONE
2778,Phân tích và đánh giá các nguy cơ an ninh trong ứng dụng di động,Xây dựng hệ thống quản lý hoạt động bán lẻ trực tuyến,0,NONE
2779,Phân tích và đánh giá các nguy cơ an ninh trong ứng dụng di động,Phát triển ứng dụng di động cho việc quản lý tài sản cá nhân,0,NONE
2780,Phân tích và đánh giá các nguy cơ an ninh trong ứng dụng di động,Nghiên cứu và triển khai công nghệ trí tuệ nhân tạo trong việc tối ưu hóa quá trình sản xuất,0,NONE
2781,Phân tích và đánh giá các nguy cơ an ninh trong ứng dụng di động,Tối ưu hóa và phân tích thuật toán Machine Learning trong việc dự đoán xu hướng thị trường,0,NONE
2782,Phân tích và đánh giá các nguy cơ an ninh trong ứng dụng di động,Xây dựng hệ thống quản lý học tập và đào tạo trực tuyến,0,NONE
2783,Phân tích và đánh giá các nguy cơ an ninh trong ứng dụng di động,Phát triển ứng dụng di động cho việc quản lý lịch trình cá nhân,0,NONE
2784,Phân tích và đánh giá các nguy cơ an ninh trong ứng dụng di động,Nghiên cứu và triển khai công nghệ xử lý ngôn ngữ tự nhiên trong ứng dụng di động,0,NONE
2785,Phân tích và đánh giá các nguy cơ an ninh trong ứng dụng di động,Tối ưu hóa và cải thiện hiệu suất hệ thống điều khiển tự động bằng Machine Learning,0,NONE
2786,Phân tích và đánh giá các nguy cơ an ninh trong ứng dụng di động,Xây dựng hệ thống quản lý dự án trực tuyến dành cho ngành xây dựng,0,NONE
2787,Phân tích và đánh giá các nguy cơ an ninh trong ứng dụng di động,Phát triển ứng dụng di động cho việc quản lý việc thực hiện dự án,0,NONE
2788,Phân tích và đánh giá các nguy cơ an ninh trong ứng dụng di động,Nghiên cứu và triển khai công nghệ trích xuất thông tin từ các tài liệu kỹ thuật,0,NONE
2789,Phân tích và đánh giá các nguy cơ an ninh trong ứng dụng di động,Tối ưu hóa và phân tích thuật toán tìm kiếm thông tin trong dữ liệu lớn,0,NONE
2790,Phân tích và đánh giá các nguy cơ an ninh trong ứng dụng di động,Xây dựng hệ thống quản lý dự án phân tán và đa ngôn ngữ,0,NONE
2791,Phân tích và đánh giá các nguy cơ an ninh trong ứng dụng di động,Phát triển ứng dụng di động cho việc quản lý công việc trong doanh nghiệp,0,NONE
2792,Phân tích và đánh giá các nguy cơ an ninh trong ứng dụng di động,Nghiên cứu và triển khai công nghệ trí tuệ nhân tạo trong việc tự động hóa quy trình sản xuất,0,NONE
2793,Phân tích và đánh giá các nguy cơ an ninh trong ứng dụng di động,Tối ưu hóa và cải thiện hiệu suất hệ thống truyền thông âm thanh/viễn thông,0,NONE
2794,Phân tích và đánh giá các nguy cơ an ninh trong ứng dụng di động,Xây dựng hệ thống quản lý đối tác và khách hàng trực tuyến,0,NONE
2795,Phân tích và đánh giá các nguy cơ an ninh trong ứng dụng di động,Phát triển ứng dụng di động cho việc quản lý tài chính cá nhân và đầu tư,0,NONE
2796,Phân tích và đánh giá các nguy cơ an ninh trong ứng dụng di động,Nghiên cứu và triển khai công nghệ dự đoán và phân loại trong việc quản lý dữ liệu,0,NONE
2797,Phân tích và đánh giá các nguy cơ an ninh trong ứng dụng di động,Tối ưu hóa và phân tích thuật toán Machine Learning trong việc dự đoán xu hướng người dùng,0,NONE
2798,Phân tích và đánh giá các nguy cơ an ninh trong ứng dụng di động,Xây dựng hệ thống quản lý nhà trường và đào tạo trực tuyến,0,NONE
2799,Phân tích và đánh giá các nguy cơ an ninh trong ứng dụng di động,Phát triển ứng dụng di động cho việc quản lý việc giải trí và giải trí,0,NONE
2800,Phân tích và đánh giá các nguy cơ an ninh trong ứng dụng di động,Nghiên cứu và triển khai công nghệ trích xuất dữ liệu từ các tài liệu văn bản kỹ thuật,0,NONE
2801,Phân tích và đánh giá các nguy cơ an ninh trong ứng dụng di động,Tối ưu hóa và cải thiện hiệu suất hệ thống truyền thông dữ liệu lớn,0,NONE
2802,Phân tích và đánh giá các nguy cơ an ninh trong ứng dụng di động,Xây dựng hệ thống quản lý dự án phân tán và đa nền tảng dành cho doanh nghiệp,0,NONE
2803,Phân tích và đánh giá các nguy cơ an ninh trong ứng dụng di động,Phát triển ứng dụng di động cho việc quản lý việc kinh doanh và doanh nghiệp,0,NONE
2804,Phân tích và đánh giá các nguy cơ an ninh trong ứng dụng di động,Nghiên cứu và triển khai công nghệ trí tuệ nhân tạo trong việc cải thiện quá trình sản xuất,0,NONE
2805,Phân tích và đánh giá các nguy cơ an ninh trong ứng dụng di động,Tối ưu hóa và phân tích thuật toán tìm kiếm thông tin trong ứng dụng di động,0,NONE
2806,Phân tích và đánh giá các nguy cơ an ninh trong ứng dụng di động,Xây dựng hệ thống quản lý dự án phân tán và đa nền tảng dành cho ngành quảng cáo và marketing,0,NONE
2807,Phân tích và đánh giá các nguy cơ an ninh trong ứng dụng di động,Phát triển ứng dụng di động cho việc quản lý việc kinh doanh và bán hàng,0,NONE
2808,Phân tích và đánh giá các nguy cơ an ninh trong ứng dụng di động,Nghiên cứu và triển khai công nghệ xử lý ngôn ngữ tự nhiên trong ứng dụng web,0,NONE
2809,Phân tích và đánh giá các nguy cơ an ninh trong ứng dụng di động,Tối ưu hóa và cải thiện hiệu suất hệ thống điều khiển tự động trong môi trường công nghiệp,0,NONE
2810,Phân tích và đánh giá các nguy cơ an ninh trong ứng dụng di động,Xây dựng hệ thống quản lý tài chính và thu chi cá nhân trực tuyến,0,NONE
2811,Phân tích và đánh giá các nguy cơ an ninh trong ứng dụng di động,Phát triển ứng dụng di động cho việc quản lý việc học tập và nghiên cứu,0,NONE
2812,Phân tích và đánh giá các nguy cơ an ninh trong ứng dụng di động,Nghiên cứu và triển khai công nghệ trí tuệ nhân tạo trong việc tối ưu hóa dự đoán thị trường tài chính,0,NONE
2813,Phân tích và đánh giá các nguy cơ an ninh trong ứng dụng di động,Tối ưu hóa và phân tích thuật toán Machine Learning trong việc dự đoán xu hướng kỹ thuật số,0,NONE
2814,Phân tích và đánh giá các nguy cơ an ninh trong ứng dụng di động,Xây dựng hệ thống quản lý sản xuất và lịch trình sản xuất trực tuyến,0,NONE
2815,Phân tích và đánh giá các nguy cơ an ninh trong ứng dụng di động,Phát triển ứng dụng di động cho việc quản lý việc học và đào tạo,0,NONE
2816,Phân tích và đánh giá các nguy cơ an ninh trong ứng dụng di động,Nghiên cứu và triển khai công nghệ trích xuất thông tin từ ảnh và video kỹ thuật số,0,NONE
2817,Phân tích và đánh giá các nguy cơ an ninh trong ứng dụng di động,Tối ưu hóa và cải thiện hiệu suất hệ thống truyền thông trực tuyến,0,NONE
2818,Phân tích và đánh giá các nguy cơ an ninh trong ứng dụng di động,Xây dựng hệ thống quản lý nhà trường và đào tạo dành cho sinh viên,0,NONE
2819,Phân tích và đánh giá các nguy cơ an ninh trong ứng dụng di động,Phát triển ứng dụng di động cho việc quản lý công việc trong lĩnh vực giáo dục,0,NONE
2820,Phân tích và đánh giá các nguy cơ an ninh trong ứng dụng di động,Nghiên cứu và triển khai công nghệ dự đoán và phân loại dữ liệu lớn,0,NONE
2821,Phân tích và đánh giá các nguy cơ an ninh trong ứng dụng di động,Tối ưu hóa và phân tích thuật toán Machine Learning trong việc dự đoán xu hướng người dùng,0,NONE
2822,Phân tích và đánh giá các nguy cơ an ninh trong ứng dụng di động,Xây dựng hệ thống quản lý học tập và đào tạo dành cho doanh nghiệp,0,NONE
2823,Phân tích và đánh giá các nguy cơ an ninh trong ứng dụng di động,Phát triển ứng dụng di động cho việc quản lý sự kiện và tổ chức,0,NONE
2824,Phân tích và đánh giá các nguy cơ an ninh trong ứng dụng di động,Nghiên cứu và triển khai công nghệ trích xuất dữ liệu từ các tài liệu kỹ thuật,0,NONE
2825,Phân tích và đánh giá các nguy cơ an ninh trong ứng dụng di động,Tối ưu hóa và cải thiện hiệu suất hệ thống truyền thông mạng máy tính,0,NONE
2826,Phân tích và đánh giá các nguy cơ an ninh trong ứng dụng di động,Xây dựng hệ thống quản lý dự án phân tán và đa nền tảng cho các dự án nghiên cứu khoa học,0,NONE
2827,Phân tích và đánh giá các nguy cơ an ninh trong ứng dụng di động,Phát triển ứng dụng di động cho việc quản lý việc tham gia các hoạt động xã hội và tình nguyện,1,LOW
2828,Phân tích và đánh giá các nguy cơ an ninh trong ứng dụng di động,Nghiên cứu và triển khai công nghệ trí tuệ nhân tạo trong việc tự động hóa quy trình sản xuất,0,NONE
2829,Phân tích và đánh giá các nguy cơ an ninh trong ứng dụng di động,Tối ưu hóa và phân tích thuật toán tìm kiếm thông tin trong ứng dụng web,0,NONE
2830,Phân tích và đánh giá các nguy cơ an ninh trong ứng dụng di động,Xây dựng hệ thống quản lý đối tác và khách hàng trực tuyến dành cho ngành dịch vụ,0,NONE
2831,Phân tích và đánh giá các nguy cơ an ninh trong ứng dụng di động,Phát triển ứng dụng di động cho việc quản lý công việc trong doanh nghiệp,0,NONE
2832,Phân tích và đánh giá các nguy cơ an ninh trong ứng dụng di động,Nghiên cứu và triển khai công nghệ trích xuất dữ liệu từ các tài liệu văn bản kỹ thuật,0,NONE
2833,Phân tích và đánh giá các nguy cơ an ninh trong ứng dụng di động,Tối ưu hóa và cải thiện hiệu suất hệ thống truyền thông dữ liệu lớn,0,NONE
2834,Phân tích và đánh giá các nguy cơ an ninh trong ứng dụng di động,Xây dựng hệ thống quản lý dự án phân tán và đa nền tảng dành cho ngành giáo dục,0,NONE
2835,Phân tích và đánh giá các nguy cơ an ninh trong ứng dụng di động,Phát triển ứng dụng di động cho việc kinh doanh và doanh nghiệp,0,NONE
2836,Phân tích và đánh giá các nguy cơ an ninh trong ứng dụng di động,Nghiên cứu và triển khai công nghệ xử lý ngôn ngữ tự nhiên trong ứng dụng di động,0,NONE
2837,Phân tích và đánh giá các nguy cơ an ninh trong ứng dụng di động,Tối ưu hóa và cải thiện hiệu suất hệ thống điều khiển tự động trong môi trường công nghiệp,0,NONE
2838,Phân tích và đánh giá các nguy cơ an ninh trong ứng dụng di động,Xây dựng hệ thống quản lý tài chính và thu chi cá nhân trực tuyến,0,NONE
2839,Phân tích và đánh giá các nguy cơ an ninh trong ứng dụng di động,Phát triển ứng dụng di động cho việc học tập và nghiên cứu,0,NONE
2840,Phân tích và đánh giá các nguy cơ an ninh trong ứng dụng di động,Nghiên cứu và triển khai công nghệ trí tuệ nhân tạo trong việc cải thiện quá trình sản xuất,0,NONE
2841,Phân tích và đánh giá các nguy cơ an ninh trong ứng dụng di động,Tối ưu hóa và phân tích thuật toán tìm kiếm thông tin trong ứng dụng di động,0,NONE
2842,Phân tích và đánh giá các nguy cơ an ninh trong ứng dụng di động,Xây dựng hệ thống quản lý dự án phân tán và đa nền tảng dành cho ngành quảng cáo và marketing,0,NONE
2843,Phân tích và đánh giá các nguy cơ an ninh trong ứng dụng di động,Phát triển ứng dụng di động cho việc kinh doanh và bán hàng,0,NONE
2844,Phân tích và đánh giá các nguy cơ an ninh trong ứng dụng di động,Nghiên cứu và triển khai công nghệ trích xuất thông tin từ ảnh và video kỹ thuật số,0,NONE
2845,Phân tích và đánh giá các nguy cơ an ninh trong ứng dụng di động,Tối ưu hóa và cải thiện hiệu suất hệ thống truyền thông trực tuyến,0,NONE
2846,Phân tích và đánh giá các nguy cơ an ninh trong ứng dụng di động,Xây dựng hệ thống quản lý nhà trường và đào tạo dành cho sinh viên,0,NONE
2847,Phân tích và đánh giá các nguy cơ an ninh trong ứng dụng di động,Phát triển ứng dụng di động cho việc quản lý công việc trong lĩnh vực giáo dục,0,NONE
2848,Phân tích và đánh giá các nguy cơ an ninh trong ứng dụng di động,Nghiên cứu và triển khai công nghệ dự đoán và phân loại dữ liệu lớn,0,NONE
2849,Phân tích và đánh giá các nguy cơ an ninh trong ứng dụng di động,Tối ưu hóa và phân tích thuật toán Machine Learning trong việc dự đoán xu hướng người dùng,0,NONE
2850,Phân tích và đánh giá các nguy cơ an ninh trong ứng dụng di động,Xây dựng hệ thống quản lý học tập và đào tạo dành cho doanh nghiệp,0,NONE
2851,Phân tích và đánh giá các nguy cơ an ninh trong ứng dụng di động,Phát triển ứng dụng di động cho việc quản lý sự kiện và tổ chức,0,NONE
2852,Phân tích và đánh giá các nguy cơ an ninh trong ứng dụng di động,Nghiên cứu và triển khai công nghệ trích xuất dữ liệu từ các tài liệu kỹ thuật,0,NONE
2853,Phân tích và đánh giá các nguy cơ an ninh trong ứng dụng di động,Tối ưu hóa và cải thiện hiệu suất hệ thống truyền thông mạng máy tính,0,NONE
2854,Phân tích và đánh giá các nguy cơ an ninh trong ứng dụng di động,Xây dựng hệ thống quản lý dự án phân tán và đa nền tảng cho các dự án nghiên cứu khoa học,0,NONE
2855,Phân tích và đánh giá các nguy cơ an ninh trong ứng dụng di động,Phát triển ứng dụng di động cho việc quản lý việc tham gia các hoạt động xã hội và tình nguyện,1,LOW
2856,Phân tích và đánh giá các nguy cơ an ninh trong ứng dụng di động,Nghiên cứu và triển khai công nghệ trí tuệ nhân tạo trong việc tự động hóa quy trình sản xuất,0,NONE
2857,Phân tích và đánh giá các nguy cơ an ninh trong ứng dụng di động,Tối ưu hóa và phân tích thuật toán tìm kiếm thông tin trong ứng dụng web,0,NONE
2858,Phân tích và đánh giá các nguy cơ an ninh trong ứng dụng di động,Xây dựng hệ thống quản lý đối tác và khách hàng trực tuyến dành cho ngành dịch vụ,0,NONE
2859,Phân tích và đánh giá các nguy cơ an ninh trong ứng dụng di động,Phát triển ứng dụng di động cho việc quản lý công việc trong doanh nghiệp,0,NONE
2860,Phân tích và đánh giá các nguy cơ an ninh trong ứng dụng di động,Nghiên cứu và triển khai công nghệ trích xuất dữ liệu từ các tài liệu văn bản kỹ thuật,0,NONE
2861,Phân tích và đánh giá các nguy cơ an ninh trong ứng dụng di động,Tối ưu hóa và cải thiện hiệu suất hệ thống truyền thông dữ liệu lớn,0,NONE
2862,Phân tích và đánh giá các nguy cơ an ninh trong ứng dụng di động,Xây dựng hệ thống quản lý dự án phân tán và đa nền tảng dành cho ngành giáo dục,0,NONE
2863,Phân tích và đánh giá các nguy cơ an ninh trong ứng dụng di động,Phát triển ứng dụng di động cho việc quản lý việc kinh doanh và doanh nghiệp,0,NONE
2864,Phân tích và đánh giá các nguy cơ an ninh trong ứng dụng di động,Nghiên cứu và triển khai công nghệ xử lý ngôn ngữ tự nhiên trong ứng dụng di động,0,NONE
2865,Phân tích và đánh giá các nguy cơ an ninh trong ứng dụng di động,Tối ưu hóa và cải thiện hiệu suất hệ thống điều khiển tự động trong môi trường công nghiệp,0,NONE
2866,Phân tích và đánh giá các nguy cơ an ninh trong ứng dụng di động,Xây dựng hệ thống quản lý tài chính và thu chi cá nhân trực tuyến,0,NONE
2867,Phân tích và đánh giá các nguy cơ an ninh trong ứng dụng di động,Phát triển ứng dụng di động cho việc quản lý việc học tập và nghiên cứu,0,NONE
2868,Phân tích và đánh giá các nguy cơ an ninh trong ứng dụng di động,Nghiên cứu và triển khai công nghệ trí tuệ nhân tạo trong việc cải thiện quá trình sản xuất,0,NONE
2869,Phân tích và đánh giá các nguy cơ an ninh trong ứng dụng di động,Tối ưu hóa và phân tích thuật toán tìm kiếm thông tin trong ứng dụng di động,0,NONE
2870,Phân tích và đánh giá các nguy cơ an ninh trong ứng dụng di động,Xây dựng hệ thống quản lý dự án phân tán và đa nền tảng dành cho ngành quảng cáo và marketing,0,NONE
2871,Phân tích và đánh giá các nguy cơ an ninh trong ứng dụng di động,Phát triển ứng dụng di động cho việc quản lý việc kinh doanh và bán hàng,0,NONE
2872,Phân tích và đánh giá các nguy cơ an ninh trong ứng dụng di động,Nghiên cứu và triển khai công nghệ trích xuất thông tin từ ảnh và video kỹ thuật số,0,NONE
2873,Phân tích và đánh giá các nguy cơ an ninh trong ứng dụng di động,Tối ưu hóa và cải thiện hiệu suất hệ thống truyền thông trực tuyến,0,NONE
2874,Phân tích và đánh giá các nguy cơ an ninh trong ứng dụng di động,Xây dựng hệ thống quản lý nhà trường và đào tạo dành cho sinh viên,0,NONE
2875,Phân tích và đánh giá các nguy cơ an ninh trong ứng dụng di động,Phát triển ứng dụng di động cho việc quản lý công việc trong lĩnh vực giáo dục,0,NONE
2876,Phân tích và đánh giá các nguy cơ an ninh trong ứng dụng di động,Nghiên cứu và triển khai công nghệ dự đoán và phân loại dữ liệu lớn,0,NONE
2877,Phân tích và đánh giá các nguy cơ an ninh trong ứng dụng di động,Tối ưu hóa và phân tích thuật toán Machine Learning trong việc dự đoán xu hướng người dùng,0,NONE
2878,Phân tích và đánh giá các nguy cơ an ninh trong ứng dụng di động,Xây dựng hệ thống quản lý học tập và đào tạo dành cho doanh nghiệp,0,NONE
2879,Phân tích và đánh giá các nguy cơ an ninh trong ứng dụng di động,Phát triển ứng dụng di động cho việc quản lý sự kiện và tổ chức,0,NONE
2880,Phân tích và đánh giá các nguy cơ an ninh trong ứng dụng di động,Nghiên cứu và triển khai công nghệ trích xuất dữ liệu từ các tài liệu kỹ thuật,0,NONE
2881,Xây dựng ứng dụng e-commerce với tích hợp thanh toán trực tuyến,Phát triển ứng dụng trợ lý ảo cho việc lập kế hoạch cá nhân,0,NONE
2882,Xây dựng ứng dụng e-commerce với tích hợp thanh toán trực tuyến,Xây dựng hệ thống quản lý nhân sự và lương bằng CNTT,0,NONE
2883,Xây dựng ứng dụng e-commerce với tích hợp thanh toán trực tuyến,Nghiên cứu và phát triển giải pháp an ninh mạng,0,NONE
2884,Xây dựng ứng dụng e-commerce với tích hợp thanh toán trực tuyến,Tối ưu hóa cơ sở dữ liệu NoSQL cho ứng dụng web,0,NONE
2885,Xây dựng ứng dụng e-commerce với tích hợp thanh toán trực tuyến,Phân tích và cải thiện hiệu suất của ứng dụng trên nền tảng di động,0,NONE
2886,Xây dựng ứng dụng e-commerce với tích hợp thanh toán trực tuyến,Xây dựng ứng dụng học ngoại ngữ trực tuyến,0,NONE
2887,Xây dựng ứng dụng e-commerce với tích hợp thanh toán trực tuyến,Phân tích và phát triển hệ thống nhận dạng khuôn mặt,0,NONE
2888,Xây dựng ứng dụng e-commerce với tích hợp thanh toán trực tuyến,Xây dựng hệ thống quản lý khách hàng (CRM) đa nền tảng,0,NONE
2889,Xây dựng ứng dụng e-commerce với tích hợp thanh toán trực tuyến,Nghiên cứu và triển khai công nghệ 5G,0,NONE
2890,Xây dựng ứng dụng e-commerce với tích hợp thanh toán trực tuyến,Xây dựng hệ thống thông tin địa lý (GIS) cho bản đồ trực tuyến,0,NONE
2891,Xây dựng ứng dụng e-commerce với tích hợp thanh toán trực tuyến,Phân tích và tối ưu hóa cấu trúc dữ liệu của ứng dụng,0,NONE
2892,Xây dựng ứng dụng e-commerce với tích hợp thanh toán trực tuyến,Phát triển ứng dụng hỗ trợ việc học trực tuyến,0,NONE
2893,Xây dựng ứng dụng e-commerce với tích hợp thanh toán trực tuyến,Nghiên cứu và triển khai công nghệ truyền dẫn âm thanh/viễn thông,0,NONE
2894,Xây dựng ứng dụng e-commerce với tích hợp thanh toán trực tuyến,Xây dựng ứng dụng hỗ trợ việc tạo và quản lý lịch trình,0,NONE
2895,Xây dựng ứng dụng e-commerce với tích hợp thanh toán trực tuyến,Nghiên cứu và triển khai hệ thống giám sát môi trường sử dụng Công nghệ Internet of Things (IoT),0,NONE
2896,Xây dựng ứng dụng e-commerce với tích hợp thanh toán trực tuyến,Phát triển ứng dụng di động cho việc quản lý công việc cá nhân,0,NONE
2897,Xây dựng ứng dụng e-commerce với tích hợp thanh toán trực tuyến,Nghiên cứu và triển khai công nghệ trí tuệ nhân tạo trong ứng dụng y tế,0,NONE
2898,Xây dựng ứng dụng e-commerce với tích hợp thanh toán trực tuyến,Xây dựng hệ thống quản lý tài liệu trực tuyến,0,NONE
2899,Xây dựng ứng dụng e-commerce với tích hợp thanh toán trực tuyến,Phân tích và phát triển hệ thống gợi ý sản phẩm cho các trang thương mại điện tử,0,NONE
2900,Xây dựng ứng dụng e-commerce với tích hợp thanh toán trực tuyến,Triển khai hệ thống giám sát mạng máy tính,0,NONE
2901,Xây dựng ứng dụng e-commerce với tích hợp thanh toán trực tuyến,Xây dựng ứng dụng trò chơi trên nền tảng di động,0,NONE
2902,Xây dựng ứng dụng e-commerce với tích hợp thanh toán trực tuyến,Nghiên cứu và triển khai công nghệ Blockchain trong lĩnh vực tài chính,0,NONE
2903,Xây dựng ứng dụng e-commerce với tích hợp thanh toán trực tuyến,Tối ưu hóa và cải thiện hiệu suất cơ sở dữ liệu SQL,0,NONE
2904,Xây dựng ứng dụng e-commerce với tích hợp thanh toán trực tuyến,Phát triển ứng dụng quản lý học tập trực tuyến,0,NONE
2905,Xây dựng ứng dụng e-commerce với tích hợp thanh toán trực tuyến,Nghiên cứu về bảo mật và đánh giá rủi ro của ứng dụng web,0,NONE
2906,Xây dựng ứng dụng e-commerce với tích hợp thanh toán trực tuyến,Phát triển hệ thống dự đoán thời tiết thông qua dữ liệu lớn,0,NONE
2907,Xây dựng ứng dụng e-commerce với tích hợp thanh toán trực tuyến,Xây dựng hệ thống điều khiển các thiết bị thông qua ứng dụng di động,0,NONE
2908,Xây dựng ứng dụng e-commerce với tích hợp thanh toán trực tuyến,Phân tích và phát triển hệ thống chấm công nhân viên tự động,0,NONE
2909,Xây dựng ứng dụng e-commerce với tích hợp thanh toán trực tuyến,Tối ưu hóa và phân tích độ phức tạp của thuật toán,0,NONE
2910,Xây dựng ứng dụng e-commerce với tích hợp thanh toán trực tuyến,Nghiên cứu và triển khai ứng dụng trợ lý ảo dựa trên trí tuệ nhân tạo,0,NONE
2911,Xây dựng ứng dụng e-commerce với tích hợp thanh toán trực tuyến,Xây dựng hệ thống quản lý nhà hàng và đặt hàng trực tuyến,0,NONE
2912,Xây dựng ứng dụng e-commerce với tích hợp thanh toán trực tuyến,Phát triển ứng dụng giao tiếp qua giọng nói,0,NONE
2913,Xây dựng ứng dụng e-commerce với tích hợp thanh toán trực tuyến,Nghiên cứu về công nghệ ảo hóa và triển khai máy ảo,0,NONE
2914,Xây dựng ứng dụng e-commerce với tích hợp thanh toán trực tuyến,Phát triển ứng dụng di động cho việc quản lý tài chính cá nhân,0,NONE
2915,Xây dựng ứng dụng e-commerce với tích hợp thanh toán trực tuyến,Tối ưu hóa và nâng cấp cơ sở dữ liệu NoSQL,0,NONE
2916,Xây dựng ứng dụng e-commerce với tích hợp thanh toán trực tuyến,Nghiên cứu và triển khai công nghệ mạng 5G,0,NONE
2917,Xây dựng ứng dụng e-commerce với tích hợp thanh toán trực tuyến,Xây dựng hệ thống đánh giá hiệu suất nhân viên dựa trên dữ liệu,0,NONE
2918,Xây dựng ứng dụng e-commerce với tích hợp thanh toán trực tuyến,Phát triển ứng dụng di động giúp người dùng tìm kiếm địa điểm du lịch,0,NONE
2919,Xây dựng ứng dụng e-commerce với tích hợp thanh toán trực tuyến,Nghiên cứu về công nghệ truyền thông âm thanh và hình ảnh,0,NONE
2920,Xây dựng ứng dụng e-commerce với tích hợp thanh toán trực tuyến,Xây dựng hệ thống quản lý sự kiện trực tuyến,0,NONE
2921,Xây dựng ứng dụng e-commerce với tích hợp thanh toán trực tuyến,Phát triển ứng dụng di động dành cho việc học ngoại ngữ,0,NONE
2922,Xây dựng ứng dụng e-commerce với tích hợp thanh toán trực tuyến,Tối ưu hóa và phân tích thuật toán Machine Learning,0,NONE
2923,Xây dựng ứng dụng e-commerce với tích hợp thanh toán trực tuyến,Nghiên cứu về công nghệ Internet of Things (IoT) trong việc quản lý năng lượng,0,NONE
2924,Xây dựng ứng dụng e-commerce với tích hợp thanh toán trực tuyến,Phát triển hệ thống giao dịch và thanh toán trực tuyến,1,LOW
2925,Xây dựng ứng dụng e-commerce với tích hợp thanh toán trực tuyến,Nghiên cứu và triển khai công nghệ trích xuất thông tin từ văn bản tự động,0,NONE
2926,Xây dựng ứng dụng e-commerce với tích hợp thanh toán trực tuyến,Xây dựng hệ thống quản lý kho hàng trực tuyến,0,NONE
2927,Xây dựng ứng dụng e-commerce với tích hợp thanh toán trực tuyến,Phát triển ứng dụng di động cho việc chăm sóc sức khỏe,0,NONE
2928,Xây dựng ứng dụng e-commerce với tích hợp thanh toán trực tuyến,Nghiên cứu và triển khai công nghệ trích xuất dữ liệu từ hình ảnh và video,0,NONE
2929,Xây dựng ứng dụng e-commerce với tích hợp thanh toán trực tuyến,Tối ưu hóa và nâng cao hiệu suất hệ thống điều khiển tự động,0,NONE
2930,Xây dựng ứng dụng e-commerce với tích hợp thanh toán trực tuyến,Xây dựng hệ thống quản lý dự án trực tuyến,0,NONE
2931,Xây dựng ứng dụng e-commerce với tích hợp thanh toán trực tuyến,Phát triển ứng dụng di động cho việc quản lý thời gian làm việc,0,NONE
2932,Xây dựng ứng dụng e-commerce với tích hợp thanh toán trực tuyến,Nghiên cứu về công nghệ trích xuất dữ liệu từ âm thanh và giọng nói,0,NONE
2933,Xây dựng ứng dụng e-commerce với tích hợp thanh toán trực tuyến,Tối ưu hóa và phân tích thuật toán tìm kiếm trực tuyến,0,NONE
2934,Xây dựng ứng dụng e-commerce với tích hợp thanh toán trực tuyến,Xây dựng hệ thống quản lý điểm danh và chấm công trực tuyến,0,NONE
2935,Xây dựng ứng dụng e-commerce với tích hợp thanh toán trực tuyến,Phát triển ứng dụng di động cho việc tìm kiếm nhà ở,0,NONE
2936,Xây dựng ứng dụng e-commerce với tích hợp thanh toán trực tuyến,Nghiên cứu và triển khai công nghệ xử lý ngôn ngữ tự nhiên,0,NONE
2937,Xây dựng ứng dụng e-commerce với tích hợp thanh toán trực tuyến,Tối ưu hóa và cải thiện hiệu suất hệ thống điều khiển đồng thời,0,NONE
2938,Xây dựng ứng dụng e-commerce với tích hợp thanh toán trực tuyến,Xây dựng hệ thống quản lý đào tạo và đánh giá nhân viên,0,NONE
2939,Xây dựng ứng dụng e-commerce với tích hợp thanh toán trực tuyến,Phát triển ứng dụng di động cho việc quản lý chi tiêu,0,NONE
2940,Xây dựng ứng dụng e-commerce với tích hợp thanh toán trực tuyến,Nghiên cứu và triển khai công nghệ trí tuệ nhân tạo trong ứng dụng thương mại điện tử,0,NONE
2941,Xây dựng ứng dụng e-commerce với tích hợp thanh toán trực tuyến,Tối ưu hóa và phân tích thuật toán Machine Learning sử dụng dữ liệu lớn,0,NONE
2942,Xây dựng ứng dụng e-commerce với tích hợp thanh toán trực tuyến,Xây dựng hệ thống quản lý chất lượng dịch vụ trực tuyến,0,NONE
2943,Xây dựng ứng dụng e-commerce với tích hợp thanh toán trực tuyến,Phát triển ứng dụng di động cho việc quản lý việc mua sắm,0,NONE
2944,Xây dựng ứng dụng e-commerce với tích hợp thanh toán trực tuyến,Nghiên cứu và triển khai công nghệ trích xuất dữ liệu từ các tài liệu văn bản,0,NONE
2945,Xây dựng ứng dụng e-commerce với tích hợp thanh toán trực tuyến,Tối ưu hóa và cải thiện hiệu suất hệ thống điều khiển thiết bị IoT,0,NONE
2946,Xây dựng ứng dụng e-commerce với tích hợp thanh toán trực tuyến,Xây dựng hệ thống quản lý tài nguyên con người trực tuyến,0,NONE
2947,Xây dựng ứng dụng e-commerce với tích hợp thanh toán trực tuyến,Phát triển ứng dụng di động cho việc quản lý công việc nhóm,0,NONE
2948,Xây dựng ứng dụng e-commerce với tích hợp thanh toán trực tuyến,Nghiên cứu và triển khai công nghệ dự đoán và phân loại dữ liệu,0,NONE
2949,Xây dựng ứng dụng e-commerce với tích hợp thanh toán trực tuyến,Tối ưu hóa và phân tích thuật toán tối ưu trong quản lý dự án,0,NONE
2950,Xây dựng ứng dụng e-commerce với tích hợp thanh toán trực tuyến,Xây dựng hệ thống quản lý vận hành nhà máy trực tuyến,0,NONE
2951,Xây dựng ứng dụng e-commerce với tích hợp thanh toán trực tuyến,Phát triển ứng dụng di động cho việc học và rèn luyện kỹ năng,0,NONE
2952,Xây dựng ứng dụng e-commerce với tích hợp thanh toán trực tuyến,Nghiên cứu và triển khai công nghệ trí tuệ nhân tạo trong lĩnh vực giáo dục,0,NONE
2953,Xây dựng ứng dụng e-commerce với tích hợp thanh toán trực tuyến,Tối ưu hóa và cải thiện hiệu suất hệ thống quản lý lưu trữ dữ liệu,0,NONE
2954,Xây dựng ứng dụng e-commerce với tích hợp thanh toán trực tuyến,Xây dựng hệ thống quản lý dự án phân tán và đa nền tảng,0,NONE
2955,Xây dựng ứng dụng e-commerce với tích hợp thanh toán trực tuyến,Phát triển ứng dụng di động cho việc quản lý việc du lịch,0,NONE
2956,Xây dựng ứng dụng e-commerce với tích hợp thanh toán trực tuyến,Nghiên cứu và triển khai công nghệ trí tuệ nhân tạo trong việc dự đoán thị trường tài chính,0,NONE
2957,Xây dựng ứng dụng e-commerce với tích hợp thanh toán trực tuyến,Tối ưu hóa và phân tích thuật toán trong lĩnh vực trích xuất thông tin từ ảnh và video,0,NONE
2958,Xây dựng ứng dụng e-commerce với tích hợp thanh toán trực tuyến,Xây dựng hệ thống quản lý tài nguyên nhân sự trực tuyến,0,NONE
2959,Xây dựng ứng dụng e-commerce với tích hợp thanh toán trực tuyến,Phát triển ứng dụng di động cho việc quản lý sức khỏe và thể dục,0,NONE
2960,Xây dựng ứng dụng e-commerce với tích hợp thanh toán trực tuyến,Nghiên cứu và triển khai công nghệ dự đoán và phân tích dữ liệu lớn,0,NONE
2961,Xây dựng ứng dụng e-commerce với tích hợp thanh toán trực tuyến,Tối ưu hóa và cải thiện hiệu suất hệ thống truyền thông đa phương tiện,0,NONE
2962,Xây dựng ứng dụng e-commerce với tích hợp thanh toán trực tuyến,Xây dựng hệ thống quản lý hoạt động bán lẻ trực tuyến,0,NONE
2963,Xây dựng ứng dụng e-commerce với tích hợp thanh toán trực tuyến,Phát triển ứng dụng di động cho việc quản lý tài sản cá nhân,0,NONE
2964,Xây dựng ứng dụng e-commerce với tích hợp thanh toán trực tuyến,Nghiên cứu và triển khai công nghệ trí tuệ nhân tạo trong việc tối ưu hóa quá trình sản xuất,0,NONE
2965,Xây dựng ứng dụng e-commerce với tích hợp thanh toán trực tuyến,Tối ưu hóa và phân tích thuật toán Machine Learning trong việc dự đoán xu hướng thị trường,0,NONE
2966,Xây dựng ứng dụng e-commerce với tích hợp thanh toán trực tuyến,Xây dựng hệ thống quản lý học tập và đào tạo trực tuyến,0,NONE
2967,Xây dựng ứng dụng e-commerce với tích hợp thanh toán trực tuyến,Phát triển ứng dụng di động cho việc quản lý lịch trình cá nhân,0,NONE
2968,Xây dựng ứng dụng e-commerce với tích hợp thanh toán trực tuyến,Nghiên cứu và triển khai công nghệ xử lý ngôn ngữ tự nhiên trong ứng dụng di động,0,NONE
2969,Xây dựng ứng dụng e-commerce với tích hợp thanh toán trực tuyến,Tối ưu hóa và cải thiện hiệu suất hệ thống điều khiển tự động bằng Machine Learning,0,NONE
2970,Xây dựng ứng dụng e-commerce với tích hợp thanh toán trực tuyến,Xây dựng hệ thống quản lý dự án trực tuyến dành cho ngành xây dựng,0,NONE
2971,Xây dựng ứng dụng e-commerce với tích hợp thanh toán trực tuyến,Phát triển ứng dụng di động cho việc quản lý việc thực hiện dự án,0,NONE
2972,Xây dựng ứng dụng e-commerce với tích hợp thanh toán trực tuyến,Nghiên cứu và triển khai công nghệ trích xuất thông tin từ các tài liệu kỹ thuật,0,NONE
2973,Xây dựng ứng dụng e-commerce với tích hợp thanh toán trực tuyến,Tối ưu hóa và phân tích thuật toán tìm kiếm thông tin trong dữ liệu lớn,0,NONE
2974,Xây dựng ứng dụng e-commerce với tích hợp thanh toán trực tuyến,Xây dựng hệ thống quản lý dự án phân tán và đa ngôn ngữ,0,NONE
2975,Xây dựng ứng dụng e-commerce với tích hợp thanh toán trực tuyến,Phát triển ứng dụng di động cho việc quản lý công việc trong doanh nghiệp,0,NONE
2976,Xây dựng ứng dụng e-commerce với tích hợp thanh toán trực tuyến,Nghiên cứu và triển khai công nghệ trí tuệ nhân tạo trong việc tự động hóa quy trình sản xuất,0,NONE
2977,Xây dựng ứng dụng e-commerce với tích hợp thanh toán trực tuyến,Tối ưu hóa và cải thiện hiệu suất hệ thống truyền thông âm thanh/viễn thông,0,NONE
2978,Xây dựng ứng dụng e-commerce với tích hợp thanh toán trực tuyến,Xây dựng hệ thống quản lý đối tác và khách hàng trực tuyến,0,NONE
2979,Xây dựng ứng dụng e-commerce với tích hợp thanh toán trực tuyến,Phát triển ứng dụng di động cho việc quản lý tài chính cá nhân và đầu tư,0,NONE
2980,Xây dựng ứng dụng e-commerce với tích hợp thanh toán trực tuyến,Nghiên cứu và triển khai công nghệ dự đoán và phân loại trong việc quản lý dữ liệu,0,NONE
2981,Xây dựng ứng dụng e-commerce với tích hợp thanh toán trực tuyến,Tối ưu hóa và phân tích thuật toán Machine Learning trong việc dự đoán xu hướng người dùng,0,NONE
2982,Xây dựng ứng dụng e-commerce với tích hợp thanh toán trực tuyến,Xây dựng hệ thống quản lý nhà trường và đào tạo trực tuyến,0,NONE
2983,Xây dựng ứng dụng e-commerce với tích hợp thanh toán trực tuyến,Phát triển ứng dụng di động cho việc quản lý việc giải trí và giải trí,0,NONE
2984,Xây dựng ứng dụng e-commerce với tích hợp thanh toán trực tuyến,Nghiên cứu và triển khai công nghệ trích xuất dữ liệu từ các tài liệu văn bản kỹ thuật,0,NONE
2985,Xây dựng ứng dụng e-commerce với tích hợp thanh toán trực tuyến,Tối ưu hóa và cải thiện hiệu suất hệ thống truyền thông dữ liệu lớn,0,NONE
2986,Xây dựng ứng dụng e-commerce với tích hợp thanh toán trực tuyến,Xây dựng hệ thống quản lý dự án phân tán và đa nền tảng dành cho doanh nghiệp,0,NONE
2987,Xây dựng ứng dụng e-commerce với tích hợp thanh toán trực tuyến,Phát triển ứng dụng di động cho việc quản lý việc kinh doanh và doanh nghiệp,0,NONE
2988,Xây dựng ứng dụng e-commerce với tích hợp thanh toán trực tuyến,Nghiên cứu và triển khai công nghệ trí tuệ nhân tạo trong việc cải thiện quá trình sản xuất,0,NONE
2989,Xây dựng ứng dụng e-commerce với tích hợp thanh toán trực tuyến,Tối ưu hóa và phân tích thuật toán tìm kiếm thông tin trong ứng dụng di động,0,NONE
2990,Xây dựng ứng dụng e-commerce với tích hợp thanh toán trực tuyến,Xây dựng hệ thống quản lý dự án phân tán và đa nền tảng dành cho ngành quảng cáo và marketing,0,NONE
2991,Xây dựng ứng dụng e-commerce với tích hợp thanh toán trực tuyến,Phát triển ứng dụng di động cho việc quản lý việc kinh doanh và bán hàng,0,NONE
2992,Xây dựng ứng dụng e-commerce với tích hợp thanh toán trực tuyến,Nghiên cứu và triển khai công nghệ xử lý ngôn ngữ tự nhiên trong ứng dụng web,0,NONE
2993,Xây dựng ứng dụng e-commerce với tích hợp thanh toán trực tuyến,Tối ưu hóa và cải thiện hiệu suất hệ thống điều khiển tự động trong môi trường công nghiệp,0,NONE
2994,Xây dựng ứng dụng e-commerce với tích hợp thanh toán trực tuyến,Xây dựng hệ thống quản lý tài chính và thu chi cá nhân trực tuyến,0,NONE
2995,Xây dựng ứng dụng e-commerce với tích hợp thanh toán trực tuyến,Phát triển ứng dụng di động cho việc quản lý việc học tập và nghiên cứu,0,NONE
2996,Xây dựng ứng dụng e-commerce với tích hợp thanh toán trực tuyến,Nghiên cứu và triển khai công nghệ trí tuệ nhân tạo trong việc tối ưu hóa dự đoán thị trường tài chính,0,NONE
2997,Xây dựng ứng dụng e-commerce với tích hợp thanh toán trực tuyến,Tối ưu hóa và phân tích thuật toán Machine Learning trong việc dự đoán xu hướng kỹ thuật số,0,NONE
2998,Xây dựng ứng dụng e-commerce với tích hợp thanh toán trực tuyến,Xây dựng hệ thống quản lý sản xuất và lịch trình sản xuất trực tuyến,0,NONE
2999,Xây dựng ứng dụng e-commerce với tích hợp thanh toán trực tuyến,Phát triển ứng dụng di động cho việc quản lý việc học và đào tạo,0,NONE
3000,Xây dựng ứng dụng e-commerce với tích hợp thanh toán trực tuyến,Nghiên cứu và triển khai công nghệ trích xuất thông tin từ ảnh và video kỹ thuật số,0,NONE
3001,Xây dựng ứng dụng e-commerce với tích hợp thanh toán trực tuyến,Tối ưu hóa và cải thiện hiệu suất hệ thống truyền thông trực tuyến,0,NONE
3002,Xây dựng ứng dụng e-commerce với tích hợp thanh toán trực tuyến,Xây dựng hệ thống quản lý nhà trường và đào tạo dành cho sinh viên,0,NONE
3003,Xây dựng ứng dụng e-commerce với tích hợp thanh toán trực tuyến,Phát triển ứng dụng di động cho việc quản lý công việc trong lĩnh vực giáo dục,0,NONE
3004,Xây dựng ứng dụng e-commerce với tích hợp thanh toán trực tuyến,Nghiên cứu và triển khai công nghệ dự đoán và phân loại dữ liệu lớn,0,NONE
3005,Xây dựng ứng dụng e-commerce với tích hợp thanh toán trực tuyến,Tối ưu hóa và phân tích thuật toán Machine Learning trong việc dự đoán xu hướng người dùng,0,NONE
3006,Xây dựng ứng dụng e-commerce với tích hợp thanh toán trực tuyến,Xây dựng hệ thống quản lý học tập và đào tạo dành cho doanh nghiệp,0,NONE
3007,Xây dựng ứng dụng e-commerce với tích hợp thanh toán trực tuyến,Phát triển ứng dụng di động cho việc quản lý sự kiện và tổ chức,0,NONE
3008,Xây dựng ứng dụng e-commerce với tích hợp thanh toán trực tuyến,Nghiên cứu và triển khai công nghệ trích xuất dữ liệu từ các tài liệu kỹ thuật,0,NONE
3009,Xây dựng ứng dụng e-commerce với tích hợp thanh toán trực tuyến,Tối ưu hóa và cải thiện hiệu suất hệ thống truyền thông mạng máy tính,0,NONE
3010,Xây dựng ứng dụng e-commerce với tích hợp thanh toán trực tuyến,Xây dựng hệ thống quản lý dự án phân tán và đa nền tảng cho các dự án nghiên cứu khoa học,0,NONE
3011,Xây dựng ứng dụng e-commerce với tích hợp thanh toán trực tuyến,Phát triển ứng dụng di động cho việc quản lý việc tham gia các hoạt động xã hội và tình nguyện,0,NONE
3012,Xây dựng ứng dụng e-commerce với tích hợp thanh toán trực tuyến,Nghiên cứu và triển khai công nghệ trí tuệ nhân tạo trong việc tự động hóa quy trình sản xuất,0,NONE
3013,Xây dựng ứng dụng e-commerce với tích hợp thanh toán trực tuyến,Tối ưu hóa và phân tích thuật toán tìm kiếm thông tin trong ứng dụng web,0,NONE
3014,Xây dựng ứng dụng e-commerce với tích hợp thanh toán trực tuyến,Xây dựng hệ thống quản lý đối tác và khách hàng trực tuyến dành cho ngành dịch vụ,0,NONE
3015,Xây dựng ứng dụng e-commerce với tích hợp thanh toán trực tuyến,Phát triển ứng dụng di động cho việc quản lý công việc trong doanh nghiệp,0,NONE
3016,Xây dựng ứng dụng e-commerce với tích hợp thanh toán trực tuyến,Nghiên cứu và triển khai công nghệ trích xuất dữ liệu từ các tài liệu văn bản kỹ thuật,0,NONE
3017,Xây dựng ứng dụng e-commerce với tích hợp thanh toán trực tuyến,Tối ưu hóa và cải thiện hiệu suất hệ thống truyền thông dữ liệu lớn,0,NONE
3018,Xây dựng ứng dụng e-commerce với tích hợp thanh toán trực tuyến,Xây dựng hệ thống quản lý dự án phân tán và đa nền tảng dành cho ngành giáo dục,0,NONE
3019,Xây dựng ứng dụng e-commerce với tích hợp thanh toán trực tuyến,Phát triển ứng dụng di động cho việc kinh doanh và doanh nghiệp,0,NONE
3020,Xây dựng ứng dụng e-commerce với tích hợp thanh toán trực tuyến,Nghiên cứu và triển khai công nghệ xử lý ngôn ngữ tự nhiên trong ứng dụng di động,0,NONE
3021,Xây dựng ứng dụng e-commerce với tích hợp thanh toán trực tuyến,Tối ưu hóa và cải thiện hiệu suất hệ thống điều khiển tự động trong môi trường công nghiệp,0,NONE
3022,Xây dựng ứng dụng e-commerce với tích hợp thanh toán trực tuyến,Xây dựng hệ thống quản lý tài chính và thu chi cá nhân trực tuyến,0,NONE
3023,Xây dựng ứng dụng e-commerce với tích hợp thanh toán trực tuyến,Phát triển ứng dụng di động cho việc học tập và nghiên cứu,0,NONE
3024,Xây dựng ứng dụng e-commerce với tích hợp thanh toán trực tuyến,Nghiên cứu và triển khai công nghệ trí tuệ nhân tạo trong việc cải thiện quá trình sản xuất,0,NONE
3025,Xây dựng ứng dụng e-commerce với tích hợp thanh toán trực tuyến,Tối ưu hóa và phân tích thuật toán tìm kiếm thông tin trong ứng dụng di động,0,NONE
3026,Xây dựng ứng dụng e-commerce với tích hợp thanh toán trực tuyến,Xây dựng hệ thống quản lý dự án phân tán và đa nền tảng dành cho ngành quảng cáo và marketing,0,NONE
3027,Xây dựng ứng dụng e-commerce với tích hợp thanh toán trực tuyến,Phát triển ứng dụng di động cho việc kinh doanh và bán hàng,0,NONE
3028,Xây dựng ứng dụng e-commerce với tích hợp thanh toán trực tuyến,Nghiên cứu và triển khai công nghệ trích xuất thông tin từ ảnh và video kỹ thuật số,0,NONE
3029,Xây dựng ứng dụng e-commerce với tích hợp thanh toán trực tuyến,Tối ưu hóa và cải thiện hiệu suất hệ thống truyền thông trực tuyến,0,NONE
3030,Xây dựng ứng dụng e-commerce với tích hợp thanh toán trực tuyến,Xây dựng hệ thống quản lý nhà trường và đào tạo dành cho sinh viên,0,NONE
3031,Xây dựng ứng dụng e-commerce với tích hợp thanh toán trực tuyến,Phát triển ứng dụng di động cho việc quản lý công việc trong lĩnh vực giáo dục,0,NONE
3032,Xây dựng ứng dụng e-commerce với tích hợp thanh toán trực tuyến,Nghiên cứu và triển khai công nghệ dự đoán và phân loại dữ liệu lớn,0,NONE
3033,Xây dựng ứng dụng e-commerce với tích hợp thanh toán trực tuyến,Tối ưu hóa và phân tích thuật toán Machine Learning trong việc dự đoán xu hướng người dùng,0,NONE
3034,Xây dựng ứng dụng e-commerce với tích hợp thanh toán trực tuyến,Xây dựng hệ thống quản lý học tập và đào tạo dành cho doanh nghiệp,0,NONE
3035,Xây dựng ứng dụng e-commerce với tích hợp thanh toán trực tuyến,Phát triển ứng dụng di động cho việc quản lý sự kiện và tổ chức,0,NONE
3036,Xây dựng ứng dụng e-commerce với tích hợp thanh toán trực tuyến,Nghiên cứu và triển khai công nghệ trích xuất dữ liệu từ các tài liệu kỹ thuật,0,NONE
3037,Xây dựng ứng dụng e-commerce với tích hợp thanh toán trực tuyến,Tối ưu hóa và cải thiện hiệu suất hệ thống truyền thông mạng máy tính,0,NONE
3038,Xây dựng ứng dụng e-commerce với tích hợp thanh toán trực tuyến,Xây dựng hệ thống quản lý dự án phân tán và đa nền tảng cho các dự án nghiên cứu khoa học,0,NONE
3039,Xây dựng ứng dụng e-commerce với tích hợp thanh toán trực tuyến,Phát triển ứng dụng di động cho việc quản lý việc tham gia các hoạt động xã hội và tình nguyện,0,NONE
3040,Xây dựng ứng dụng e-commerce với tích hợp thanh toán trực tuyến,Nghiên cứu và triển khai công nghệ trí tuệ nhân tạo trong việc tự động hóa quy trình sản xuất,0,NONE
3041,Xây dựng ứng dụng e-commerce với tích hợp thanh toán trực tuyến,Tối ưu hóa và phân tích thuật toán tìm kiếm thông tin trong ứng dụng web,0,NONE
3042,Xây dựng ứng dụng e-commerce với tích hợp thanh toán trực tuyến,Xây dựng hệ thống quản lý đối tác và khách hàng trực tuyến dành cho ngành dịch vụ,0,NONE
3043,Xây dựng ứng dụng e-commerce với tích hợp thanh toán trực tuyến,Phát triển ứng dụng di động cho việc quản lý công việc trong doanh nghiệp,0,NONE
3044,Xây dựng ứng dụng e-commerce với tích hợp thanh toán trực tuyến,Nghiên cứu và triển khai công nghệ trích xuất dữ liệu từ các tài liệu văn bản kỹ thuật,0,NONE
3045,Xây dựng ứng dụng e-commerce với tích hợp thanh toán trực tuyến,Tối ưu hóa và cải thiện hiệu suất hệ thống truyền thông dữ liệu lớn,0,NONE
3046,Xây dựng ứng dụng e-commerce với tích hợp thanh toán trực tuyến,Xây dựng hệ thống quản lý dự án phân tán và đa nền tảng dành cho ngành giáo dục,0,NONE
3047,Xây dựng ứng dụng e-commerce với tích hợp thanh toán trực tuyến,Phát triển ứng dụng di động cho việc quản lý việc kinh doanh và doanh nghiệp,0,NONE
3048,Xây dựng ứng dụng e-commerce với tích hợp thanh toán trực tuyến,Nghiên cứu và triển khai công nghệ xử lý ngôn ngữ tự nhiên trong ứng dụng di động,0,NONE
3049,Xây dựng ứng dụng e-commerce với tích hợp thanh toán trực tuyến,Tối ưu hóa và cải thiện hiệu suất hệ thống điều khiển tự động trong môi trường công nghiệp,0,NONE
3050,Xây dựng ứng dụng e-commerce với tích hợp thanh toán trực tuyến,Xây dựng hệ thống quản lý tài chính và thu chi cá nhân trực tuyến,0,NONE
3051,Xây dựng ứng dụng e-commerce với tích hợp thanh toán trực tuyến,Phát triển ứng dụng di động cho việc quản lý việc học tập và nghiên cứu,0,NONE
3052,Xây dựng ứng dụng e-commerce với tích hợp thanh toán trực tuyến,Nghiên cứu và triển khai công nghệ trí tuệ nhân tạo trong việc cải thiện quá trình sản xuất,0,NONE
3053,Xây dựng ứng dụng e-commerce với tích hợp thanh toán trực tuyến,Tối ưu hóa và phân tích thuật toán tìm kiếm thông tin trong ứng dụng di động,0,NONE
3054,Xây dựng ứng dụng e-commerce với tích hợp thanh toán trực tuyến,Xây dựng hệ thống quản lý dự án phân tán và đa nền tảng dành cho ngành quảng cáo và marketing,0,NONE
3055,Xây dựng ứng dụng e-commerce với tích hợp thanh toán trực tuyến,Phát triển ứng dụng di động cho việc quản lý việc kinh doanh và bán hàng,0,NONE
3056,Xây dựng ứng dụng e-commerce với tích hợp thanh toán trực tuyến,Nghiên cứu và triển khai công nghệ trích xuất thông tin từ ảnh và video kỹ thuật số,0,NONE
3057,Xây dựng ứng dụng e-commerce với tích hợp thanh toán trực tuyến,Tối ưu hóa và cải thiện hiệu suất hệ thống truyền thông trực tuyến,0,NONE
3058,Xây dựng ứng dụng e-commerce với tích hợp thanh toán trực tuyến,Xây dựng hệ thống quản lý nhà trường và đào tạo dành cho sinh viên,0,NONE
3059,Xây dựng ứng dụng e-commerce với tích hợp thanh toán trực tuyến,Phát triển ứng dụng di động cho việc quản lý công việc trong lĩnh vực giáo dục,0,NONE
3060,Xây dựng ứng dụng e-commerce với tích hợp thanh toán trực tuyến,Nghiên cứu và triển khai công nghệ dự đoán và phân loại dữ liệu lớn,0,NONE
3061,Xây dựng ứng dụng e-commerce với tích hợp thanh toán trực tuyến,Tối ưu hóa và phân tích thuật toán Machine Learning trong việc dự đoán xu hướng người dùng,0,NONE
3062,Xây dựng ứng dụng e-commerce với tích hợp thanh toán trực tuyến,Xây dựng hệ thống quản lý học tập và đào tạo dành cho doanh nghiệp,0,NONE
3063,Xây dựng ứng dụng e-commerce với tích hợp thanh toán trực tuyến,Phát triển ứng dụng di động cho việc quản lý sự kiện và tổ chức,0,NONE
3064,Xây dựng ứng dụng e-commerce với tích hợp thanh toán trực tuyến,Nghiên cứu và triển khai công nghệ trích xuất dữ liệu từ các tài liệu kỹ thuật,0,NONE
3065,Phát triển ứng dụng trợ lý ảo cho việc lập kế hoạch cá nhân,Xây dựng hệ thống quản lý nhân sự và lương bằng CNTT,0,NONE
3066,Phát triển ứng dụng trợ lý ảo cho việc lập kế hoạch cá nhân,Nghiên cứu và phát triển giải pháp an ninh mạng,0,NONE
3067,Phát triển ứng dụng trợ lý ảo cho việc lập kế hoạch cá nhân,Tối ưu hóa cơ sở dữ liệu NoSQL cho ứng dụng web,0,NONE
3068,Phát triển ứng dụng trợ lý ảo cho việc lập kế hoạch cá nhân,Phân tích và cải thiện hiệu suất của ứng dụng trên nền tảng di động,0,NONE
3069,Phát triển ứng dụng trợ lý ảo cho việc lập kế hoạch cá nhân,Xây dựng ứng dụng học ngoại ngữ trực tuyến,0,NONE
3070,Phát triển ứng dụng trợ lý ảo cho việc lập kế hoạch cá nhân,Phân tích và phát triển hệ thống nhận dạng khuôn mặt,0,NONE
3071,Phát triển ứng dụng trợ lý ảo cho việc lập kế hoạch cá nhân,Xây dựng hệ thống quản lý khách hàng (CRM) đa nền tảng,0,NONE
3072,Phát triển ứng dụng trợ lý ảo cho việc lập kế hoạch cá nhân,Nghiên cứu và triển khai công nghệ 5G,0,NONE
3073,Phát triển ứng dụng trợ lý ảo cho việc lập kế hoạch cá nhân,Xây dựng hệ thống thông tin địa lý (GIS) cho bản đồ trực tuyến,0,NONE
3074,Phát triển ứng dụng trợ lý ảo cho việc lập kế hoạch cá nhân,Phân tích và tối ưu hóa cấu trúc dữ liệu của ứng dụng,0,NONE
3075,Phát triển ứng dụng trợ lý ảo cho việc lập kế hoạch cá nhân,Phát triển ứng dụng hỗ trợ việc học trực tuyến,1,LOW
3076,Phát triển ứng dụng trợ lý ảo cho việc lập kế hoạch cá nhân,Nghiên cứu và triển khai công nghệ truyền dẫn âm thanh/viễn thông,0,NONE
3077,Phát triển ứng dụng trợ lý ảo cho việc lập kế hoạch cá nhân,Xây dựng ứng dụng hỗ trợ việc tạo và quản lý lịch trình,0,NONE
3078,Phát triển ứng dụng trợ lý ảo cho việc lập kế hoạch cá nhân,Nghiên cứu và triển khai hệ thống giám sát môi trường sử dụng Công nghệ Internet of Things (IoT),0,NONE
3079,Phát triển ứng dụng trợ lý ảo cho việc lập kế hoạch cá nhân,Phát triển ứng dụng di động cho việc quản lý công việc cá nhân,1,LOW
3080,Phát triển ứng dụng trợ lý ảo cho việc lập kế hoạch cá nhân,Nghiên cứu và triển khai công nghệ trí tuệ nhân tạo trong ứng dụng y tế,0,NONE
3081,Phát triển ứng dụng trợ lý ảo cho việc lập kế hoạch cá nhân,Xây dựng hệ thống quản lý tài liệu trực tuyến,0,NONE
3082,Phát triển ứng dụng trợ lý ảo cho việc lập kế hoạch cá nhân,Phân tích và phát triển hệ thống gợi ý sản phẩm cho các trang thương mại điện tử,0,NONE
3083,Phát triển ứng dụng trợ lý ảo cho việc lập kế hoạch cá nhân,Triển khai hệ thống giám sát mạng máy tính,0,NONE
3084,Phát triển ứng dụng trợ lý ảo cho việc lập kế hoạch cá nhân,Xây dựng ứng dụng trò chơi trên nền tảng di động,0,NONE
3085,Phát triển ứng dụng trợ lý ảo cho việc lập kế hoạch cá nhân,Nghiên cứu và triển khai công nghệ Blockchain trong lĩnh vực tài chính,0,NONE
3086,Phát triển ứng dụng trợ lý ảo cho việc lập kế hoạch cá nhân,Tối ưu hóa và cải thiện hiệu suất cơ sở dữ liệu SQL,0,NONE
3087,Phát triển ứng dụng trợ lý ảo cho việc lập kế hoạch cá nhân,Phát triển ứng dụng quản lý học tập trực tuyến,0,NONE
3088,Phát triển ứng dụng trợ lý ảo cho việc lập kế hoạch cá nhân,Nghiên cứu về bảo mật và đánh giá rủi ro của ứng dụng web,0,NONE
3089,Phát triển ứng dụng trợ lý ảo cho việc lập kế hoạch cá nhân,Phát triển hệ thống dự đoán thời tiết thông qua dữ liệu lớn,0,NONE
3090,Phát triển ứng dụng trợ lý ảo cho việc lập kế hoạch cá nhân,Xây dựng hệ thống điều khiển các thiết bị thông qua ứng dụng di động,0,NONE
3091,Phát triển ứng dụng trợ lý ảo cho việc lập kế hoạch cá nhân,Phân tích và phát triển hệ thống chấm công nhân viên tự động,0,NONE
3092,Phát triển ứng dụng trợ lý ảo cho việc lập kế hoạch cá nhân,Tối ưu hóa và phân tích độ phức tạp của thuật toán,0,NONE
3093,Phát triển ứng dụng trợ lý ảo cho việc lập kế hoạch cá nhân,Nghiên cứu và triển khai ứng dụng trợ lý ảo dựa trên trí tuệ nhân tạo,0,NONE
3094,Phát triển ứng dụng trợ lý ảo cho việc lập kế hoạch cá nhân,Xây dựng hệ thống quản lý nhà hàng và đặt hàng trực tuyến,0,NONE
3095,Phát triển ứng dụng trợ lý ảo cho việc lập kế hoạch cá nhân,Phát triển ứng dụng giao tiếp qua giọng nói,0,NONE
3096,Phát triển ứng dụng trợ lý ảo cho việc lập kế hoạch cá nhân,Nghiên cứu về công nghệ ảo hóa và triển khai máy ảo,0,NONE
3097,Phát triển ứng dụng trợ lý ảo cho việc lập kế hoạch cá nhân,Phát triển ứng dụng di động cho việc quản lý tài chính cá nhân,1,LOW
3098,Phát triển ứng dụng trợ lý ảo cho việc lập kế hoạch cá nhân,Tối ưu hóa và nâng cấp cơ sở dữ liệu NoSQL,0,NONE
3099,Phát triển ứng dụng trợ lý ảo cho việc lập kế hoạch cá nhân,Nghiên cứu và triển khai công nghệ mạng 5G,0,NONE
3100,Phát triển ứng dụng trợ lý ảo cho việc lập kế hoạch cá nhân,Xây dựng hệ thống đánh giá hiệu suất nhân viên dựa trên dữ liệu,0,NONE
3101,Phát triển ứng dụng trợ lý ảo cho việc lập kế hoạch cá nhân,Phát triển ứng dụng di động giúp người dùng tìm kiếm địa điểm du lịch,0,NONE
3102,Phát triển ứng dụng trợ lý ảo cho việc lập kế hoạch cá nhân,Nghiên cứu về công nghệ truyền thông âm thanh và hình ảnh,0,NONE
3103,Phát triển ứng dụng trợ lý ảo cho việc lập kế hoạch cá nhân,Xây dựng hệ thống quản lý sự kiện trực tuyến,0,NONE
3104,Phát triển ứng dụng trợ lý ảo cho việc lập kế hoạch cá nhân,Phát triển ứng dụng di động dành cho việc học ngoại ngữ,0,NONE
3105,Phát triển ứng dụng trợ lý ảo cho việc lập kế hoạch cá nhân,Tối ưu hóa và phân tích thuật toán Machine Learning,0,NONE
3106,Phát triển ứng dụng trợ lý ảo cho việc lập kế hoạch cá nhân,Nghiên cứu về công nghệ Internet of Things (IoT) trong việc quản lý năng lượng,0,NONE
3107,Phát triển ứng dụng trợ lý ảo cho việc lập kế hoạch cá nhân,Phát triển hệ thống giao dịch và thanh toán trực tuyến,0,NONE
3108,Phát triển ứng dụng trợ lý ảo cho việc lập kế hoạch cá nhân,Nghiên cứu và triển khai công nghệ trích xuất thông tin từ văn bản tự động,0,NONE
3109,Phát triển ứng dụng trợ lý ảo cho việc lập kế hoạch cá nhân,Xây dựng hệ thống quản lý kho hàng trực tuyến,0,NONE
3110,Phát triển ứng dụng trợ lý ảo cho việc lập kế hoạch cá nhân,Phát triển ứng dụng di động cho việc chăm sóc sức khỏe,0,NONE
3111,Phát triển ứng dụng trợ lý ảo cho việc lập kế hoạch cá nhân,Nghiên cứu và triển khai công nghệ trích xuất dữ liệu từ hình ảnh và video,0,NONE
3112,Phát triển ứng dụng trợ lý ảo cho việc lập kế hoạch cá nhân,Tối ưu hóa và nâng cao hiệu suất hệ thống điều khiển tự động,0,NONE
3113,Phát triển ứng dụng trợ lý ảo cho việc lập kế hoạch cá nhân,Xây dựng hệ thống quản lý dự án trực tuyến,0,NONE
3114,Phát triển ứng dụng trợ lý ảo cho việc lập kế hoạch cá nhân,Phát triển ứng dụng di động cho việc quản lý thời gian làm việc,0,NONE
3115,Phát triển ứng dụng trợ lý ảo cho việc lập kế hoạch cá nhân,Nghiên cứu về công nghệ trích xuất dữ liệu từ âm thanh và giọng nói,0,NONE
3116,Phát triển ứng dụng trợ lý ảo cho việc lập kế hoạch cá nhân,Tối ưu hóa và phân tích thuật toán tìm kiếm trực tuyến,0,NONE
3117,Phát triển ứng dụng trợ lý ảo cho việc lập kế hoạch cá nhân,Xây dựng hệ thống quản lý điểm danh và chấm công trực tuyến,0,NONE
3118,Phát triển ứng dụng trợ lý ảo cho việc lập kế hoạch cá nhân,Phát triển ứng dụng di động cho việc tìm kiếm nhà ở,0,NONE
3119,Phát triển ứng dụng trợ lý ảo cho việc lập kế hoạch cá nhân,Nghiên cứu và triển khai công nghệ xử lý ngôn ngữ tự nhiên,0,NONE
3120,Phát triển ứng dụng trợ lý ảo cho việc lập kế hoạch cá nhân,Tối ưu hóa và cải thiện hiệu suất hệ thống điều khiển đồng thời,0,NONE
3121,Phát triển ứng dụng trợ lý ảo cho việc lập kế hoạch cá nhân,Xây dựng hệ thống quản lý đào tạo và đánh giá nhân viên,0,NONE
3122,Phát triển ứng dụng trợ lý ảo cho việc lập kế hoạch cá nhân,Phát triển ứng dụng di động cho việc quản lý chi tiêu,0,NONE
3123,Phát triển ứng dụng trợ lý ảo cho việc lập kế hoạch cá nhân,Nghiên cứu và triển khai công nghệ trí tuệ nhân tạo trong ứng dụng thương mại điện tử,0,NONE
3124,Phát triển ứng dụng trợ lý ảo cho việc lập kế hoạch cá nhân,Tối ưu hóa và phân tích thuật toán Machine Learning sử dụng dữ liệu lớn,0,NONE
3125,Phát triển ứng dụng trợ lý ảo cho việc lập kế hoạch cá nhân,Xây dựng hệ thống quản lý chất lượng dịch vụ trực tuyến,0,NONE
3126,Phát triển ứng dụng trợ lý ảo cho việc lập kế hoạch cá nhân,Phát triển ứng dụng di động cho việc quản lý việc mua sắm,0,NONE
3127,Phát triển ứng dụng trợ lý ảo cho việc lập kế hoạch cá nhân,Nghiên cứu và triển khai công nghệ trích xuất dữ liệu từ các tài liệu văn bản,0,NONE
3128,Phát triển ứng dụng trợ lý ảo cho việc lập kế hoạch cá nhân,Tối ưu hóa và cải thiện hiệu suất hệ thống điều khiển thiết bị IoT,0,NONE
3129,Phát triển ứng dụng trợ lý ảo cho việc lập kế hoạch cá nhân,Xây dựng hệ thống quản lý tài nguyên con người trực tuyến,0,NONE
3130,Phát triển ứng dụng trợ lý ảo cho việc lập kế hoạch cá nhân,Phát triển ứng dụng di động cho việc quản lý công việc nhóm,0,NONE
3131,Phát triển ứng dụng trợ lý ảo cho việc lập kế hoạch cá nhân,Nghiên cứu và triển khai công nghệ dự đoán và phân loại dữ liệu,0,NONE
3132,Phát triển ứng dụng trợ lý ảo cho việc lập kế hoạch cá nhân,Tối ưu hóa và phân tích thuật toán tối ưu trong quản lý dự án,0,NONE
3133,Phát triển ứng dụng trợ lý ảo cho việc lập kế hoạch cá nhân,Xây dựng hệ thống quản lý vận hành nhà máy trực tuyến,0,NONE
3134,Phát triển ứng dụng trợ lý ảo cho việc lập kế hoạch cá nhân,Phát triển ứng dụng di động cho việc học và rèn luyện kỹ năng,0,NONE
3135,Phát triển ứng dụng trợ lý ảo cho việc lập kế hoạch cá nhân,Nghiên cứu và triển khai công nghệ trí tuệ nhân tạo trong lĩnh vực giáo dục,0,NONE
3136,Phát triển ứng dụng trợ lý ảo cho việc lập kế hoạch cá nhân,Tối ưu hóa và cải thiện hiệu suất hệ thống quản lý lưu trữ dữ liệu,0,NONE
3137,Phát triển ứng dụng trợ lý ảo cho việc lập kế hoạch cá nhân,Xây dựng hệ thống quản lý dự án phân tán và đa nền tảng,0,NONE
3138,Phát triển ứng dụng trợ lý ảo cho việc lập kế hoạch cá nhân,Phát triển ứng dụng di động cho việc quản lý việc du lịch,1,LOW
3139,Phát triển ứng dụng trợ lý ảo cho việc lập kế hoạch cá nhân,Nghiên cứu và triển khai công nghệ trí tuệ nhân tạo trong việc dự đoán thị trường tài chính,0,NONE
3140,Phát triển ứng dụng trợ lý ảo cho việc lập kế hoạch cá nhân,Tối ưu hóa và phân tích thuật toán trong lĩnh vực trích xuất thông tin từ ảnh và video,0,NONE
3141,Phát triển ứng dụng trợ lý ảo cho việc lập kế hoạch cá nhân,Xây dựng hệ thống quản lý tài nguyên nhân sự trực tuyến,0,NONE
3142,Phát triển ứng dụng trợ lý ảo cho việc lập kế hoạch cá nhân,Phát triển ứng dụng di động cho việc quản lý sức khỏe và thể dục,0,NONE
3143,Phát triển ứng dụng trợ lý ảo cho việc lập kế hoạch cá nhân,Nghiên cứu và triển khai công nghệ dự đoán và phân tích dữ liệu lớn,0,NONE
3144,Phát triển ứng dụng trợ lý ảo cho việc lập kế hoạch cá nhân,Tối ưu hóa và cải thiện hiệu suất hệ thống truyền thông đa phương tiện,0,NONE
3145,Phát triển ứng dụng trợ lý ảo cho việc lập kế hoạch cá nhân,Xây dựng hệ thống quản lý hoạt động bán lẻ trực tuyến,0,NONE
3146,Phát triển ứng dụng trợ lý ảo cho việc lập kế hoạch cá nhân,Phát triển ứng dụng di động cho việc quản lý tài sản cá nhân,1,LOW
3147,Phát triển ứng dụng trợ lý ảo cho việc lập kế hoạch cá nhân,Nghiên cứu và triển khai công nghệ trí tuệ nhân tạo trong việc tối ưu hóa quá trình sản xuất,0,NONE
3148,Phát triển ứng dụng trợ lý ảo cho việc lập kế hoạch cá nhân,Tối ưu hóa và phân tích thuật toán Machine Learning trong việc dự đoán xu hướng thị trường,0,NONE
3149,Phát triển ứng dụng trợ lý ảo cho việc lập kế hoạch cá nhân,Xây dựng hệ thống quản lý học tập và đào tạo trực tuyến,0,NONE
3150,Phát triển ứng dụng trợ lý ảo cho việc lập kế hoạch cá nhân,Phát triển ứng dụng di động cho việc quản lý lịch trình cá nhân,1,LOW
3151,Phát triển ứng dụng trợ lý ảo cho việc lập kế hoạch cá nhân,Nghiên cứu và triển khai công nghệ xử lý ngôn ngữ tự nhiên trong ứng dụng di động,0,NONE
3152,Phát triển ứng dụng trợ lý ảo cho việc lập kế hoạch cá nhân,Tối ưu hóa và cải thiện hiệu suất hệ thống điều khiển tự động bằng Machine Learning,0,NONE
3153,Phát triển ứng dụng trợ lý ảo cho việc lập kế hoạch cá nhân,Xây dựng hệ thống quản lý dự án trực tuyến dành cho ngành xây dựng,0,NONE
3154,Phát triển ứng dụng trợ lý ảo cho việc lập kế hoạch cá nhân,Phát triển ứng dụng di động cho việc quản lý việc thực hiện dự án,0,NONE
3155,Phát triển ứng dụng trợ lý ảo cho việc lập kế hoạch cá nhân,Nghiên cứu và triển khai công nghệ trích xuất thông tin từ các tài liệu kỹ thuật,0,NONE
3156,Phát triển ứng dụng trợ lý ảo cho việc lập kế hoạch cá nhân,Tối ưu hóa và phân tích thuật toán tìm kiếm thông tin trong dữ liệu lớn,0,NONE
3157,Phát triển ứng dụng trợ lý ảo cho việc lập kế hoạch cá nhân,Xây dựng hệ thống quản lý dự án phân tán và đa ngôn ngữ,0,NONE
3158,Phát triển ứng dụng trợ lý ảo cho việc lập kế hoạch cá nhân,Phát triển ứng dụng di động cho việc quản lý công việc trong doanh nghiệp,0,NONE
3159,Phát triển ứng dụng trợ lý ảo cho việc lập kế hoạch cá nhân,Nghiên cứu và triển khai công nghệ trí tuệ nhân tạo trong việc tự động hóa quy trình sản xuất,0,NONE
3160,Phát triển ứng dụng trợ lý ảo cho việc lập kế hoạch cá nhân,Tối ưu hóa và cải thiện hiệu suất hệ thống truyền thông âm thanh/viễn thông,0,NONE
3161,Phát triển ứng dụng trợ lý ảo cho việc lập kế hoạch cá nhân,Xây dựng hệ thống quản lý đối tác và khách hàng trực tuyến,0,NONE
3162,Phát triển ứng dụng trợ lý ảo cho việc lập kế hoạch cá nhân,Phát triển ứng dụng di động cho việc quản lý tài chính cá nhân và đầu tư,1,LOW
3163,Phát triển ứng dụng trợ lý ảo cho việc lập kế hoạch cá nhân,Nghiên cứu và triển khai công nghệ dự đoán và phân loại trong việc quản lý dữ liệu,0,NONE
3164,Phát triển ứng dụng trợ lý ảo cho việc lập kế hoạch cá nhân,Tối ưu hóa và phân tích thuật toán Machine Learning trong việc dự đoán xu hướng người dùng,0,NONE
3165,Phát triển ứng dụng trợ lý ảo cho việc lập kế hoạch cá nhân,Xây dựng hệ thống quản lý nhà trường và đào tạo trực tuyến,0,NONE
3166,Phát triển ứng dụng trợ lý ảo cho việc lập kế hoạch cá nhân,Phát triển ứng dụng di động cho việc quản lý việc giải trí và giải trí,0,NONE
3167,Phát triển ứng dụng trợ lý ảo cho việc lập kế hoạch cá nhân,Nghiên cứu và triển khai công nghệ trích xuất dữ liệu từ các tài liệu văn bản kỹ thuật,0,NONE
3168,Phát triển ứng dụng trợ lý ảo cho việc lập kế hoạch cá nhân,Tối ưu hóa và cải thiện hiệu suất hệ thống truyền thông dữ liệu lớn,0,NONE
3169,Phát triển ứng dụng trợ lý ảo cho việc lập kế hoạch cá nhân,Xây dựng hệ thống quản lý dự án phân tán và đa nền tảng dành cho doanh nghiệp,0,NONE
3170,Phát triển ứng dụng trợ lý ảo cho việc lập kế hoạch cá nhân,Phát triển ứng dụng di động cho việc quản lý việc kinh doanh và doanh nghiệp,0,NONE
3171,Phát triển ứng dụng trợ lý ảo cho việc lập kế hoạch cá nhân,Nghiên cứu và triển khai công nghệ trí tuệ nhân tạo trong việc cải thiện quá trình sản xuất,0,NONE
3172,Phát triển ứng dụng trợ lý ảo cho việc lập kế hoạch cá nhân,Tối ưu hóa và phân tích thuật toán tìm kiếm thông tin trong ứng dụng di động,0,NONE
3173,Phát triển ứng dụng trợ lý ảo cho việc lập kế hoạch cá nhân,Xây dựng hệ thống quản lý dự án phân tán và đa nền tảng dành cho ngành quảng cáo và marketing,0,NONE
3174,Phát triển ứng dụng trợ lý ảo cho việc lập kế hoạch cá nhân,Phát triển ứng dụng di động cho việc quản lý việc kinh doanh và bán hàng,0,NONE
3175,Phát triển ứng dụng trợ lý ảo cho việc lập kế hoạch cá nhân,Nghiên cứu và triển khai công nghệ xử lý ngôn ngữ tự nhiên trong ứng dụng web,0,NONE
3176,Phát triển ứng dụng trợ lý ảo cho việc lập kế hoạch cá nhân,Tối ưu hóa và cải thiện hiệu suất hệ thống điều khiển tự động trong môi trường công nghiệp,0,NONE
3177,Phát triển ứng dụng trợ lý ảo cho việc lập kế hoạch cá nhân,Xây dựng hệ thống quản lý tài chính và thu chi cá nhân trực tuyến,0,NONE
3178,Phát triển ứng dụng trợ lý ảo cho việc lập kế hoạch cá nhân,Phát triển ứng dụng di động cho việc quản lý việc học tập và nghiên cứu,1,LOW
3179,Phát triển ứng dụng trợ lý ảo cho việc lập kế hoạch cá nhân,Nghiên cứu và triển khai công nghệ trí tuệ nhân tạo trong việc tối ưu hóa dự đoán thị trường tài chính,0,NONE
3180,Phát triển ứng dụng trợ lý ảo cho việc lập kế hoạch cá nhân,Tối ưu hóa và phân tích thuật toán Machine Learning trong việc dự đoán xu hướng kỹ thuật số,0,NONE
3181,Phát triển ứng dụng trợ lý ảo cho việc lập kế hoạch cá nhân,Xây dựng hệ thống quản lý sản xuất và lịch trình sản xuất trực tuyến,0,NONE
3182,Phát triển ứng dụng trợ lý ảo cho việc lập kế hoạch cá nhân,Phát triển ứng dụng di động cho việc quản lý việc học và đào tạo,1,LOW
3183,Phát triển ứng dụng trợ lý ảo cho việc lập kế hoạch cá nhân,Nghiên cứu và triển khai công nghệ trích xuất thông tin từ ảnh và video kỹ thuật số,0,NONE